task_id,province,area_code,area_name,level,kind,task_status,query,evidence_url,note
police-110000,北京,110000,北京市,province,police,pending_discovery,北京 北京市 公安局 公安分局 政府信息公开 官方网站,https://www.mca.gov.cn/mzsj/xzqh/2025/202401xzqh.html,行政区划覆盖任务，不是已确认公安机构；区划变更及一对多机构关系须核实
police-110101,北京,110101,东城区,county,police,pending_discovery,北京 东城区 公安局 公安分局 政府信息公开 官方网站,https://www.mca.gov.cn/mzsj/xzqh/2025/202401xzqh.html,行政区划覆盖任务，不是已确认公安机构；区划变更及一对多机构关系须核实
police-110102,北京,110102,西城区,county,police,pending_discovery,北京 西城区 公安局 公安分局 政府信息公开 官方网站,https://www.mca.gov.cn/mzsj/xzqh/2025/202401xzqh.html,行政区划覆盖任务，不是已确认公安机构；区划变更及一对多机构关系须核实
police-110105,北京,110105,朝阳区,county,police,pending_discovery,北京 朝阳区 公安局 公安分局 政府信息公开 官方网站,https://www.mca.gov.cn/mzsj/xzqh/2025/202401xzqh.html,行政区划覆盖任务，不是已确认公安机构；区划变更及一对多机构关系须核实
police-110106,北京,110106,丰台区,county,police,pending_discovery,北京 丰台区 公安局 公安分局 政府信息公开 官方网站,https://www.mca.gov.cn/mzsj/xzqh/2025/202401xzqh.html,行政区划覆盖任务，不是已确认公安机构；区划变更及一对多机构关系须核实
police-110107,北京,110107,石景山区,county,police,pending_discovery,北京 石景山区 公安局 公安分局 政府信息公开 官方网站,https://www.mca.gov.cn/mzsj/xzqh/2025/202401xzqh.html,行政区划覆盖任务，不是已确认公安机构；区划变更及一对多机构关系须核实
police-110108,北京,110108,海淀区,county,police,pending_discovery,北京 海淀区 公安局 公安分局 政府信息公开 官方网站,https://www.mca.gov.cn/mzsj/xzqh/2025/202401xzqh.html,行政区划覆盖任务，不是已确认公安机构；区划变更及一对多机构关系须核实
police-110109,北京,110109,门头沟区,county,police,pending_discovery,北京 门头沟区 公安局 公安分局 政府信息公开 官方网站,https://www.mca.gov.cn/mzsj/xzqh/2025/202401xzqh.html,行政区划覆盖任务，不是已确认公安机构；区划变更及一对多机构关系须核实
police-110111,北京,110111,房山区,county,police,pending_discovery,北京 房山区 公安局 公安分局 政府信息公开 官方网站,https://www.mca.gov.cn/mzsj/xzqh/2025/202401xzqh.html,行政区划覆盖任务，不是已确认公安机构；区划变更及一对多机构关系须核实
police-110112,北京,110112,通州区,county,police,pending_discovery,北京 通州区 公安局 公安分局 政府信息公开 官方网站,https://www.mca.gov.cn/mzsj/xzqh/2025/202401xzqh.html,行政区划覆盖任务，不是已确认公安机构；区划变更及一对多机构关系须核实
police-110113,北京,110113,顺义区,county,police,pending_discovery,北京 顺义区 公安局 公安分局 政府信息公开 官方网站,https://www.mca.gov.cn/mzsj/xzqh/2025/202401xzqh.html,行政区划覆盖任务，不是已确认公安机构；区划变更及一对多机构关系须核实
police-110114,北京,110114,昌平区,county,police,pending_discovery,北京 昌平区 公安局 公安分局 政府信息公开 官方网站,https://www.mca.gov.cn/mzsj/xzqh/2025/202401xzqh.html,行政区划覆盖任务，不是已确认公安机构；区划变更及一对多机构关系须核实
police-110115,北京,110115,大兴区,county,police,pending_discovery,北京 大兴区 公安局 公安分局 政府信息公开 官方网站,https://www.mca.gov.cn/mzsj/xzqh/2025/202401xzqh.html,行政区划覆盖任务，不是已确认公安机构；区划变更及一对多机构关系须核实
police-110116,北京,110116,怀柔区,county,police,pending_discovery,北京 怀柔区 公安局 公安分局 政府信息公开 官方网站,https://www.mca.gov.cn/mzsj/xzqh/2025/202401xzqh.html,行政区划覆盖任务，不是已确认公安机构；区划变更及一对多机构关系须核实
police-110117,北京,110117,平谷区,county,police,pending_discovery,北京 平谷区 公安局 公安分局 政府信息公开 官方网站,https://www.mca.gov.cn/mzsj/xzqh/2025/202401xzqh.html,行政区划覆盖任务，不是已确认公安机构；区划变更及一对多机构关系须核实
police-110118,北京,110118,密云区,county,police,pending_discovery,北京 密云区 公安局 公安分局 政府信息公开 官方网站,https://www.mca.gov.cn/mzsj/xzqh/2025/202401xzqh.html,行政区划覆盖任务，不是已确认公安机构；区划变更及一对多机构关系须核实
police-110119,北京,110119,延庆区,county,police,pending_discovery,北京 延庆区 公安局 公安分局 政府信息公开 官方网站,https://www.mca.gov.cn/mzsj/xzqh/2025/202401xzqh.html,行政区划覆盖任务，不是已确认公安机构；区划变更及一对多机构关系须核实
police-120000,天津,120000,天津市,province,police,pending_discovery,天津 天津市 公安局 公安分局 政府信息公开 官方网站,https://www.mca.gov.cn/mzsj/xzqh/2025/202401xzqh.html,行政区划覆盖任务，不是已确认公安机构；区划变更及一对多机构关系须核实
police-120101,天津,120101,和平区,county,police,pending_discovery,天津 和平区 公安局 公安分局 政府信息公开 官方网站,https://www.mca.gov.cn/mzsj/xzqh/2025/202401xzqh.html,行政区划覆盖任务，不是已确认公安机构；区划变更及一对多机构关系须核实
police-120102,天津,120102,河东区,county,police,pending_discovery,天津 河东区 公安局 公安分局 政府信息公开 官方网站,https://www.mca.gov.cn/mzsj/xzqh/2025/202401xzqh.html,行政区划覆盖任务，不是已确认公安机构；区划变更及一对多机构关系须核实
police-120103,天津,120103,河西区,county,police,pending_discovery,天津 河西区 公安局 公安分局 政府信息公开 官方网站,https://www.mca.gov.cn/mzsj/xzqh/2025/202401xzqh.html,行政区划覆盖任务，不是已确认公安机构；区划变更及一对多机构关系须核实
police-120104,天津,120104,南开区,county,police,pending_discovery,天津 南开区 公安局 公安分局 政府信息公开 官方网站,https://www.mca.gov.cn/mzsj/xzqh/2025/202401xzqh.html,行政区划覆盖任务，不是已确认公安机构；区划变更及一对多机构关系须核实
police-120105,天津,120105,河北区,county,police,pending_discovery,天津 河北区 公安局 公安分局 政府信息公开 官方网站,https://www.mca.gov.cn/mzsj/xzqh/2025/202401xzqh.html,行政区划覆盖任务，不是已确认公安机构；区划变更及一对多机构关系须核实
police-120106,天津,120106,红桥区,county,police,pending_discovery,天津 红桥区 公安局 公安分局 政府信息公开 官方网站,https://www.mca.gov.cn/mzsj/xzqh/2025/202401xzqh.html,行政区划覆盖任务，不是已确认公安机构；区划变更及一对多机构关系须核实
police-120110,天津,120110,东丽区,county,police,pending_discovery,天津 东丽区 公安局 公安分局 政府信息公开 官方网站,https://www.mca.gov.cn/mzsj/xzqh/2025/202401xzqh.html,行政区划覆盖任务，不是已确认公安机构；区划变更及一对多机构关系须核实
police-120111,天津,120111,西青区,county,police,pending_discovery,天津 西青区 公安局 公安分局 政府信息公开 官方网站,https://www.mca.gov.cn/mzsj/xzqh/2025/202401xzqh.html,行政区划覆盖任务，不是已确认公安机构；区划变更及一对多机构关系须核实
police-120112,天津,120112,津南区,county,police,pending_discovery,天津 津南区 公安局 公安分局 政府信息公开 官方网站,https://www.mca.gov.cn/mzsj/xzqh/2025/202401xzqh.html,行政区划覆盖任务，不是已确认公安机构；区划变更及一对多机构关系须核实
police-120113,天津,120113,北辰区,county,police,pending_discovery,天津 北辰区 公安局 公安分局 政府信息公开 官方网站,https://www.mca.gov.cn/mzsj/xzqh/2025/202401xzqh.html,行政区划覆盖任务，不是已确认公安机构；区划变更及一对多机构关系须核实
police-120114,天津,120114,武清区,county,police,pending_discovery,天津 武清区 公安局 公安分局 政府信息公开 官方网站,https://www.mca.gov.cn/mzsj/xzqh/2025/202401xzqh.html,行政区划覆盖任务，不是已确认公安机构；区划变更及一对多机构关系须核实
police-120115,天津,120115,宝坻区,county,police,pending_discovery,天津 宝坻区 公安局 公安分局 政府信息公开 官方网站,https://www.mca.gov.cn/mzsj/xzqh/2025/202401xzqh.html,行政区划覆盖任务，不是已确认公安机构；区划变更及一对多机构关系须核实
police-120116,天津,120116,滨海新区,county,police,pending_discovery,天津 滨海新区 公安局 公安分局 政府信息公开 官方网站,https://www.mca.gov.cn/mzsj/xzqh/2025/202401xzqh.html,行政区划覆盖任务，不是已确认公安机构；区划变更及一对多机构关系须核实
police-120117,天津,120117,宁河区,county,police,pending_discovery,天津 宁河区 公安局 公安分局 政府信息公开 官方网站,https://www.mca.gov.cn/mzsj/xzqh/2025/202401xzqh.html,行政区划覆盖任务，不是已确认公安机构；区划变更及一对多机构关系须核实
police-120118,天津,120118,静海区,county,police,pending_discovery,天津 静海区 公安局 公安分局 政府信息公开 官方网站,https://www.mca.gov.cn/mzsj/xzqh/2025/202401xzqh.html,行政区划覆盖任务，不是已确认公安机构；区划变更及一对多机构关系须核实
police-120119,天津,120119,蓟州区,county,police,pending_discovery,天津 蓟州区 公安局 公安分局 政府信息公开 官方网站,https://www.mca.gov.cn/mzsj/xzqh/2025/202401xzqh.html,行政区划覆盖任务，不是已确认公安机构；区划变更及一对多机构关系须核实
police-130000,河北,130000,河北省,province,police,pending_discovery,河北 河北省 公安局 公安分局 政府信息公开 官方网站,https://www.mca.gov.cn/mzsj/xzqh/2025/202401xzqh.html,行政区划覆盖任务，不是已确认公安机构；区划变更及一对多机构关系须核实
police-130100,河北,130100,石家庄市,prefecture,police,pending_discovery,河北 石家庄市 公安局 公安分局 政府信息公开 官方网站,https://www.mca.gov.cn/mzsj/xzqh/2025/202401xzqh.html,行政区划覆盖任务，不是已确认公安机构；区划变更及一对多机构关系须核实
police-130102,河北,130102,长安区,county,police,pending_discovery,河北 长安区 公安局 公安分局 政府信息公开 官方网站,https://www.mca.gov.cn/mzsj/xzqh/2025/202401xzqh.html,行政区划覆盖任务，不是已确认公安机构；区划变更及一对多机构关系须核实
police-130104,河北,130104,桥西区,county,police,pending_discovery,河北 桥西区 公安局 公安分局 政府信息公开 官方网站,https://www.mca.gov.cn/mzsj/xzqh/2025/202401xzqh.html,行政区划覆盖任务，不是已确认公安机构；区划变更及一对多机构关系须核实
police-130105,河北,130105,新华区,county,police,pending_discovery,河北 新华区 公安局 公安分局 政府信息公开 官方网站,https://www.mca.gov.cn/mzsj/xzqh/2025/202401xzqh.html,行政区划覆盖任务，不是已确认公安机构；区划变更及一对多机构关系须核实
police-130107,河北,130107,井陉矿区,county,police,pending_discovery,河北 井陉矿区 公安局 公安分局 政府信息公开 官方网站,https://www.mca.gov.cn/mzsj/xzqh/2025/202401xzqh.html,行政区划覆盖任务，不是已确认公安机构；区划变更及一对多机构关系须核实
police-130108,河北,130108,裕华区,county,police,pending_discovery,河北 裕华区 公安局 公安分局 政府信息公开 官方网站,https://www.mca.gov.cn/mzsj/xzqh/2025/202401xzqh.html,行政区划覆盖任务，不是已确认公安机构；区划变更及一对多机构关系须核实
police-130109,河北,130109,藁城区,county,police,pending_discovery,河北 藁城区 公安局 公安分局 政府信息公开 官方网站,https://www.mca.gov.cn/mzsj/xzqh/2025/202401xzqh.html,行政区划覆盖任务，不是已确认公安机构；区划变更及一对多机构关系须核实
police-130110,河北,130110,鹿泉区,county,police,pending_discovery,河北 鹿泉区 公安局 公安分局 政府信息公开 官方网站,https://www.mca.gov.cn/mzsj/xzqh/2025/202401xzqh.html,行政区划覆盖任务，不是已确认公安机构；区划变更及一对多机构关系须核实
police-130111,河北,130111,栾城区,county,police,pending_discovery,河北 栾城区 公安局 公安分局 政府信息公开 官方网站,https://www.mca.gov.cn/mzsj/xzqh/2025/202401xzqh.html,行政区划覆盖任务，不是已确认公安机构；区划变更及一对多机构关系须核实
police-130121,河北,130121,井陉县,county,police,pending_discovery,河北 井陉县 公安局 公安分局 政府信息公开 官方网站,https://www.mca.gov.cn/mzsj/xzqh/2025/202401xzqh.html,行政区划覆盖任务，不是已确认公安机构；区划变更及一对多机构关系须核实
police-130123,河北,130123,正定县,county,police,pending_discovery,河北 正定县 公安局 公安分局 政府信息公开 官方网站,https://www.mca.gov.cn/mzsj/xzqh/2025/202401xzqh.html,行政区划覆盖任务，不是已确认公安机构；区划变更及一对多机构关系须核实
police-130125,河北,130125,行唐县,county,police,pending_discovery,河北 行唐县 公安局 公安分局 政府信息公开 官方网站,https://www.mca.gov.cn/mzsj/xzqh/2025/202401xzqh.html,行政区划覆盖任务，不是已确认公安机构；区划变更及一对多机构关系须核实
police-130126,河北,130126,灵寿县,county,police,pending_discovery,河北 灵寿县 公安局 公安分局 政府信息公开 官方网站,https://www.mca.gov.cn/mzsj/xzqh/2025/202401xzqh.html,行政区划覆盖任务，不是已确认公安机构；区划变更及一对多机构关系须核实
police-130127,河北,130127,高邑县,county,police,pending_discovery,河北 高邑县 公安局 公安分局 政府信息公开 官方网站,https://www.mca.gov.cn/mzsj/xzqh/2025/202401xzqh.html,行政区划覆盖任务，不是已确认公安机构；区划变更及一对多机构关系须核实
police-130128,河北,130128,深泽县,county,police,pending_discovery,河北 深泽县 公安局 公安分局 政府信息公开 官方网站,https://www.mca.gov.cn/mzsj/xzqh/2025/202401xzqh.html,行政区划覆盖任务，不是已确认公安机构；区划变更及一对多机构关系须核实
police-130129,河北,130129,赞皇县,county,police,pending_discovery,河北 赞皇县 公安局 公安分局 政府信息公开 官方网站,https://www.mca.gov.cn/mzsj/xzqh/2025/202401xzqh.html,行政区划覆盖任务，不是已确认公安机构；区划变更及一对多机构关系须核实
police-130130,河北,130130,无极县,county,police,pending_discovery,河北 无极县 公安局 公安分局 政府信息公开 官方网站,https://www.mca.gov.cn/mzsj/xzqh/2025/202401xzqh.html,行政区划覆盖任务，不是已确认公安机构；区划变更及一对多机构关系须核实
police-130131,河北,130131,平山县,county,police,pending_discovery,河北 平山县 公安局 公安分局 政府信息公开 官方网站,https://www.mca.gov.cn/mzsj/xzqh/2025/202401xzqh.html,行政区划覆盖任务，不是已确认公安机构；区划变更及一对多机构关系须核实
police-130132,河北,130132,元氏县,county,police,pending_discovery,河北 元氏县 公安局 公安分局 政府信息公开 官方网站,https://www.mca.gov.cn/mzsj/xzqh/2025/202401xzqh.html,行政区划覆盖任务，不是已确认公安机构；区划变更及一对多机构关系须核实
police-130133,河北,130133,赵县,county,police,pending_discovery,河北 赵县 公安局 公安分局 政府信息公开 官方网站,https://www.mca.gov.cn/mzsj/xzqh/2025/202401xzqh.html,行政区划覆盖任务，不是已确认公安机构；区划变更及一对多机构关系须核实
police-130181,河北,130181,辛集市,county,police,pending_discovery,河北 辛集市 公安局 公安分局 政府信息公开 官方网站,https://www.mca.gov.cn/mzsj/xzqh/2025/202401xzqh.html,行政区划覆盖任务，不是已确认公安机构；区划变更及一对多机构关系须核实
police-130183,河北,130183,晋州市,county,police,pending_discovery,河北 晋州市 公安局 公安分局 政府信息公开 官方网站,https://www.mca.gov.cn/mzsj/xzqh/2025/202401xzqh.html,行政区划覆盖任务，不是已确认公安机构；区划变更及一对多机构关系须核实
police-130184,河北,130184,新乐市,county,police,pending_discovery,河北 新乐市 公安局 公安分局 政府信息公开 官方网站,https://www.mca.gov.cn/mzsj/xzqh/2025/202401xzqh.html,行政区划覆盖任务，不是已确认公安机构；区划变更及一对多机构关系须核实
police-130200,河北,130200,唐山市,prefecture,police,pending_discovery,河北 唐山市 公安局 公安分局 政府信息公开 官方网站,https://www.mca.gov.cn/mzsj/xzqh/2025/202401xzqh.html,行政区划覆盖任务，不是已确认公安机构；区划变更及一对多机构关系须核实
police-130202,河北,130202,路南区,county,police,pending_discovery,河北 路南区 公安局 公安分局 政府信息公开 官方网站,https://www.mca.gov.cn/mzsj/xzqh/2025/202401xzqh.html,行政区划覆盖任务，不是已确认公安机构；区划变更及一对多机构关系须核实
police-130203,河北,130203,路北区,county,police,pending_discovery,河北 路北区 公安局 公安分局 政府信息公开 官方网站,https://www.mca.gov.cn/mzsj/xzqh/2025/202401xzqh.html,行政区划覆盖任务，不是已确认公安机构；区划变更及一对多机构关系须核实
police-130204,河北,130204,古冶区,county,police,pending_discovery,河北 古冶区 公安局 公安分局 政府信息公开 官方网站,https://www.mca.gov.cn/mzsj/xzqh/2025/202401xzqh.html,行政区划覆盖任务，不是已确认公安机构；区划变更及一对多机构关系须核实
police-130205,河北,130205,开平区,county,police,pending_discovery,河北 开平区 公安局 公安分局 政府信息公开 官方网站,https://www.mca.gov.cn/mzsj/xzqh/2025/202401xzqh.html,行政区划覆盖任务，不是已确认公安机构；区划变更及一对多机构关系须核实
police-130207,河北,130207,丰南区,county,police,pending_discovery,河北 丰南区 公安局 公安分局 政府信息公开 官方网站,https://www.mca.gov.cn/mzsj/xzqh/2025/202401xzqh.html,行政区划覆盖任务，不是已确认公安机构；区划变更及一对多机构关系须核实
police-130208,河北,130208,丰润区,county,police,pending_discovery,河北 丰润区 公安局 公安分局 政府信息公开 官方网站,https://www.mca.gov.cn/mzsj/xzqh/2025/202401xzqh.html,行政区划覆盖任务，不是已确认公安机构；区划变更及一对多机构关系须核实
police-130209,河北,130209,曹妃甸区,county,police,pending_discovery,河北 曹妃甸区 公安局 公安分局 政府信息公开 官方网站,https://www.mca.gov.cn/mzsj/xzqh/2025/202401xzqh.html,行政区划覆盖任务，不是已确认公安机构；区划变更及一对多机构关系须核实
police-130224,河北,130224,滦南县,county,police,pending_discovery,河北 滦南县 公安局 公安分局 政府信息公开 官方网站,https://www.mca.gov.cn/mzsj/xzqh/2025/202401xzqh.html,行政区划覆盖任务，不是已确认公安机构；区划变更及一对多机构关系须核实
police-130225,河北,130225,乐亭县,county,police,pending_discovery,河北 乐亭县 公安局 公安分局 政府信息公开 官方网站,https://www.mca.gov.cn/mzsj/xzqh/2025/202401xzqh.html,行政区划覆盖任务，不是已确认公安机构；区划变更及一对多机构关系须核实
police-130227,河北,130227,迁西县,county,police,pending_discovery,河北 迁西县 公安局 公安分局 政府信息公开 官方网站,https://www.mca.gov.cn/mzsj/xzqh/2025/202401xzqh.html,行政区划覆盖任务，不是已确认公安机构；区划变更及一对多机构关系须核实
police-130229,河北,130229,玉田县,county,police,pending_discovery,河北 玉田县 公安局 公安分局 政府信息公开 官方网站,https://www.mca.gov.cn/mzsj/xzqh/2025/202401xzqh.html,行政区划覆盖任务，不是已确认公安机构；区划变更及一对多机构关系须核实
police-130281,河北,130281,遵化市,county,police,pending_discovery,河北 遵化市 公安局 公安分局 政府信息公开 官方网站,https://www.mca.gov.cn/mzsj/xzqh/2025/202401xzqh.html,行政区划覆盖任务，不是已确认公安机构；区划变更及一对多机构关系须核实
police-130283,河北,130283,迁安市,county,police,pending_discovery,河北 迁安市 公安局 公安分局 政府信息公开 官方网站,https://www.mca.gov.cn/mzsj/xzqh/2025/202401xzqh.html,行政区划覆盖任务，不是已确认公安机构；区划变更及一对多机构关系须核实
police-130284,河北,130284,滦州市,county,police,pending_discovery,河北 滦州市 公安局 公安分局 政府信息公开 官方网站,https://www.mca.gov.cn/mzsj/xzqh/2025/202401xzqh.html,行政区划覆盖任务，不是已确认公安机构；区划变更及一对多机构关系须核实
police-130300,河北,130300,秦皇岛市,prefecture,police,pending_discovery,河北 秦皇岛市 公安局 公安分局 政府信息公开 官方网站,https://www.mca.gov.cn/mzsj/xzqh/2025/202401xzqh.html,行政区划覆盖任务，不是已确认公安机构；区划变更及一对多机构关系须核实
police-130302,河北,130302,海港区,county,police,pending_discovery,河北 海港区 公安局 公安分局 政府信息公开 官方网站,https://www.mca.gov.cn/mzsj/xzqh/2025/202401xzqh.html,行政区划覆盖任务，不是已确认公安机构；区划变更及一对多机构关系须核实
police-130303,河北,130303,山海关区,county,police,pending_discovery,河北 山海关区 公安局 公安分局 政府信息公开 官方网站,https://www.mca.gov.cn/mzsj/xzqh/2025/202401xzqh.html,行政区划覆盖任务，不是已确认公安机构；区划变更及一对多机构关系须核实
police-130304,河北,130304,北戴河区,county,police,pending_discovery,河北 北戴河区 公安局 公安分局 政府信息公开 官方网站,https://www.mca.gov.cn/mzsj/xzqh/2025/202401xzqh.html,行政区划覆盖任务，不是已确认公安机构；区划变更及一对多机构关系须核实
police-130306,河北,130306,抚宁区,county,police,pending_discovery,河北 抚宁区 公安局 公安分局 政府信息公开 官方网站,https://www.mca.gov.cn/mzsj/xzqh/2025/202401xzqh.html,行政区划覆盖任务，不是已确认公安机构；区划变更及一对多机构关系须核实
police-130321,河北,130321,青龙满族自治县,county,police,pending_discovery,河北 青龙满族自治县 公安局 公安分局 政府信息公开 官方网站,https://www.mca.gov.cn/mzsj/xzqh/2025/202401xzqh.html,行政区划覆盖任务，不是已确认公安机构；区划变更及一对多机构关系须核实
police-130322,河北,130322,昌黎县,county,police,pending_discovery,河北 昌黎县 公安局 公安分局 政府信息公开 官方网站,https://www.mca.gov.cn/mzsj/xzqh/2025/202401xzqh.html,行政区划覆盖任务，不是已确认公安机构；区划变更及一对多机构关系须核实
police-130324,河北,130324,卢龙县,county,police,pending_discovery,河北 卢龙县 公安局 公安分局 政府信息公开 官方网站,https://www.mca.gov.cn/mzsj/xzqh/2025/202401xzqh.html,行政区划覆盖任务，不是已确认公安机构；区划变更及一对多机构关系须核实
police-130400,河北,130400,邯郸市,prefecture,police,pending_discovery,河北 邯郸市 公安局 公安分局 政府信息公开 官方网站,https://www.mca.gov.cn/mzsj/xzqh/2025/202401xzqh.html,行政区划覆盖任务，不是已确认公安机构；区划变更及一对多机构关系须核实
police-130402,河北,130402,邯山区,county,police,pending_discovery,河北 邯山区 公安局 公安分局 政府信息公开 官方网站,https://www.mca.gov.cn/mzsj/xzqh/2025/202401xzqh.html,行政区划覆盖任务，不是已确认公安机构；区划变更及一对多机构关系须核实
police-130403,河北,130403,丛台区,county,police,pending_discovery,河北 丛台区 公安局 公安分局 政府信息公开 官方网站,https://www.mca.gov.cn/mzsj/xzqh/2025/202401xzqh.html,行政区划覆盖任务，不是已确认公安机构；区划变更及一对多机构关系须核实
police-130404,河北,130404,复兴区,county,police,pending_discovery,河北 复兴区 公安局 公安分局 政府信息公开 官方网站,https://www.mca.gov.cn/mzsj/xzqh/2025/202401xzqh.html,行政区划覆盖任务，不是已确认公安机构；区划变更及一对多机构关系须核实
police-130406,河北,130406,峰峰矿区,county,police,pending_discovery,河北 峰峰矿区 公安局 公安分局 政府信息公开 官方网站,https://www.mca.gov.cn/mzsj/xzqh/2025/202401xzqh.html,行政区划覆盖任务，不是已确认公安机构；区划变更及一对多机构关系须核实
police-130407,河北,130407,肥乡区,county,police,pending_discovery,河北 肥乡区 公安局 公安分局 政府信息公开 官方网站,https://www.mca.gov.cn/mzsj/xzqh/2025/202401xzqh.html,行政区划覆盖任务，不是已确认公安机构；区划变更及一对多机构关系须核实
police-130408,河北,130408,永年区,county,police,pending_discovery,河北 永年区 公安局 公安分局 政府信息公开 官方网站,https://www.mca.gov.cn/mzsj/xzqh/2025/202401xzqh.html,行政区划覆盖任务，不是已确认公安机构；区划变更及一对多机构关系须核实
police-130423,河北,130423,临漳县,county,police,pending_discovery,河北 临漳县 公安局 公安分局 政府信息公开 官方网站,https://www.mca.gov.cn/mzsj/xzqh/2025/202401xzqh.html,行政区划覆盖任务，不是已确认公安机构；区划变更及一对多机构关系须核实
police-130424,河北,130424,成安县,county,police,pending_discovery,河北 成安县 公安局 公安分局 政府信息公开 官方网站,https://www.mca.gov.cn/mzsj/xzqh/2025/202401xzqh.html,行政区划覆盖任务，不是已确认公安机构；区划变更及一对多机构关系须核实
police-130425,河北,130425,大名县,county,police,pending_discovery,河北 大名县 公安局 公安分局 政府信息公开 官方网站,https://www.mca.gov.cn/mzsj/xzqh/2025/202401xzqh.html,行政区划覆盖任务，不是已确认公安机构；区划变更及一对多机构关系须核实
police-130426,河北,130426,涉县,county,police,pending_discovery,河北 涉县 公安局 公安分局 政府信息公开 官方网站,https://www.mca.gov.cn/mzsj/xzqh/2025/202401xzqh.html,行政区划覆盖任务，不是已确认公安机构；区划变更及一对多机构关系须核实
police-130427,河北,130427,磁县,county,police,pending_discovery,河北 磁县 公安局 公安分局 政府信息公开 官方网站,https://www.mca.gov.cn/mzsj/xzqh/2025/202401xzqh.html,行政区划覆盖任务，不是已确认公安机构；区划变更及一对多机构关系须核实
police-130430,河北,130430,邱县,county,police,pending_discovery,河北 邱县 公安局 公安分局 政府信息公开 官方网站,https://www.mca.gov.cn/mzsj/xzqh/2025/202401xzqh.html,行政区划覆盖任务，不是已确认公安机构；区划变更及一对多机构关系须核实
police-130431,河北,130431,鸡泽县,county,police,pending_discovery,河北 鸡泽县 公安局 公安分局 政府信息公开 官方网站,https://www.mca.gov.cn/mzsj/xzqh/2025/202401xzqh.html,行政区划覆盖任务，不是已确认公安机构；区划变更及一对多机构关系须核实
police-130432,河北,130432,广平县,county,police,pending_discovery,河北 广平县 公安局 公安分局 政府信息公开 官方网站,https://www.mca.gov.cn/mzsj/xzqh/2025/202401xzqh.html,行政区划覆盖任务，不是已确认公安机构；区划变更及一对多机构关系须核实
police-130433,河北,130433,馆陶县,county,police,pending_discovery,河北 馆陶县 公安局 公安分局 政府信息公开 官方网站,https://www.mca.gov.cn/mzsj/xzqh/2025/202401xzqh.html,行政区划覆盖任务，不是已确认公安机构；区划变更及一对多机构关系须核实
police-130434,河北,130434,魏县,county,police,pending_discovery,河北 魏县 公安局 公安分局 政府信息公开 官方网站,https://www.mca.gov.cn/mzsj/xzqh/2025/202401xzqh.html,行政区划覆盖任务，不是已确认公安机构；区划变更及一对多机构关系须核实
police-130435,河北,130435,曲周县,county,police,pending_discovery,河北 曲周县 公安局 公安分局 政府信息公开 官方网站,https://www.mca.gov.cn/mzsj/xzqh/2025/202401xzqh.html,行政区划覆盖任务，不是已确认公安机构；区划变更及一对多机构关系须核实
police-130481,河北,130481,武安市,county,police,pending_discovery,河北 武安市 公安局 公安分局 政府信息公开 官方网站,https://www.mca.gov.cn/mzsj/xzqh/2025/202401xzqh.html,行政区划覆盖任务，不是已确认公安机构；区划变更及一对多机构关系须核实
police-130500,河北,130500,邢台市,prefecture,police,pending_discovery,河北 邢台市 公安局 公安分局 政府信息公开 官方网站,https://www.mca.gov.cn/mzsj/xzqh/2025/202401xzqh.html,行政区划覆盖任务，不是已确认公安机构；区划变更及一对多机构关系须核实
police-130502,河北,130502,襄都区,county,police,pending_discovery,河北 襄都区 公安局 公安分局 政府信息公开 官方网站,https://www.mca.gov.cn/mzsj/xzqh/2025/202401xzqh.html,行政区划覆盖任务，不是已确认公安机构；区划变更及一对多机构关系须核实
police-130503,河北,130503,信都区,county,police,pending_discovery,河北 信都区 公安局 公安分局 政府信息公开 官方网站,https://www.mca.gov.cn/mzsj/xzqh/2025/202401xzqh.html,行政区划覆盖任务，不是已确认公安机构；区划变更及一对多机构关系须核实
police-130505,河北,130505,任泽区,county,police,pending_discovery,河北 任泽区 公安局 公安分局 政府信息公开 官方网站,https://www.mca.gov.cn/mzsj/xzqh/2025/202401xzqh.html,行政区划覆盖任务，不是已确认公安机构；区划变更及一对多机构关系须核实
police-130506,河北,130506,南和区,county,police,pending_discovery,河北 南和区 公安局 公安分局 政府信息公开 官方网站,https://www.mca.gov.cn/mzsj/xzqh/2025/202401xzqh.html,行政区划覆盖任务，不是已确认公安机构；区划变更及一对多机构关系须核实
police-130522,河北,130522,临城县,county,police,pending_discovery,河北 临城县 公安局 公安分局 政府信息公开 官方网站,https://www.mca.gov.cn/mzsj/xzqh/2025/202401xzqh.html,行政区划覆盖任务，不是已确认公安机构；区划变更及一对多机构关系须核实
police-130523,河北,130523,内丘县,county,police,pending_discovery,河北 内丘县 公安局 公安分局 政府信息公开 官方网站,https://www.mca.gov.cn/mzsj/xzqh/2025/202401xzqh.html,行政区划覆盖任务，不是已确认公安机构；区划变更及一对多机构关系须核实
police-130524,河北,130524,柏乡县,county,police,pending_discovery,河北 柏乡县 公安局 公安分局 政府信息公开 官方网站,https://www.mca.gov.cn/mzsj/xzqh/2025/202401xzqh.html,行政区划覆盖任务，不是已确认公安机构；区划变更及一对多机构关系须核实
police-130525,河北,130525,隆尧县,county,police,pending_discovery,河北 隆尧县 公安局 公安分局 政府信息公开 官方网站,https://www.mca.gov.cn/mzsj/xzqh/2025/202401xzqh.html,行政区划覆盖任务，不是已确认公安机构；区划变更及一对多机构关系须核实
police-130528,河北,130528,宁晋县,county,police,pending_discovery,河北 宁晋县 公安局 公安分局 政府信息公开 官方网站,https://www.mca.gov.cn/mzsj/xzqh/2025/202401xzqh.html,行政区划覆盖任务，不是已确认公安机构；区划变更及一对多机构关系须核实
police-130529,河北,130529,巨鹿县,county,police,pending_discovery,河北 巨鹿县 公安局 公安分局 政府信息公开 官方网站,https://www.mca.gov.cn/mzsj/xzqh/2025/202401xzqh.html,行政区划覆盖任务，不是已确认公安机构；区划变更及一对多机构关系须核实
police-130530,河北,130530,新河县,county,police,pending_discovery,河北 新河县 公安局 公安分局 政府信息公开 官方网站,https://www.mca.gov.cn/mzsj/xzqh/2025/202401xzqh.html,行政区划覆盖任务，不是已确认公安机构；区划变更及一对多机构关系须核实
police-130531,河北,130531,广宗县,county,police,pending_discovery,河北 广宗县 公安局 公安分局 政府信息公开 官方网站,https://www.mca.gov.cn/mzsj/xzqh/2025/202401xzqh.html,行政区划覆盖任务，不是已确认公安机构；区划变更及一对多机构关系须核实
police-130532,河北,130532,平乡县,county,police,pending_discovery,河北 平乡县 公安局 公安分局 政府信息公开 官方网站,https://www.mca.gov.cn/mzsj/xzqh/2025/202401xzqh.html,行政区划覆盖任务，不是已确认公安机构；区划变更及一对多机构关系须核实
police-130533,河北,130533,威县,county,police,pending_discovery,河北 威县 公安局 公安分局 政府信息公开 官方网站,https://www.mca.gov.cn/mzsj/xzqh/2025/202401xzqh.html,行政区划覆盖任务，不是已确认公安机构；区划变更及一对多机构关系须核实
police-130534,河北,130534,清河县,county,police,pending_discovery,河北 清河县 公安局 公安分局 政府信息公开 官方网站,https://www.mca.gov.cn/mzsj/xzqh/2025/202401xzqh.html,行政区划覆盖任务，不是已确认公安机构；区划变更及一对多机构关系须核实
police-130535,河北,130535,临西县,county,police,pending_discovery,河北 临西县 公安局 公安分局 政府信息公开 官方网站,https://www.mca.gov.cn/mzsj/xzqh/2025/202401xzqh.html,行政区划覆盖任务，不是已确认公安机构；区划变更及一对多机构关系须核实
police-130581,河北,130581,南宫市,county,police,pending_discovery,河北 南宫市 公安局 公安分局 政府信息公开 官方网站,https://www.mca.gov.cn/mzsj/xzqh/2025/202401xzqh.html,行政区划覆盖任务，不是已确认公安机构；区划变更及一对多机构关系须核实
police-130582,河北,130582,沙河市,county,police,pending_discovery,河北 沙河市 公安局 公安分局 政府信息公开 官方网站,https://www.mca.gov.cn/mzsj/xzqh/2025/202401xzqh.html,行政区划覆盖任务，不是已确认公安机构；区划变更及一对多机构关系须核实
police-130600,河北,130600,保定市,prefecture,police,pending_discovery,河北 保定市 公安局 公安分局 政府信息公开 官方网站,https://www.mca.gov.cn/mzsj/xzqh/2025/202401xzqh.html,行政区划覆盖任务，不是已确认公安机构；区划变更及一对多机构关系须核实
police-130602,河北,130602,竞秀区,county,police,pending_discovery,河北 竞秀区 公安局 公安分局 政府信息公开 官方网站,https://www.mca.gov.cn/mzsj/xzqh/2025/202401xzqh.html,行政区划覆盖任务，不是已确认公安机构；区划变更及一对多机构关系须核实
police-130606,河北,130606,莲池区,county,police,pending_discovery,河北 莲池区 公安局 公安分局 政府信息公开 官方网站,https://www.mca.gov.cn/mzsj/xzqh/2025/202401xzqh.html,行政区划覆盖任务，不是已确认公安机构；区划变更及一对多机构关系须核实
police-130607,河北,130607,满城区,county,police,pending_discovery,河北 满城区 公安局 公安分局 政府信息公开 官方网站,https://www.mca.gov.cn/mzsj/xzqh/2025/202401xzqh.html,行政区划覆盖任务，不是已确认公安机构；区划变更及一对多机构关系须核实
police-130608,河北,130608,清苑区,county,police,pending_discovery,河北 清苑区 公安局 公安分局 政府信息公开 官方网站,https://www.mca.gov.cn/mzsj/xzqh/2025/202401xzqh.html,行政区划覆盖任务，不是已确认公安机构；区划变更及一对多机构关系须核实
police-130609,河北,130609,徐水区,county,police,pending_discovery,河北 徐水区 公安局 公安分局 政府信息公开 官方网站,https://www.mca.gov.cn/mzsj/xzqh/2025/202401xzqh.html,行政区划覆盖任务，不是已确认公安机构；区划变更及一对多机构关系须核实
police-130623,河北,130623,涞水县,county,police,pending_discovery,河北 涞水县 公安局 公安分局 政府信息公开 官方网站,https://www.mca.gov.cn/mzsj/xzqh/2025/202401xzqh.html,行政区划覆盖任务，不是已确认公安机构；区划变更及一对多机构关系须核实
police-130624,河北,130624,阜平县,county,police,pending_discovery,河北 阜平县 公安局 公安分局 政府信息公开 官方网站,https://www.mca.gov.cn/mzsj/xzqh/2025/202401xzqh.html,行政区划覆盖任务，不是已确认公安机构；区划变更及一对多机构关系须核实
police-130626,河北,130626,定兴县,county,police,pending_discovery,河北 定兴县 公安局 公安分局 政府信息公开 官方网站,https://www.mca.gov.cn/mzsj/xzqh/2025/202401xzqh.html,行政区划覆盖任务，不是已确认公安机构；区划变更及一对多机构关系须核实
police-130627,河北,130627,唐县,county,police,pending_discovery,河北 唐县 公安局 公安分局 政府信息公开 官方网站,https://www.mca.gov.cn/mzsj/xzqh/2025/202401xzqh.html,行政区划覆盖任务，不是已确认公安机构；区划变更及一对多机构关系须核实
police-130628,河北,130628,高阳县,county,police,pending_discovery,河北 高阳县 公安局 公安分局 政府信息公开 官方网站,https://www.mca.gov.cn/mzsj/xzqh/2025/202401xzqh.html,行政区划覆盖任务，不是已确认公安机构；区划变更及一对多机构关系须核实
police-130629,河北,130629,容城县,county,police,pending_discovery,河北 容城县 公安局 公安分局 政府信息公开 官方网站,https://www.mca.gov.cn/mzsj/xzqh/2025/202401xzqh.html,行政区划覆盖任务，不是已确认公安机构；区划变更及一对多机构关系须核实
police-130630,河北,130630,涞源县,county,police,pending_discovery,河北 涞源县 公安局 公安分局 政府信息公开 官方网站,https://www.mca.gov.cn/mzsj/xzqh/2025/202401xzqh.html,行政区划覆盖任务，不是已确认公安机构；区划变更及一对多机构关系须核实
police-130631,河北,130631,望都县,county,police,pending_discovery,河北 望都县 公安局 公安分局 政府信息公开 官方网站,https://www.mca.gov.cn/mzsj/xzqh/2025/202401xzqh.html,行政区划覆盖任务，不是已确认公安机构；区划变更及一对多机构关系须核实
police-130632,河北,130632,安新县,county,police,pending_discovery,河北 安新县 公安局 公安分局 政府信息公开 官方网站,https://www.mca.gov.cn/mzsj/xzqh/2025/202401xzqh.html,行政区划覆盖任务，不是已确认公安机构；区划变更及一对多机构关系须核实
police-130633,河北,130633,易县,county,police,pending_discovery,河北 易县 公安局 公安分局 政府信息公开 官方网站,https://www.mca.gov.cn/mzsj/xzqh/2025/202401xzqh.html,行政区划覆盖任务，不是已确认公安机构；区划变更及一对多机构关系须核实
police-130634,河北,130634,曲阳县,county,police,pending_discovery,河北 曲阳县 公安局 公安分局 政府信息公开 官方网站,https://www.mca.gov.cn/mzsj/xzqh/2025/202401xzqh.html,行政区划覆盖任务，不是已确认公安机构；区划变更及一对多机构关系须核实
police-130635,河北,130635,蠡县,county,police,pending_discovery,河北 蠡县 公安局 公安分局 政府信息公开 官方网站,https://www.mca.gov.cn/mzsj/xzqh/2025/202401xzqh.html,行政区划覆盖任务，不是已确认公安机构；区划变更及一对多机构关系须核实
police-130636,河北,130636,顺平县,county,police,pending_discovery,河北 顺平县 公安局 公安分局 政府信息公开 官方网站,https://www.mca.gov.cn/mzsj/xzqh/2025/202401xzqh.html,行政区划覆盖任务，不是已确认公安机构；区划变更及一对多机构关系须核实
police-130637,河北,130637,博野县,county,police,pending_discovery,河北 博野县 公安局 公安分局 政府信息公开 官方网站,https://www.mca.gov.cn/mzsj/xzqh/2025/202401xzqh.html,行政区划覆盖任务，不是已确认公安机构；区划变更及一对多机构关系须核实
police-130638,河北,130638,雄县,county,police,pending_discovery,河北 雄县 公安局 公安分局 政府信息公开 官方网站,https://www.mca.gov.cn/mzsj/xzqh/2025/202401xzqh.html,行政区划覆盖任务，不是已确认公安机构；区划变更及一对多机构关系须核实
police-130681,河北,130681,涿州市,county,police,pending_discovery,河北 涿州市 公安局 公安分局 政府信息公开 官方网站,https://www.mca.gov.cn/mzsj/xzqh/2025/202401xzqh.html,行政区划覆盖任务，不是已确认公安机构；区划变更及一对多机构关系须核实
police-130682,河北,130682,定州市,county,police,pending_discovery,河北 定州市 公安局 公安分局 政府信息公开 官方网站,https://www.mca.gov.cn/mzsj/xzqh/2025/202401xzqh.html,行政区划覆盖任务，不是已确认公安机构；区划变更及一对多机构关系须核实
police-130683,河北,130683,安国市,county,police,pending_discovery,河北 安国市 公安局 公安分局 政府信息公开 官方网站,https://www.mca.gov.cn/mzsj/xzqh/2025/202401xzqh.html,行政区划覆盖任务，不是已确认公安机构；区划变更及一对多机构关系须核实
police-130684,河北,130684,高碑店市,county,police,pending_discovery,河北 高碑店市 公安局 公安分局 政府信息公开 官方网站,https://www.mca.gov.cn/mzsj/xzqh/2025/202401xzqh.html,行政区划覆盖任务，不是已确认公安机构；区划变更及一对多机构关系须核实
police-130700,河北,130700,张家口市,prefecture,police,pending_discovery,河北 张家口市 公安局 公安分局 政府信息公开 官方网站,https://www.mca.gov.cn/mzsj/xzqh/2025/202401xzqh.html,行政区划覆盖任务，不是已确认公安机构；区划变更及一对多机构关系须核实
police-130702,河北,130702,桥东区,county,police,pending_discovery,河北 桥东区 公安局 公安分局 政府信息公开 官方网站,https://www.mca.gov.cn/mzsj/xzqh/2025/202401xzqh.html,行政区划覆盖任务，不是已确认公安机构；区划变更及一对多机构关系须核实
police-130703,河北,130703,桥西区,county,police,pending_discovery,河北 桥西区 公安局 公安分局 政府信息公开 官方网站,https://www.mca.gov.cn/mzsj/xzqh/2025/202401xzqh.html,行政区划覆盖任务，不是已确认公安机构；区划变更及一对多机构关系须核实
police-130705,河北,130705,宣化区,county,police,pending_discovery,河北 宣化区 公安局 公安分局 政府信息公开 官方网站,https://www.mca.gov.cn/mzsj/xzqh/2025/202401xzqh.html,行政区划覆盖任务，不是已确认公安机构；区划变更及一对多机构关系须核实
police-130706,河北,130706,下花园区,county,police,pending_discovery,河北 下花园区 公安局 公安分局 政府信息公开 官方网站,https://www.mca.gov.cn/mzsj/xzqh/2025/202401xzqh.html,行政区划覆盖任务，不是已确认公安机构；区划变更及一对多机构关系须核实
police-130708,河北,130708,万全区,county,police,pending_discovery,河北 万全区 公安局 公安分局 政府信息公开 官方网站,https://www.mca.gov.cn/mzsj/xzqh/2025/202401xzqh.html,行政区划覆盖任务，不是已确认公安机构；区划变更及一对多机构关系须核实
police-130709,河北,130709,崇礼区,county,police,pending_discovery,河北 崇礼区 公安局 公安分局 政府信息公开 官方网站,https://www.mca.gov.cn/mzsj/xzqh/2025/202401xzqh.html,行政区划覆盖任务，不是已确认公安机构；区划变更及一对多机构关系须核实
police-130722,河北,130722,张北县,county,police,pending_discovery,河北 张北县 公安局 公安分局 政府信息公开 官方网站,https://www.mca.gov.cn/mzsj/xzqh/2025/202401xzqh.html,行政区划覆盖任务，不是已确认公安机构；区划变更及一对多机构关系须核实
police-130723,河北,130723,康保县,county,police,pending_discovery,河北 康保县 公安局 公安分局 政府信息公开 官方网站,https://www.mca.gov.cn/mzsj/xzqh/2025/202401xzqh.html,行政区划覆盖任务，不是已确认公安机构；区划变更及一对多机构关系须核实
police-130724,河北,130724,沽源县,county,police,pending_discovery,河北 沽源县 公安局 公安分局 政府信息公开 官方网站,https://www.mca.gov.cn/mzsj/xzqh/2025/202401xzqh.html,行政区划覆盖任务，不是已确认公安机构；区划变更及一对多机构关系须核实
police-130725,河北,130725,尚义县,county,police,pending_discovery,河北 尚义县 公安局 公安分局 政府信息公开 官方网站,https://www.mca.gov.cn/mzsj/xzqh/2025/202401xzqh.html,行政区划覆盖任务，不是已确认公安机构；区划变更及一对多机构关系须核实
police-130726,河北,130726,蔚县,county,police,pending_discovery,河北 蔚县 公安局 公安分局 政府信息公开 官方网站,https://www.mca.gov.cn/mzsj/xzqh/2025/202401xzqh.html,行政区划覆盖任务，不是已确认公安机构；区划变更及一对多机构关系须核实
police-130727,河北,130727,阳原县,county,police,pending_discovery,河北 阳原县 公安局 公安分局 政府信息公开 官方网站,https://www.mca.gov.cn/mzsj/xzqh/2025/202401xzqh.html,行政区划覆盖任务，不是已确认公安机构；区划变更及一对多机构关系须核实
police-130728,河北,130728,怀安县,county,police,pending_discovery,河北 怀安县 公安局 公安分局 政府信息公开 官方网站,https://www.mca.gov.cn/mzsj/xzqh/2025/202401xzqh.html,行政区划覆盖任务，不是已确认公安机构；区划变更及一对多机构关系须核实
police-130730,河北,130730,怀来县,county,police,pending_discovery,河北 怀来县 公安局 公安分局 政府信息公开 官方网站,https://www.mca.gov.cn/mzsj/xzqh/2025/202401xzqh.html,行政区划覆盖任务，不是已确认公安机构；区划变更及一对多机构关系须核实
police-130731,河北,130731,涿鹿县,county,police,pending_discovery,河北 涿鹿县 公安局 公安分局 政府信息公开 官方网站,https://www.mca.gov.cn/mzsj/xzqh/2025/202401xzqh.html,行政区划覆盖任务，不是已确认公安机构；区划变更及一对多机构关系须核实
police-130732,河北,130732,赤城县,county,police,pending_discovery,河北 赤城县 公安局 公安分局 政府信息公开 官方网站,https://www.mca.gov.cn/mzsj/xzqh/2025/202401xzqh.html,行政区划覆盖任务，不是已确认公安机构；区划变更及一对多机构关系须核实
police-130800,河北,130800,承德市,prefecture,police,pending_discovery,河北 承德市 公安局 公安分局 政府信息公开 官方网站,https://www.mca.gov.cn/mzsj/xzqh/2025/202401xzqh.html,行政区划覆盖任务，不是已确认公安机构；区划变更及一对多机构关系须核实
police-130802,河北,130802,双桥区,county,police,pending_discovery,河北 双桥区 公安局 公安分局 政府信息公开 官方网站,https://www.mca.gov.cn/mzsj/xzqh/2025/202401xzqh.html,行政区划覆盖任务，不是已确认公安机构；区划变更及一对多机构关系须核实
police-130803,河北,130803,双滦区,county,police,pending_discovery,河北 双滦区 公安局 公安分局 政府信息公开 官方网站,https://www.mca.gov.cn/mzsj/xzqh/2025/202401xzqh.html,行政区划覆盖任务，不是已确认公安机构；区划变更及一对多机构关系须核实
police-130804,河北,130804,鹰手营子矿区,county,police,pending_discovery,河北 鹰手营子矿区 公安局 公安分局 政府信息公开 官方网站,https://www.mca.gov.cn/mzsj/xzqh/2025/202401xzqh.html,行政区划覆盖任务，不是已确认公安机构；区划变更及一对多机构关系须核实
police-130821,河北,130821,承德县,county,police,pending_discovery,河北 承德县 公安局 公安分局 政府信息公开 官方网站,https://www.mca.gov.cn/mzsj/xzqh/2025/202401xzqh.html,行政区划覆盖任务，不是已确认公安机构；区划变更及一对多机构关系须核实
police-130822,河北,130822,兴隆县,county,police,pending_discovery,河北 兴隆县 公安局 公安分局 政府信息公开 官方网站,https://www.mca.gov.cn/mzsj/xzqh/2025/202401xzqh.html,行政区划覆盖任务，不是已确认公安机构；区划变更及一对多机构关系须核实
police-130824,河北,130824,滦平县,county,police,pending_discovery,河北 滦平县 公安局 公安分局 政府信息公开 官方网站,https://www.mca.gov.cn/mzsj/xzqh/2025/202401xzqh.html,行政区划覆盖任务，不是已确认公安机构；区划变更及一对多机构关系须核实
police-130825,河北,130825,隆化县,county,police,pending_discovery,河北 隆化县 公安局 公安分局 政府信息公开 官方网站,https://www.mca.gov.cn/mzsj/xzqh/2025/202401xzqh.html,行政区划覆盖任务，不是已确认公安机构；区划变更及一对多机构关系须核实
police-130826,河北,130826,丰宁满族自治县,county,police,pending_discovery,河北 丰宁满族自治县 公安局 公安分局 政府信息公开 官方网站,https://www.mca.gov.cn/mzsj/xzqh/2025/202401xzqh.html,行政区划覆盖任务，不是已确认公安机构；区划变更及一对多机构关系须核实
police-130827,河北,130827,宽城满族自治县,county,police,pending_discovery,河北 宽城满族自治县 公安局 公安分局 政府信息公开 官方网站,https://www.mca.gov.cn/mzsj/xzqh/2025/202401xzqh.html,行政区划覆盖任务，不是已确认公安机构；区划变更及一对多机构关系须核实
police-130828,河北,130828,围场满族蒙古族自治县,county,police,pending_discovery,河北 围场满族蒙古族自治县 公安局 公安分局 政府信息公开 官方网站,https://www.mca.gov.cn/mzsj/xzqh/2025/202401xzqh.html,行政区划覆盖任务，不是已确认公安机构；区划变更及一对多机构关系须核实
police-130881,河北,130881,平泉市,county,police,pending_discovery,河北 平泉市 公安局 公安分局 政府信息公开 官方网站,https://www.mca.gov.cn/mzsj/xzqh/2025/202401xzqh.html,行政区划覆盖任务，不是已确认公安机构；区划变更及一对多机构关系须核实
police-130900,河北,130900,沧州市,prefecture,police,pending_discovery,河北 沧州市 公安局 公安分局 政府信息公开 官方网站,https://www.mca.gov.cn/mzsj/xzqh/2025/202401xzqh.html,行政区划覆盖任务，不是已确认公安机构；区划变更及一对多机构关系须核实
police-130902,河北,130902,新华区,county,police,pending_discovery,河北 新华区 公安局 公安分局 政府信息公开 官方网站,https://www.mca.gov.cn/mzsj/xzqh/2025/202401xzqh.html,行政区划覆盖任务，不是已确认公安机构；区划变更及一对多机构关系须核实
police-130903,河北,130903,运河区,county,police,pending_discovery,河北 运河区 公安局 公安分局 政府信息公开 官方网站,https://www.mca.gov.cn/mzsj/xzqh/2025/202401xzqh.html,行政区划覆盖任务，不是已确认公安机构；区划变更及一对多机构关系须核实
police-130921,河北,130921,沧县,county,police,pending_discovery,河北 沧县 公安局 公安分局 政府信息公开 官方网站,https://www.mca.gov.cn/mzsj/xzqh/2025/202401xzqh.html,行政区划覆盖任务，不是已确认公安机构；区划变更及一对多机构关系须核实
police-130922,河北,130922,青县,county,police,pending_discovery,河北 青县 公安局 公安分局 政府信息公开 官方网站,https://www.mca.gov.cn/mzsj/xzqh/2025/202401xzqh.html,行政区划覆盖任务，不是已确认公安机构；区划变更及一对多机构关系须核实
police-130923,河北,130923,东光县,county,police,pending_discovery,河北 东光县 公安局 公安分局 政府信息公开 官方网站,https://www.mca.gov.cn/mzsj/xzqh/2025/202401xzqh.html,行政区划覆盖任务，不是已确认公安机构；区划变更及一对多机构关系须核实
police-130924,河北,130924,海兴县,county,police,pending_discovery,河北 海兴县 公安局 公安分局 政府信息公开 官方网站,https://www.mca.gov.cn/mzsj/xzqh/2025/202401xzqh.html,行政区划覆盖任务，不是已确认公安机构；区划变更及一对多机构关系须核实
police-130925,河北,130925,盐山县,county,police,pending_discovery,河北 盐山县 公安局 公安分局 政府信息公开 官方网站,https://www.mca.gov.cn/mzsj/xzqh/2025/202401xzqh.html,行政区划覆盖任务，不是已确认公安机构；区划变更及一对多机构关系须核实
police-130926,河北,130926,肃宁县,county,police,pending_discovery,河北 肃宁县 公安局 公安分局 政府信息公开 官方网站,https://www.mca.gov.cn/mzsj/xzqh/2025/202401xzqh.html,行政区划覆盖任务，不是已确认公安机构；区划变更及一对多机构关系须核实
police-130927,河北,130927,南皮县,county,police,pending_discovery,河北 南皮县 公安局 公安分局 政府信息公开 官方网站,https://www.mca.gov.cn/mzsj/xzqh/2025/202401xzqh.html,行政区划覆盖任务，不是已确认公安机构；区划变更及一对多机构关系须核实
police-130928,河北,130928,吴桥县,county,police,pending_discovery,河北 吴桥县 公安局 公安分局 政府信息公开 官方网站,https://www.mca.gov.cn/mzsj/xzqh/2025/202401xzqh.html,行政区划覆盖任务，不是已确认公安机构；区划变更及一对多机构关系须核实
police-130929,河北,130929,献县,county,police,pending_discovery,河北 献县 公安局 公安分局 政府信息公开 官方网站,https://www.mca.gov.cn/mzsj/xzqh/2025/202401xzqh.html,行政区划覆盖任务，不是已确认公安机构；区划变更及一对多机构关系须核实
police-130930,河北,130930,孟村回族自治县,county,police,pending_discovery,河北 孟村回族自治县 公安局 公安分局 政府信息公开 官方网站,https://www.mca.gov.cn/mzsj/xzqh/2025/202401xzqh.html,行政区划覆盖任务，不是已确认公安机构；区划变更及一对多机构关系须核实
police-130981,河北,130981,泊头市,county,police,pending_discovery,河北 泊头市 公安局 公安分局 政府信息公开 官方网站,https://www.mca.gov.cn/mzsj/xzqh/2025/202401xzqh.html,行政区划覆盖任务，不是已确认公安机构；区划变更及一对多机构关系须核实
police-130982,河北,130982,任丘市,county,police,pending_discovery,河北 任丘市 公安局 公安分局 政府信息公开 官方网站,https://www.mca.gov.cn/mzsj/xzqh/2025/202401xzqh.html,行政区划覆盖任务，不是已确认公安机构；区划变更及一对多机构关系须核实
police-130983,河北,130983,黄骅市,county,police,pending_discovery,河北 黄骅市 公安局 公安分局 政府信息公开 官方网站,https://www.mca.gov.cn/mzsj/xzqh/2025/202401xzqh.html,行政区划覆盖任务，不是已确认公安机构；区划变更及一对多机构关系须核实
police-130984,河北,130984,河间市,county,police,pending_discovery,河北 河间市 公安局 公安分局 政府信息公开 官方网站,https://www.mca.gov.cn/mzsj/xzqh/2025/202401xzqh.html,行政区划覆盖任务，不是已确认公安机构；区划变更及一对多机构关系须核实
police-131000,河北,131000,廊坊市,prefecture,police,pending_discovery,河北 廊坊市 公安局 公安分局 政府信息公开 官方网站,https://www.mca.gov.cn/mzsj/xzqh/2025/202401xzqh.html,行政区划覆盖任务，不是已确认公安机构；区划变更及一对多机构关系须核实
police-131002,河北,131002,安次区,county,police,pending_discovery,河北 安次区 公安局 公安分局 政府信息公开 官方网站,https://www.mca.gov.cn/mzsj/xzqh/2025/202401xzqh.html,行政区划覆盖任务，不是已确认公安机构；区划变更及一对多机构关系须核实
police-131003,河北,131003,广阳区,county,police,pending_discovery,河北 广阳区 公安局 公安分局 政府信息公开 官方网站,https://www.mca.gov.cn/mzsj/xzqh/2025/202401xzqh.html,行政区划覆盖任务，不是已确认公安机构；区划变更及一对多机构关系须核实
police-131022,河北,131022,固安县,county,police,pending_discovery,河北 固安县 公安局 公安分局 政府信息公开 官方网站,https://www.mca.gov.cn/mzsj/xzqh/2025/202401xzqh.html,行政区划覆盖任务，不是已确认公安机构；区划变更及一对多机构关系须核实
police-131023,河北,131023,永清县,county,police,pending_discovery,河北 永清县 公安局 公安分局 政府信息公开 官方网站,https://www.mca.gov.cn/mzsj/xzqh/2025/202401xzqh.html,行政区划覆盖任务，不是已确认公安机构；区划变更及一对多机构关系须核实
police-131024,河北,131024,香河县,county,police,pending_discovery,河北 香河县 公安局 公安分局 政府信息公开 官方网站,https://www.mca.gov.cn/mzsj/xzqh/2025/202401xzqh.html,行政区划覆盖任务，不是已确认公安机构；区划变更及一对多机构关系须核实
police-131025,河北,131025,大城县,county,police,pending_discovery,河北 大城县 公安局 公安分局 政府信息公开 官方网站,https://www.mca.gov.cn/mzsj/xzqh/2025/202401xzqh.html,行政区划覆盖任务，不是已确认公安机构；区划变更及一对多机构关系须核实
police-131026,河北,131026,文安县,county,police,pending_discovery,河北 文安县 公安局 公安分局 政府信息公开 官方网站,https://www.mca.gov.cn/mzsj/xzqh/2025/202401xzqh.html,行政区划覆盖任务，不是已确认公安机构；区划变更及一对多机构关系须核实
police-131028,河北,131028,大厂回族自治县,county,police,pending_discovery,河北 大厂回族自治县 公安局 公安分局 政府信息公开 官方网站,https://www.mca.gov.cn/mzsj/xzqh/2025/202401xzqh.html,行政区划覆盖任务，不是已确认公安机构；区划变更及一对多机构关系须核实
police-131081,河北,131081,霸州市,county,police,pending_discovery,河北 霸州市 公安局 公安分局 政府信息公开 官方网站,https://www.mca.gov.cn/mzsj/xzqh/2025/202401xzqh.html,行政区划覆盖任务，不是已确认公安机构；区划变更及一对多机构关系须核实
police-131082,河北,131082,三河市,county,police,pending_discovery,河北 三河市 公安局 公安分局 政府信息公开 官方网站,https://www.mca.gov.cn/mzsj/xzqh/2025/202401xzqh.html,行政区划覆盖任务，不是已确认公安机构；区划变更及一对多机构关系须核实
police-131100,河北,131100,衡水市,prefecture,police,pending_discovery,河北 衡水市 公安局 公安分局 政府信息公开 官方网站,https://www.mca.gov.cn/mzsj/xzqh/2025/202401xzqh.html,行政区划覆盖任务，不是已确认公安机构；区划变更及一对多机构关系须核实
police-131102,河北,131102,桃城区,county,police,pending_discovery,河北 桃城区 公安局 公安分局 政府信息公开 官方网站,https://www.mca.gov.cn/mzsj/xzqh/2025/202401xzqh.html,行政区划覆盖任务，不是已确认公安机构；区划变更及一对多机构关系须核实
police-131103,河北,131103,冀州区,county,police,pending_discovery,河北 冀州区 公安局 公安分局 政府信息公开 官方网站,https://www.mca.gov.cn/mzsj/xzqh/2025/202401xzqh.html,行政区划覆盖任务，不是已确认公安机构；区划变更及一对多机构关系须核实
police-131121,河北,131121,枣强县,county,police,pending_discovery,河北 枣强县 公安局 公安分局 政府信息公开 官方网站,https://www.mca.gov.cn/mzsj/xzqh/2025/202401xzqh.html,行政区划覆盖任务，不是已确认公安机构；区划变更及一对多机构关系须核实
police-131122,河北,131122,武邑县,county,police,pending_discovery,河北 武邑县 公安局 公安分局 政府信息公开 官方网站,https://www.mca.gov.cn/mzsj/xzqh/2025/202401xzqh.html,行政区划覆盖任务，不是已确认公安机构；区划变更及一对多机构关系须核实
police-131123,河北,131123,武强县,county,police,pending_discovery,河北 武强县 公安局 公安分局 政府信息公开 官方网站,https://www.mca.gov.cn/mzsj/xzqh/2025/202401xzqh.html,行政区划覆盖任务，不是已确认公安机构；区划变更及一对多机构关系须核实
police-131124,河北,131124,饶阳县,county,police,pending_discovery,河北 饶阳县 公安局 公安分局 政府信息公开 官方网站,https://www.mca.gov.cn/mzsj/xzqh/2025/202401xzqh.html,行政区划覆盖任务，不是已确认公安机构；区划变更及一对多机构关系须核实
police-131125,河北,131125,安平县,county,police,pending_discovery,河北 安平县 公安局 公安分局 政府信息公开 官方网站,https://www.mca.gov.cn/mzsj/xzqh/2025/202401xzqh.html,行政区划覆盖任务，不是已确认公安机构；区划变更及一对多机构关系须核实
police-131126,河北,131126,故城县,county,police,pending_discovery,河北 故城县 公安局 公安分局 政府信息公开 官方网站,https://www.mca.gov.cn/mzsj/xzqh/2025/202401xzqh.html,行政区划覆盖任务，不是已确认公安机构；区划变更及一对多机构关系须核实
police-131127,河北,131127,景县,county,police,pending_discovery,河北 景县 公安局 公安分局 政府信息公开 官方网站,https://www.mca.gov.cn/mzsj/xzqh/2025/202401xzqh.html,行政区划覆盖任务，不是已确认公安机构；区划变更及一对多机构关系须核实
police-131128,河北,131128,阜城县,county,police,pending_discovery,河北 阜城县 公安局 公安分局 政府信息公开 官方网站,https://www.mca.gov.cn/mzsj/xzqh/2025/202401xzqh.html,行政区划覆盖任务，不是已确认公安机构；区划变更及一对多机构关系须核实
police-131182,河北,131182,深州市,county,police,pending_discovery,河北 深州市 公安局 公安分局 政府信息公开 官方网站,https://www.mca.gov.cn/mzsj/xzqh/2025/202401xzqh.html,行政区划覆盖任务，不是已确认公安机构；区划变更及一对多机构关系须核实
police-140000,山西,140000,山西省,province,police,pending_discovery,山西 山西省 公安局 公安分局 政府信息公开 官方网站,https://www.mca.gov.cn/mzsj/xzqh/2025/202401xzqh.html,行政区划覆盖任务，不是已确认公安机构；区划变更及一对多机构关系须核实
police-140100,山西,140100,太原市,prefecture,police,pending_discovery,山西 太原市 公安局 公安分局 政府信息公开 官方网站,https://www.mca.gov.cn/mzsj/xzqh/2025/202401xzqh.html,行政区划覆盖任务，不是已确认公安机构；区划变更及一对多机构关系须核实
police-140105,山西,140105,小店区,county,police,pending_discovery,山西 小店区 公安局 公安分局 政府信息公开 官方网站,https://www.mca.gov.cn/mzsj/xzqh/2025/202401xzqh.html,行政区划覆盖任务，不是已确认公安机构；区划变更及一对多机构关系须核实
police-140106,山西,140106,迎泽区,county,police,pending_discovery,山西 迎泽区 公安局 公安分局 政府信息公开 官方网站,https://www.mca.gov.cn/mzsj/xzqh/2025/202401xzqh.html,行政区划覆盖任务，不是已确认公安机构；区划变更及一对多机构关系须核实
police-140107,山西,140107,杏花岭区,county,police,pending_discovery,山西 杏花岭区 公安局 公安分局 政府信息公开 官方网站,https://www.mca.gov.cn/mzsj/xzqh/2025/202401xzqh.html,行政区划覆盖任务，不是已确认公安机构；区划变更及一对多机构关系须核实
police-140108,山西,140108,尖草坪区,county,police,pending_discovery,山西 尖草坪区 公安局 公安分局 政府信息公开 官方网站,https://www.mca.gov.cn/mzsj/xzqh/2025/202401xzqh.html,行政区划覆盖任务，不是已确认公安机构；区划变更及一对多机构关系须核实
police-140109,山西,140109,万柏林区,county,police,pending_discovery,山西 万柏林区 公安局 公安分局 政府信息公开 官方网站,https://www.mca.gov.cn/mzsj/xzqh/2025/202401xzqh.html,行政区划覆盖任务，不是已确认公安机构；区划变更及一对多机构关系须核实
police-140110,山西,140110,晋源区,county,police,pending_discovery,山西 晋源区 公安局 公安分局 政府信息公开 官方网站,https://www.mca.gov.cn/mzsj/xzqh/2025/202401xzqh.html,行政区划覆盖任务，不是已确认公安机构；区划变更及一对多机构关系须核实
police-140121,山西,140121,清徐县,county,police,pending_discovery,山西 清徐县 公安局 公安分局 政府信息公开 官方网站,https://www.mca.gov.cn/mzsj/xzqh/2025/202401xzqh.html,行政区划覆盖任务，不是已确认公安机构；区划变更及一对多机构关系须核实
police-140122,山西,140122,阳曲县,county,police,pending_discovery,山西 阳曲县 公安局 公安分局 政府信息公开 官方网站,https://www.mca.gov.cn/mzsj/xzqh/2025/202401xzqh.html,行政区划覆盖任务，不是已确认公安机构；区划变更及一对多机构关系须核实
police-140123,山西,140123,娄烦县,county,police,pending_discovery,山西 娄烦县 公安局 公安分局 政府信息公开 官方网站,https://www.mca.gov.cn/mzsj/xzqh/2025/202401xzqh.html,行政区划覆盖任务，不是已确认公安机构；区划变更及一对多机构关系须核实
police-140181,山西,140181,古交市,county,police,pending_discovery,山西 古交市 公安局 公安分局 政府信息公开 官方网站,https://www.mca.gov.cn/mzsj/xzqh/2025/202401xzqh.html,行政区划覆盖任务，不是已确认公安机构；区划变更及一对多机构关系须核实
police-140200,山西,140200,大同市,prefecture,police,pending_discovery,山西 大同市 公安局 公安分局 政府信息公开 官方网站,https://www.mca.gov.cn/mzsj/xzqh/2025/202401xzqh.html,行政区划覆盖任务，不是已确认公安机构；区划变更及一对多机构关系须核实
police-140212,山西,140212,新荣区,county,police,pending_discovery,山西 新荣区 公安局 公安分局 政府信息公开 官方网站,https://www.mca.gov.cn/mzsj/xzqh/2025/202401xzqh.html,行政区划覆盖任务，不是已确认公安机构；区划变更及一对多机构关系须核实
police-140213,山西,140213,平城区,county,police,pending_discovery,山西 平城区 公安局 公安分局 政府信息公开 官方网站,https://www.mca.gov.cn/mzsj/xzqh/2025/202401xzqh.html,行政区划覆盖任务，不是已确认公安机构；区划变更及一对多机构关系须核实
police-140214,山西,140214,云冈区,county,police,pending_discovery,山西 云冈区 公安局 公安分局 政府信息公开 官方网站,https://www.mca.gov.cn/mzsj/xzqh/2025/202401xzqh.html,行政区划覆盖任务，不是已确认公安机构；区划变更及一对多机构关系须核实
police-140215,山西,140215,云州区,county,police,pending_discovery,山西 云州区 公安局 公安分局 政府信息公开 官方网站,https://www.mca.gov.cn/mzsj/xzqh/2025/202401xzqh.html,行政区划覆盖任务，不是已确认公安机构；区划变更及一对多机构关系须核实
police-140221,山西,140221,阳高县,county,police,pending_discovery,山西 阳高县 公安局 公安分局 政府信息公开 官方网站,https://www.mca.gov.cn/mzsj/xzqh/2025/202401xzqh.html,行政区划覆盖任务，不是已确认公安机构；区划变更及一对多机构关系须核实
police-140222,山西,140222,天镇县,county,police,pending_discovery,山西 天镇县 公安局 公安分局 政府信息公开 官方网站,https://www.mca.gov.cn/mzsj/xzqh/2025/202401xzqh.html,行政区划覆盖任务，不是已确认公安机构；区划变更及一对多机构关系须核实
police-140223,山西,140223,广灵县,county,police,pending_discovery,山西 广灵县 公安局 公安分局 政府信息公开 官方网站,https://www.mca.gov.cn/mzsj/xzqh/2025/202401xzqh.html,行政区划覆盖任务，不是已确认公安机构；区划变更及一对多机构关系须核实
police-140224,山西,140224,灵丘县,county,police,pending_discovery,山西 灵丘县 公安局 公安分局 政府信息公开 官方网站,https://www.mca.gov.cn/mzsj/xzqh/2025/202401xzqh.html,行政区划覆盖任务，不是已确认公安机构；区划变更及一对多机构关系须核实
police-140225,山西,140225,浑源县,county,police,pending_discovery,山西 浑源县 公安局 公安分局 政府信息公开 官方网站,https://www.mca.gov.cn/mzsj/xzqh/2025/202401xzqh.html,行政区划覆盖任务，不是已确认公安机构；区划变更及一对多机构关系须核实
police-140226,山西,140226,左云县,county,police,pending_discovery,山西 左云县 公安局 公安分局 政府信息公开 官方网站,https://www.mca.gov.cn/mzsj/xzqh/2025/202401xzqh.html,行政区划覆盖任务，不是已确认公安机构；区划变更及一对多机构关系须核实
police-140300,山西,140300,阳泉市,prefecture,police,pending_discovery,山西 阳泉市 公安局 公安分局 政府信息公开 官方网站,https://www.mca.gov.cn/mzsj/xzqh/2025/202401xzqh.html,行政区划覆盖任务，不是已确认公安机构；区划变更及一对多机构关系须核实
police-140302,山西,140302,城区,county,police,pending_discovery,山西 城区 公安局 公安分局 政府信息公开 官方网站,https://www.mca.gov.cn/mzsj/xzqh/2025/202401xzqh.html,行政区划覆盖任务，不是已确认公安机构；区划变更及一对多机构关系须核实
police-140303,山西,140303,矿区,county,police,pending_discovery,山西 矿区 公安局 公安分局 政府信息公开 官方网站,https://www.mca.gov.cn/mzsj/xzqh/2025/202401xzqh.html,行政区划覆盖任务，不是已确认公安机构；区划变更及一对多机构关系须核实
police-140311,山西,140311,郊区,county,police,pending_discovery,山西 郊区 公安局 公安分局 政府信息公开 官方网站,https://www.mca.gov.cn/mzsj/xzqh/2025/202401xzqh.html,行政区划覆盖任务，不是已确认公安机构；区划变更及一对多机构关系须核实
police-140321,山西,140321,平定县,county,police,pending_discovery,山西 平定县 公安局 公安分局 政府信息公开 官方网站,https://www.mca.gov.cn/mzsj/xzqh/2025/202401xzqh.html,行政区划覆盖任务，不是已确认公安机构；区划变更及一对多机构关系须核实
police-140322,山西,140322,盂县,county,police,pending_discovery,山西 盂县 公安局 公安分局 政府信息公开 官方网站,https://www.mca.gov.cn/mzsj/xzqh/2025/202401xzqh.html,行政区划覆盖任务，不是已确认公安机构；区划变更及一对多机构关系须核实
police-140400,山西,140400,长治市,prefecture,police,pending_discovery,山西 长治市 公安局 公安分局 政府信息公开 官方网站,https://www.mca.gov.cn/mzsj/xzqh/2025/202401xzqh.html,行政区划覆盖任务，不是已确认公安机构；区划变更及一对多机构关系须核实
police-140403,山西,140403,潞州区,county,police,pending_discovery,山西 潞州区 公安局 公安分局 政府信息公开 官方网站,https://www.mca.gov.cn/mzsj/xzqh/2025/202401xzqh.html,行政区划覆盖任务，不是已确认公安机构；区划变更及一对多机构关系须核实
police-140404,山西,140404,上党区,county,police,pending_discovery,山西 上党区 公安局 公安分局 政府信息公开 官方网站,https://www.mca.gov.cn/mzsj/xzqh/2025/202401xzqh.html,行政区划覆盖任务，不是已确认公安机构；区划变更及一对多机构关系须核实
police-140405,山西,140405,屯留区,county,police,pending_discovery,山西 屯留区 公安局 公安分局 政府信息公开 官方网站,https://www.mca.gov.cn/mzsj/xzqh/2025/202401xzqh.html,行政区划覆盖任务，不是已确认公安机构；区划变更及一对多机构关系须核实
police-140406,山西,140406,潞城区,county,police,pending_discovery,山西 潞城区 公安局 公安分局 政府信息公开 官方网站,https://www.mca.gov.cn/mzsj/xzqh/2025/202401xzqh.html,行政区划覆盖任务，不是已确认公安机构；区划变更及一对多机构关系须核实
police-140423,山西,140423,襄垣县,county,police,pending_discovery,山西 襄垣县 公安局 公安分局 政府信息公开 官方网站,https://www.mca.gov.cn/mzsj/xzqh/2025/202401xzqh.html,行政区划覆盖任务，不是已确认公安机构；区划变更及一对多机构关系须核实
police-140425,山西,140425,平顺县,county,police,pending_discovery,山西 平顺县 公安局 公安分局 政府信息公开 官方网站,https://www.mca.gov.cn/mzsj/xzqh/2025/202401xzqh.html,行政区划覆盖任务，不是已确认公安机构；区划变更及一对多机构关系须核实
police-140426,山西,140426,黎城县,county,police,pending_discovery,山西 黎城县 公安局 公安分局 政府信息公开 官方网站,https://www.mca.gov.cn/mzsj/xzqh/2025/202401xzqh.html,行政区划覆盖任务，不是已确认公安机构；区划变更及一对多机构关系须核实
police-140427,山西,140427,壶关县,county,police,pending_discovery,山西 壶关县 公安局 公安分局 政府信息公开 官方网站,https://www.mca.gov.cn/mzsj/xzqh/2025/202401xzqh.html,行政区划覆盖任务，不是已确认公安机构；区划变更及一对多机构关系须核实
police-140428,山西,140428,长子县,county,police,pending_discovery,山西 长子县 公安局 公安分局 政府信息公开 官方网站,https://www.mca.gov.cn/mzsj/xzqh/2025/202401xzqh.html,行政区划覆盖任务，不是已确认公安机构；区划变更及一对多机构关系须核实
police-140429,山西,140429,武乡县,county,police,pending_discovery,山西 武乡县 公安局 公安分局 政府信息公开 官方网站,https://www.mca.gov.cn/mzsj/xzqh/2025/202401xzqh.html,行政区划覆盖任务，不是已确认公安机构；区划变更及一对多机构关系须核实
police-140430,山西,140430,沁县,county,police,pending_discovery,山西 沁县 公安局 公安分局 政府信息公开 官方网站,https://www.mca.gov.cn/mzsj/xzqh/2025/202401xzqh.html,行政区划覆盖任务，不是已确认公安机构；区划变更及一对多机构关系须核实
police-140431,山西,140431,沁源县,county,police,pending_discovery,山西 沁源县 公安局 公安分局 政府信息公开 官方网站,https://www.mca.gov.cn/mzsj/xzqh/2025/202401xzqh.html,行政区划覆盖任务，不是已确认公安机构；区划变更及一对多机构关系须核实
police-140500,山西,140500,晋城市,prefecture,police,pending_discovery,山西 晋城市 公安局 公安分局 政府信息公开 官方网站,https://www.mca.gov.cn/mzsj/xzqh/2025/202401xzqh.html,行政区划覆盖任务，不是已确认公安机构；区划变更及一对多机构关系须核实
police-140502,山西,140502,城区,county,police,pending_discovery,山西 城区 公安局 公安分局 政府信息公开 官方网站,https://www.mca.gov.cn/mzsj/xzqh/2025/202401xzqh.html,行政区划覆盖任务，不是已确认公安机构；区划变更及一对多机构关系须核实
police-140521,山西,140521,沁水县,county,police,pending_discovery,山西 沁水县 公安局 公安分局 政府信息公开 官方网站,https://www.mca.gov.cn/mzsj/xzqh/2025/202401xzqh.html,行政区划覆盖任务，不是已确认公安机构；区划变更及一对多机构关系须核实
police-140522,山西,140522,阳城县,county,police,pending_discovery,山西 阳城县 公安局 公安分局 政府信息公开 官方网站,https://www.mca.gov.cn/mzsj/xzqh/2025/202401xzqh.html,行政区划覆盖任务，不是已确认公安机构；区划变更及一对多机构关系须核实
police-140524,山西,140524,陵川县,county,police,pending_discovery,山西 陵川县 公安局 公安分局 政府信息公开 官方网站,https://www.mca.gov.cn/mzsj/xzqh/2025/202401xzqh.html,行政区划覆盖任务，不是已确认公安机构；区划变更及一对多机构关系须核实
police-140525,山西,140525,泽州县,county,police,pending_discovery,山西 泽州县 公安局 公安分局 政府信息公开 官方网站,https://www.mca.gov.cn/mzsj/xzqh/2025/202401xzqh.html,行政区划覆盖任务，不是已确认公安机构；区划变更及一对多机构关系须核实
police-140581,山西,140581,高平市,county,police,pending_discovery,山西 高平市 公安局 公安分局 政府信息公开 官方网站,https://www.mca.gov.cn/mzsj/xzqh/2025/202401xzqh.html,行政区划覆盖任务，不是已确认公安机构；区划变更及一对多机构关系须核实
police-140600,山西,140600,朔州市,prefecture,police,pending_discovery,山西 朔州市 公安局 公安分局 政府信息公开 官方网站,https://www.mca.gov.cn/mzsj/xzqh/2025/202401xzqh.html,行政区划覆盖任务，不是已确认公安机构；区划变更及一对多机构关系须核实
police-140602,山西,140602,朔城区,county,police,pending_discovery,山西 朔城区 公安局 公安分局 政府信息公开 官方网站,https://www.mca.gov.cn/mzsj/xzqh/2025/202401xzqh.html,行政区划覆盖任务，不是已确认公安机构；区划变更及一对多机构关系须核实
police-140603,山西,140603,平鲁区,county,police,pending_discovery,山西 平鲁区 公安局 公安分局 政府信息公开 官方网站,https://www.mca.gov.cn/mzsj/xzqh/2025/202401xzqh.html,行政区划覆盖任务，不是已确认公安机构；区划变更及一对多机构关系须核实
police-140621,山西,140621,山阴县,county,police,pending_discovery,山西 山阴县 公安局 公安分局 政府信息公开 官方网站,https://www.mca.gov.cn/mzsj/xzqh/2025/202401xzqh.html,行政区划覆盖任务，不是已确认公安机构；区划变更及一对多机构关系须核实
police-140622,山西,140622,应县,county,police,pending_discovery,山西 应县 公安局 公安分局 政府信息公开 官方网站,https://www.mca.gov.cn/mzsj/xzqh/2025/202401xzqh.html,行政区划覆盖任务，不是已确认公安机构；区划变更及一对多机构关系须核实
police-140623,山西,140623,右玉县,county,police,pending_discovery,山西 右玉县 公安局 公安分局 政府信息公开 官方网站,https://www.mca.gov.cn/mzsj/xzqh/2025/202401xzqh.html,行政区划覆盖任务，不是已确认公安机构；区划变更及一对多机构关系须核实
police-140681,山西,140681,怀仁市,county,police,pending_discovery,山西 怀仁市 公安局 公安分局 政府信息公开 官方网站,https://www.mca.gov.cn/mzsj/xzqh/2025/202401xzqh.html,行政区划覆盖任务，不是已确认公安机构；区划变更及一对多机构关系须核实
police-140700,山西,140700,晋中市,prefecture,police,pending_discovery,山西 晋中市 公安局 公安分局 政府信息公开 官方网站,https://www.mca.gov.cn/mzsj/xzqh/2025/202401xzqh.html,行政区划覆盖任务，不是已确认公安机构；区划变更及一对多机构关系须核实
police-140702,山西,140702,榆次区,county,police,pending_discovery,山西 榆次区 公安局 公安分局 政府信息公开 官方网站,https://www.mca.gov.cn/mzsj/xzqh/2025/202401xzqh.html,行政区划覆盖任务，不是已确认公安机构；区划变更及一对多机构关系须核实
police-140703,山西,140703,太谷区,county,police,pending_discovery,山西 太谷区 公安局 公安分局 政府信息公开 官方网站,https://www.mca.gov.cn/mzsj/xzqh/2025/202401xzqh.html,行政区划覆盖任务，不是已确认公安机构；区划变更及一对多机构关系须核实
police-140721,山西,140721,榆社县,county,police,pending_discovery,山西 榆社县 公安局 公安分局 政府信息公开 官方网站,https://www.mca.gov.cn/mzsj/xzqh/2025/202401xzqh.html,行政区划覆盖任务，不是已确认公安机构；区划变更及一对多机构关系须核实
police-140722,山西,140722,左权县,county,police,pending_discovery,山西 左权县 公安局 公安分局 政府信息公开 官方网站,https://www.mca.gov.cn/mzsj/xzqh/2025/202401xzqh.html,行政区划覆盖任务，不是已确认公安机构；区划变更及一对多机构关系须核实
police-140723,山西,140723,和顺县,county,police,pending_discovery,山西 和顺县 公安局 公安分局 政府信息公开 官方网站,https://www.mca.gov.cn/mzsj/xzqh/2025/202401xzqh.html,行政区划覆盖任务，不是已确认公安机构；区划变更及一对多机构关系须核实
police-140724,山西,140724,昔阳县,county,police,pending_discovery,山西 昔阳县 公安局 公安分局 政府信息公开 官方网站,https://www.mca.gov.cn/mzsj/xzqh/2025/202401xzqh.html,行政区划覆盖任务，不是已确认公安机构；区划变更及一对多机构关系须核实
police-140725,山西,140725,寿阳县,county,police,pending_discovery,山西 寿阳县 公安局 公安分局 政府信息公开 官方网站,https://www.mca.gov.cn/mzsj/xzqh/2025/202401xzqh.html,行政区划覆盖任务，不是已确认公安机构；区划变更及一对多机构关系须核实
police-140727,山西,140727,祁县,county,police,pending_discovery,山西 祁县 公安局 公安分局 政府信息公开 官方网站,https://www.mca.gov.cn/mzsj/xzqh/2025/202401xzqh.html,行政区划覆盖任务，不是已确认公安机构；区划变更及一对多机构关系须核实
police-140728,山西,140728,平遥县,county,police,pending_discovery,山西 平遥县 公安局 公安分局 政府信息公开 官方网站,https://www.mca.gov.cn/mzsj/xzqh/2025/202401xzqh.html,行政区划覆盖任务，不是已确认公安机构；区划变更及一对多机构关系须核实
police-140729,山西,140729,灵石县,county,police,pending_discovery,山西 灵石县 公安局 公安分局 政府信息公开 官方网站,https://www.mca.gov.cn/mzsj/xzqh/2025/202401xzqh.html,行政区划覆盖任务，不是已确认公安机构；区划变更及一对多机构关系须核实
police-140781,山西,140781,介休市,county,police,pending_discovery,山西 介休市 公安局 公安分局 政府信息公开 官方网站,https://www.mca.gov.cn/mzsj/xzqh/2025/202401xzqh.html,行政区划覆盖任务，不是已确认公安机构；区划变更及一对多机构关系须核实
police-140800,山西,140800,运城市,prefecture,police,pending_discovery,山西 运城市 公安局 公安分局 政府信息公开 官方网站,https://www.mca.gov.cn/mzsj/xzqh/2025/202401xzqh.html,行政区划覆盖任务，不是已确认公安机构；区划变更及一对多机构关系须核实
police-140802,山西,140802,盐湖区,county,police,pending_discovery,山西 盐湖区 公安局 公安分局 政府信息公开 官方网站,https://www.mca.gov.cn/mzsj/xzqh/2025/202401xzqh.html,行政区划覆盖任务，不是已确认公安机构；区划变更及一对多机构关系须核实
police-140821,山西,140821,临猗县,county,police,pending_discovery,山西 临猗县 公安局 公安分局 政府信息公开 官方网站,https://www.mca.gov.cn/mzsj/xzqh/2025/202401xzqh.html,行政区划覆盖任务，不是已确认公安机构；区划变更及一对多机构关系须核实
police-140822,山西,140822,万荣县,county,police,pending_discovery,山西 万荣县 公安局 公安分局 政府信息公开 官方网站,https://www.mca.gov.cn/mzsj/xzqh/2025/202401xzqh.html,行政区划覆盖任务，不是已确认公安机构；区划变更及一对多机构关系须核实
police-140823,山西,140823,闻喜县,county,police,pending_discovery,山西 闻喜县 公安局 公安分局 政府信息公开 官方网站,https://www.mca.gov.cn/mzsj/xzqh/2025/202401xzqh.html,行政区划覆盖任务，不是已确认公安机构；区划变更及一对多机构关系须核实
police-140824,山西,140824,稷山县,county,police,pending_discovery,山西 稷山县 公安局 公安分局 政府信息公开 官方网站,https://www.mca.gov.cn/mzsj/xzqh/2025/202401xzqh.html,行政区划覆盖任务，不是已确认公安机构；区划变更及一对多机构关系须核实
police-140825,山西,140825,新绛县,county,police,pending_discovery,山西 新绛县 公安局 公安分局 政府信息公开 官方网站,https://www.mca.gov.cn/mzsj/xzqh/2025/202401xzqh.html,行政区划覆盖任务，不是已确认公安机构；区划变更及一对多机构关系须核实
police-140826,山西,140826,绛县,county,police,pending_discovery,山西 绛县 公安局 公安分局 政府信息公开 官方网站,https://www.mca.gov.cn/mzsj/xzqh/2025/202401xzqh.html,行政区划覆盖任务，不是已确认公安机构；区划变更及一对多机构关系须核实
police-140827,山西,140827,垣曲县,county,police,pending_discovery,山西 垣曲县 公安局 公安分局 政府信息公开 官方网站,https://www.mca.gov.cn/mzsj/xzqh/2025/202401xzqh.html,行政区划覆盖任务，不是已确认公安机构；区划变更及一对多机构关系须核实
police-140828,山西,140828,夏县,county,police,pending_discovery,山西 夏县 公安局 公安分局 政府信息公开 官方网站,https://www.mca.gov.cn/mzsj/xzqh/2025/202401xzqh.html,行政区划覆盖任务，不是已确认公安机构；区划变更及一对多机构关系须核实
police-140829,山西,140829,平陆县,county,police,pending_discovery,山西 平陆县 公安局 公安分局 政府信息公开 官方网站,https://www.mca.gov.cn/mzsj/xzqh/2025/202401xzqh.html,行政区划覆盖任务，不是已确认公安机构；区划变更及一对多机构关系须核实
police-140830,山西,140830,芮城县,county,police,pending_discovery,山西 芮城县 公安局 公安分局 政府信息公开 官方网站,https://www.mca.gov.cn/mzsj/xzqh/2025/202401xzqh.html,行政区划覆盖任务，不是已确认公安机构；区划变更及一对多机构关系须核实
police-140881,山西,140881,永济市,county,police,pending_discovery,山西 永济市 公安局 公安分局 政府信息公开 官方网站,https://www.mca.gov.cn/mzsj/xzqh/2025/202401xzqh.html,行政区划覆盖任务，不是已确认公安机构；区划变更及一对多机构关系须核实
police-140882,山西,140882,河津市,county,police,pending_discovery,山西 河津市 公安局 公安分局 政府信息公开 官方网站,https://www.mca.gov.cn/mzsj/xzqh/2025/202401xzqh.html,行政区划覆盖任务，不是已确认公安机构；区划变更及一对多机构关系须核实
police-140900,山西,140900,忻州市,prefecture,police,pending_discovery,山西 忻州市 公安局 公安分局 政府信息公开 官方网站,https://www.mca.gov.cn/mzsj/xzqh/2025/202401xzqh.html,行政区划覆盖任务，不是已确认公安机构；区划变更及一对多机构关系须核实
police-140902,山西,140902,忻府区,county,police,pending_discovery,山西 忻府区 公安局 公安分局 政府信息公开 官方网站,https://www.mca.gov.cn/mzsj/xzqh/2025/202401xzqh.html,行政区划覆盖任务，不是已确认公安机构；区划变更及一对多机构关系须核实
police-140921,山西,140921,定襄县,county,police,pending_discovery,山西 定襄县 公安局 公安分局 政府信息公开 官方网站,https://www.mca.gov.cn/mzsj/xzqh/2025/202401xzqh.html,行政区划覆盖任务，不是已确认公安机构；区划变更及一对多机构关系须核实
police-140922,山西,140922,五台县,county,police,pending_discovery,山西 五台县 公安局 公安分局 政府信息公开 官方网站,https://www.mca.gov.cn/mzsj/xzqh/2025/202401xzqh.html,行政区划覆盖任务，不是已确认公安机构；区划变更及一对多机构关系须核实
police-140923,山西,140923,代县,county,police,pending_discovery,山西 代县 公安局 公安分局 政府信息公开 官方网站,https://www.mca.gov.cn/mzsj/xzqh/2025/202401xzqh.html,行政区划覆盖任务，不是已确认公安机构；区划变更及一对多机构关系须核实
police-140924,山西,140924,繁峙县,county,police,pending_discovery,山西 繁峙县 公安局 公安分局 政府信息公开 官方网站,https://www.mca.gov.cn/mzsj/xzqh/2025/202401xzqh.html,行政区划覆盖任务，不是已确认公安机构；区划变更及一对多机构关系须核实
police-140925,山西,140925,宁武县,county,police,pending_discovery,山西 宁武县 公安局 公安分局 政府信息公开 官方网站,https://www.mca.gov.cn/mzsj/xzqh/2025/202401xzqh.html,行政区划覆盖任务，不是已确认公安机构；区划变更及一对多机构关系须核实
police-140926,山西,140926,静乐县,county,police,pending_discovery,山西 静乐县 公安局 公安分局 政府信息公开 官方网站,https://www.mca.gov.cn/mzsj/xzqh/2025/202401xzqh.html,行政区划覆盖任务，不是已确认公安机构；区划变更及一对多机构关系须核实
police-140927,山西,140927,神池县,county,police,pending_discovery,山西 神池县 公安局 公安分局 政府信息公开 官方网站,https://www.mca.gov.cn/mzsj/xzqh/2025/202401xzqh.html,行政区划覆盖任务，不是已确认公安机构；区划变更及一对多机构关系须核实
police-140928,山西,140928,五寨县,county,police,pending_discovery,山西 五寨县 公安局 公安分局 政府信息公开 官方网站,https://www.mca.gov.cn/mzsj/xzqh/2025/202401xzqh.html,行政区划覆盖任务，不是已确认公安机构；区划变更及一对多机构关系须核实
police-140929,山西,140929,岢岚县,county,police,pending_discovery,山西 岢岚县 公安局 公安分局 政府信息公开 官方网站,https://www.mca.gov.cn/mzsj/xzqh/2025/202401xzqh.html,行政区划覆盖任务，不是已确认公安机构；区划变更及一对多机构关系须核实
police-140930,山西,140930,河曲县,county,police,pending_discovery,山西 河曲县 公安局 公安分局 政府信息公开 官方网站,https://www.mca.gov.cn/mzsj/xzqh/2025/202401xzqh.html,行政区划覆盖任务，不是已确认公安机构；区划变更及一对多机构关系须核实
police-140931,山西,140931,保德县,county,police,pending_discovery,山西 保德县 公安局 公安分局 政府信息公开 官方网站,https://www.mca.gov.cn/mzsj/xzqh/2025/202401xzqh.html,行政区划覆盖任务，不是已确认公安机构；区划变更及一对多机构关系须核实
police-140932,山西,140932,偏关县,county,police,pending_discovery,山西 偏关县 公安局 公安分局 政府信息公开 官方网站,https://www.mca.gov.cn/mzsj/xzqh/2025/202401xzqh.html,行政区划覆盖任务，不是已确认公安机构；区划变更及一对多机构关系须核实
police-140981,山西,140981,原平市,county,police,pending_discovery,山西 原平市 公安局 公安分局 政府信息公开 官方网站,https://www.mca.gov.cn/mzsj/xzqh/2025/202401xzqh.html,行政区划覆盖任务，不是已确认公安机构；区划变更及一对多机构关系须核实
police-141000,山西,141000,临汾市,prefecture,police,pending_discovery,山西 临汾市 公安局 公安分局 政府信息公开 官方网站,https://www.mca.gov.cn/mzsj/xzqh/2025/202401xzqh.html,行政区划覆盖任务，不是已确认公安机构；区划变更及一对多机构关系须核实
police-141002,山西,141002,尧都区,county,police,pending_discovery,山西 尧都区 公安局 公安分局 政府信息公开 官方网站,https://www.mca.gov.cn/mzsj/xzqh/2025/202401xzqh.html,行政区划覆盖任务，不是已确认公安机构；区划变更及一对多机构关系须核实
police-141021,山西,141021,曲沃县,county,police,pending_discovery,山西 曲沃县 公安局 公安分局 政府信息公开 官方网站,https://www.mca.gov.cn/mzsj/xzqh/2025/202401xzqh.html,行政区划覆盖任务，不是已确认公安机构；区划变更及一对多机构关系须核实
police-141022,山西,141022,翼城县,county,police,pending_discovery,山西 翼城县 公安局 公安分局 政府信息公开 官方网站,https://www.mca.gov.cn/mzsj/xzqh/2025/202401xzqh.html,行政区划覆盖任务，不是已确认公安机构；区划变更及一对多机构关系须核实
police-141023,山西,141023,襄汾县,county,police,pending_discovery,山西 襄汾县 公安局 公安分局 政府信息公开 官方网站,https://www.mca.gov.cn/mzsj/xzqh/2025/202401xzqh.html,行政区划覆盖任务，不是已确认公安机构；区划变更及一对多机构关系须核实
police-141024,山西,141024,洪洞县,county,police,pending_discovery,山西 洪洞县 公安局 公安分局 政府信息公开 官方网站,https://www.mca.gov.cn/mzsj/xzqh/2025/202401xzqh.html,行政区划覆盖任务，不是已确认公安机构；区划变更及一对多机构关系须核实
police-141025,山西,141025,古县,county,police,pending_discovery,山西 古县 公安局 公安分局 政府信息公开 官方网站,https://www.mca.gov.cn/mzsj/xzqh/2025/202401xzqh.html,行政区划覆盖任务，不是已确认公安机构；区划变更及一对多机构关系须核实
police-141026,山西,141026,安泽县,county,police,pending_discovery,山西 安泽县 公安局 公安分局 政府信息公开 官方网站,https://www.mca.gov.cn/mzsj/xzqh/2025/202401xzqh.html,行政区划覆盖任务，不是已确认公安机构；区划变更及一对多机构关系须核实
police-141027,山西,141027,浮山县,county,police,pending_discovery,山西 浮山县 公安局 公安分局 政府信息公开 官方网站,https://www.mca.gov.cn/mzsj/xzqh/2025/202401xzqh.html,行政区划覆盖任务，不是已确认公安机构；区划变更及一对多机构关系须核实
police-141028,山西,141028,吉县,county,police,pending_discovery,山西 吉县 公安局 公安分局 政府信息公开 官方网站,https://www.mca.gov.cn/mzsj/xzqh/2025/202401xzqh.html,行政区划覆盖任务，不是已确认公安机构；区划变更及一对多机构关系须核实
police-141029,山西,141029,乡宁县,county,police,pending_discovery,山西 乡宁县 公安局 公安分局 政府信息公开 官方网站,https://www.mca.gov.cn/mzsj/xzqh/2025/202401xzqh.html,行政区划覆盖任务，不是已确认公安机构；区划变更及一对多机构关系须核实
police-141030,山西,141030,大宁县,county,police,pending_discovery,山西 大宁县 公安局 公安分局 政府信息公开 官方网站,https://www.mca.gov.cn/mzsj/xzqh/2025/202401xzqh.html,行政区划覆盖任务，不是已确认公安机构；区划变更及一对多机构关系须核实
police-141031,山西,141031,隰县,county,police,pending_discovery,山西 隰县 公安局 公安分局 政府信息公开 官方网站,https://www.mca.gov.cn/mzsj/xzqh/2025/202401xzqh.html,行政区划覆盖任务，不是已确认公安机构；区划变更及一对多机构关系须核实
police-141032,山西,141032,永和县,county,police,pending_discovery,山西 永和县 公安局 公安分局 政府信息公开 官方网站,https://www.mca.gov.cn/mzsj/xzqh/2025/202401xzqh.html,行政区划覆盖任务，不是已确认公安机构；区划变更及一对多机构关系须核实
police-141033,山西,141033,蒲县,county,police,pending_discovery,山西 蒲县 公安局 公安分局 政府信息公开 官方网站,https://www.mca.gov.cn/mzsj/xzqh/2025/202401xzqh.html,行政区划覆盖任务，不是已确认公安机构；区划变更及一对多机构关系须核实
police-141034,山西,141034,汾西县,county,police,pending_discovery,山西 汾西县 公安局 公安分局 政府信息公开 官方网站,https://www.mca.gov.cn/mzsj/xzqh/2025/202401xzqh.html,行政区划覆盖任务，不是已确认公安机构；区划变更及一对多机构关系须核实
police-141081,山西,141081,侯马市,county,police,pending_discovery,山西 侯马市 公安局 公安分局 政府信息公开 官方网站,https://www.mca.gov.cn/mzsj/xzqh/2025/202401xzqh.html,行政区划覆盖任务，不是已确认公安机构；区划变更及一对多机构关系须核实
police-141082,山西,141082,霍州市,county,police,pending_discovery,山西 霍州市 公安局 公安分局 政府信息公开 官方网站,https://www.mca.gov.cn/mzsj/xzqh/2025/202401xzqh.html,行政区划覆盖任务，不是已确认公安机构；区划变更及一对多机构关系须核实
police-141100,山西,141100,吕梁市,prefecture,police,pending_discovery,山西 吕梁市 公安局 公安分局 政府信息公开 官方网站,https://www.mca.gov.cn/mzsj/xzqh/2025/202401xzqh.html,行政区划覆盖任务，不是已确认公安机构；区划变更及一对多机构关系须核实
police-141102,山西,141102,离石区,county,police,pending_discovery,山西 离石区 公安局 公安分局 政府信息公开 官方网站,https://www.mca.gov.cn/mzsj/xzqh/2025/202401xzqh.html,行政区划覆盖任务，不是已确认公安机构；区划变更及一对多机构关系须核实
police-141121,山西,141121,文水县,county,police,pending_discovery,山西 文水县 公安局 公安分局 政府信息公开 官方网站,https://www.mca.gov.cn/mzsj/xzqh/2025/202401xzqh.html,行政区划覆盖任务，不是已确认公安机构；区划变更及一对多机构关系须核实
police-141122,山西,141122,交城县,county,police,pending_discovery,山西 交城县 公安局 公安分局 政府信息公开 官方网站,https://www.mca.gov.cn/mzsj/xzqh/2025/202401xzqh.html,行政区划覆盖任务，不是已确认公安机构；区划变更及一对多机构关系须核实
police-141123,山西,141123,兴县,county,police,pending_discovery,山西 兴县 公安局 公安分局 政府信息公开 官方网站,https://www.mca.gov.cn/mzsj/xzqh/2025/202401xzqh.html,行政区划覆盖任务，不是已确认公安机构；区划变更及一对多机构关系须核实
police-141124,山西,141124,临县,county,police,pending_discovery,山西 临县 公安局 公安分局 政府信息公开 官方网站,https://www.mca.gov.cn/mzsj/xzqh/2025/202401xzqh.html,行政区划覆盖任务，不是已确认公安机构；区划变更及一对多机构关系须核实
police-141125,山西,141125,柳林县,county,police,pending_discovery,山西 柳林县 公安局 公安分局 政府信息公开 官方网站,https://www.mca.gov.cn/mzsj/xzqh/2025/202401xzqh.html,行政区划覆盖任务，不是已确认公安机构；区划变更及一对多机构关系须核实
police-141126,山西,141126,石楼县,county,police,pending_discovery,山西 石楼县 公安局 公安分局 政府信息公开 官方网站,https://www.mca.gov.cn/mzsj/xzqh/2025/202401xzqh.html,行政区划覆盖任务，不是已确认公安机构；区划变更及一对多机构关系须核实
police-141127,山西,141127,岚县,county,police,pending_discovery,山西 岚县 公安局 公安分局 政府信息公开 官方网站,https://www.mca.gov.cn/mzsj/xzqh/2025/202401xzqh.html,行政区划覆盖任务，不是已确认公安机构；区划变更及一对多机构关系须核实
police-141128,山西,141128,方山县,county,police,pending_discovery,山西 方山县 公安局 公安分局 政府信息公开 官方网站,https://www.mca.gov.cn/mzsj/xzqh/2025/202401xzqh.html,行政区划覆盖任务，不是已确认公安机构；区划变更及一对多机构关系须核实
police-141129,山西,141129,中阳县,county,police,pending_discovery,山西 中阳县 公安局 公安分局 政府信息公开 官方网站,https://www.mca.gov.cn/mzsj/xzqh/2025/202401xzqh.html,行政区划覆盖任务，不是已确认公安机构；区划变更及一对多机构关系须核实
police-141130,山西,141130,交口县,county,police,pending_discovery,山西 交口县 公安局 公安分局 政府信息公开 官方网站,https://www.mca.gov.cn/mzsj/xzqh/2025/202401xzqh.html,行政区划覆盖任务，不是已确认公安机构；区划变更及一对多机构关系须核实
police-141181,山西,141181,孝义市,county,police,pending_discovery,山西 孝义市 公安局 公安分局 政府信息公开 官方网站,https://www.mca.gov.cn/mzsj/xzqh/2025/202401xzqh.html,行政区划覆盖任务，不是已确认公安机构；区划变更及一对多机构关系须核实
police-141182,山西,141182,汾阳市,county,police,pending_discovery,山西 汾阳市 公安局 公安分局 政府信息公开 官方网站,https://www.mca.gov.cn/mzsj/xzqh/2025/202401xzqh.html,行政区划覆盖任务，不是已确认公安机构；区划变更及一对多机构关系须核实
police-150000,内蒙古,150000,内蒙古自治区,province,police,pending_discovery,内蒙古 内蒙古自治区 公安局 公安分局 政府信息公开 官方网站,https://www.mca.gov.cn/mzsj/xzqh/2025/202401xzqh.html,行政区划覆盖任务，不是已确认公安机构；区划变更及一对多机构关系须核实
police-150100,内蒙古,150100,呼和浩特市,prefecture,police,pending_discovery,内蒙古 呼和浩特市 公安局 公安分局 政府信息公开 官方网站,https://www.mca.gov.cn/mzsj/xzqh/2025/202401xzqh.html,行政区划覆盖任务，不是已确认公安机构；区划变更及一对多机构关系须核实
police-150102,内蒙古,150102,新城区,county,police,pending_discovery,内蒙古 新城区 公安局 公安分局 政府信息公开 官方网站,https://www.mca.gov.cn/mzsj/xzqh/2025/202401xzqh.html,行政区划覆盖任务，不是已确认公安机构；区划变更及一对多机构关系须核实
police-150103,内蒙古,150103,回民区,county,police,pending_discovery,内蒙古 回民区 公安局 公安分局 政府信息公开 官方网站,https://www.mca.gov.cn/mzsj/xzqh/2025/202401xzqh.html,行政区划覆盖任务，不是已确认公安机构；区划变更及一对多机构关系须核实
police-150104,内蒙古,150104,玉泉区,county,police,pending_discovery,内蒙古 玉泉区 公安局 公安分局 政府信息公开 官方网站,https://www.mca.gov.cn/mzsj/xzqh/2025/202401xzqh.html,行政区划覆盖任务，不是已确认公安机构；区划变更及一对多机构关系须核实
police-150105,内蒙古,150105,赛罕区,county,police,pending_discovery,内蒙古 赛罕区 公安局 公安分局 政府信息公开 官方网站,https://www.mca.gov.cn/mzsj/xzqh/2025/202401xzqh.html,行政区划覆盖任务，不是已确认公安机构；区划变更及一对多机构关系须核实
police-150121,内蒙古,150121,土默特左旗,county,police,pending_discovery,内蒙古 土默特左旗 公安局 公安分局 政府信息公开 官方网站,https://www.mca.gov.cn/mzsj/xzqh/2025/202401xzqh.html,行政区划覆盖任务，不是已确认公安机构；区划变更及一对多机构关系须核实
police-150122,内蒙古,150122,托克托县,county,police,pending_discovery,内蒙古 托克托县 公安局 公安分局 政府信息公开 官方网站,https://www.mca.gov.cn/mzsj/xzqh/2025/202401xzqh.html,行政区划覆盖任务，不是已确认公安机构；区划变更及一对多机构关系须核实
police-150123,内蒙古,150123,和林格尔县,county,police,pending_discovery,内蒙古 和林格尔县 公安局 公安分局 政府信息公开 官方网站,https://www.mca.gov.cn/mzsj/xzqh/2025/202401xzqh.html,行政区划覆盖任务，不是已确认公安机构；区划变更及一对多机构关系须核实
police-150124,内蒙古,150124,清水河县,county,police,pending_discovery,内蒙古 清水河县 公安局 公安分局 政府信息公开 官方网站,https://www.mca.gov.cn/mzsj/xzqh/2025/202401xzqh.html,行政区划覆盖任务，不是已确认公安机构；区划变更及一对多机构关系须核实
police-150125,内蒙古,150125,武川县,county,police,pending_discovery,内蒙古 武川县 公安局 公安分局 政府信息公开 官方网站,https://www.mca.gov.cn/mzsj/xzqh/2025/202401xzqh.html,行政区划覆盖任务，不是已确认公安机构；区划变更及一对多机构关系须核实
police-150200,内蒙古,150200,包头市,prefecture,police,pending_discovery,内蒙古 包头市 公安局 公安分局 政府信息公开 官方网站,https://www.mca.gov.cn/mzsj/xzqh/2025/202401xzqh.html,行政区划覆盖任务，不是已确认公安机构；区划变更及一对多机构关系须核实
police-150202,内蒙古,150202,东河区,county,police,pending_discovery,内蒙古 东河区 公安局 公安分局 政府信息公开 官方网站,https://www.mca.gov.cn/mzsj/xzqh/2025/202401xzqh.html,行政区划覆盖任务，不是已确认公安机构；区划变更及一对多机构关系须核实
police-150203,内蒙古,150203,昆都仑区,county,police,pending_discovery,内蒙古 昆都仑区 公安局 公安分局 政府信息公开 官方网站,https://www.mca.gov.cn/mzsj/xzqh/2025/202401xzqh.html,行政区划覆盖任务，不是已确认公安机构；区划变更及一对多机构关系须核实
police-150204,内蒙古,150204,青山区,county,police,pending_discovery,内蒙古 青山区 公安局 公安分局 政府信息公开 官方网站,https://www.mca.gov.cn/mzsj/xzqh/2025/202401xzqh.html,行政区划覆盖任务，不是已确认公安机构；区划变更及一对多机构关系须核实
police-150205,内蒙古,150205,石拐区,county,police,pending_discovery,内蒙古 石拐区 公安局 公安分局 政府信息公开 官方网站,https://www.mca.gov.cn/mzsj/xzqh/2025/202401xzqh.html,行政区划覆盖任务，不是已确认公安机构；区划变更及一对多机构关系须核实
police-150206,内蒙古,150206,白云鄂博矿区,county,police,pending_discovery,内蒙古 白云鄂博矿区 公安局 公安分局 政府信息公开 官方网站,https://www.mca.gov.cn/mzsj/xzqh/2025/202401xzqh.html,行政区划覆盖任务，不是已确认公安机构；区划变更及一对多机构关系须核实
police-150207,内蒙古,150207,九原区,county,police,pending_discovery,内蒙古 九原区 公安局 公安分局 政府信息公开 官方网站,https://www.mca.gov.cn/mzsj/xzqh/2025/202401xzqh.html,行政区划覆盖任务，不是已确认公安机构；区划变更及一对多机构关系须核实
police-150221,内蒙古,150221,土默特右旗,county,police,pending_discovery,内蒙古 土默特右旗 公安局 公安分局 政府信息公开 官方网站,https://www.mca.gov.cn/mzsj/xzqh/2025/202401xzqh.html,行政区划覆盖任务，不是已确认公安机构；区划变更及一对多机构关系须核实
police-150222,内蒙古,150222,固阳县,county,police,pending_discovery,内蒙古 固阳县 公安局 公安分局 政府信息公开 官方网站,https://www.mca.gov.cn/mzsj/xzqh/2025/202401xzqh.html,行政区划覆盖任务，不是已确认公安机构；区划变更及一对多机构关系须核实
police-150223,内蒙古,150223,达尔罕茂明安联合旗,county,police,pending_discovery,内蒙古 达尔罕茂明安联合旗 公安局 公安分局 政府信息公开 官方网站,https://www.mca.gov.cn/mzsj/xzqh/2025/202401xzqh.html,行政区划覆盖任务，不是已确认公安机构；区划变更及一对多机构关系须核实
police-150300,内蒙古,150300,乌海市,prefecture,police,pending_discovery,内蒙古 乌海市 公安局 公安分局 政府信息公开 官方网站,https://www.mca.gov.cn/mzsj/xzqh/2025/202401xzqh.html,行政区划覆盖任务，不是已确认公安机构；区划变更及一对多机构关系须核实
police-150302,内蒙古,150302,海勃湾区,county,police,pending_discovery,内蒙古 海勃湾区 公安局 公安分局 政府信息公开 官方网站,https://www.mca.gov.cn/mzsj/xzqh/2025/202401xzqh.html,行政区划覆盖任务，不是已确认公安机构；区划变更及一对多机构关系须核实
police-150303,内蒙古,150303,海南区,county,police,pending_discovery,内蒙古 海南区 公安局 公安分局 政府信息公开 官方网站,https://www.mca.gov.cn/mzsj/xzqh/2025/202401xzqh.html,行政区划覆盖任务，不是已确认公安机构；区划变更及一对多机构关系须核实
police-150304,内蒙古,150304,乌达区,county,police,pending_discovery,内蒙古 乌达区 公安局 公安分局 政府信息公开 官方网站,https://www.mca.gov.cn/mzsj/xzqh/2025/202401xzqh.html,行政区划覆盖任务，不是已确认公安机构；区划变更及一对多机构关系须核实
police-150400,内蒙古,150400,赤峰市,prefecture,police,pending_discovery,内蒙古 赤峰市 公安局 公安分局 政府信息公开 官方网站,https://www.mca.gov.cn/mzsj/xzqh/2025/202401xzqh.html,行政区划覆盖任务，不是已确认公安机构；区划变更及一对多机构关系须核实
police-150402,内蒙古,150402,红山区,county,police,pending_discovery,内蒙古 红山区 公安局 公安分局 政府信息公开 官方网站,https://www.mca.gov.cn/mzsj/xzqh/2025/202401xzqh.html,行政区划覆盖任务，不是已确认公安机构；区划变更及一对多机构关系须核实
police-150403,内蒙古,150403,元宝山区,county,police,pending_discovery,内蒙古 元宝山区 公安局 公安分局 政府信息公开 官方网站,https://www.mca.gov.cn/mzsj/xzqh/2025/202401xzqh.html,行政区划覆盖任务，不是已确认公安机构；区划变更及一对多机构关系须核实
police-150404,内蒙古,150404,松山区,county,police,pending_discovery,内蒙古 松山区 公安局 公安分局 政府信息公开 官方网站,https://www.mca.gov.cn/mzsj/xzqh/2025/202401xzqh.html,行政区划覆盖任务，不是已确认公安机构；区划变更及一对多机构关系须核实
police-150421,内蒙古,150421,阿鲁科尔沁旗,county,police,pending_discovery,内蒙古 阿鲁科尔沁旗 公安局 公安分局 政府信息公开 官方网站,https://www.mca.gov.cn/mzsj/xzqh/2025/202401xzqh.html,行政区划覆盖任务，不是已确认公安机构；区划变更及一对多机构关系须核实
police-150422,内蒙古,150422,巴林左旗,county,police,pending_discovery,内蒙古 巴林左旗 公安局 公安分局 政府信息公开 官方网站,https://www.mca.gov.cn/mzsj/xzqh/2025/202401xzqh.html,行政区划覆盖任务，不是已确认公安机构；区划变更及一对多机构关系须核实
police-150423,内蒙古,150423,巴林右旗,county,police,pending_discovery,内蒙古 巴林右旗 公安局 公安分局 政府信息公开 官方网站,https://www.mca.gov.cn/mzsj/xzqh/2025/202401xzqh.html,行政区划覆盖任务，不是已确认公安机构；区划变更及一对多机构关系须核实
police-150424,内蒙古,150424,林西县,county,police,pending_discovery,内蒙古 林西县 公安局 公安分局 政府信息公开 官方网站,https://www.mca.gov.cn/mzsj/xzqh/2025/202401xzqh.html,行政区划覆盖任务，不是已确认公安机构；区划变更及一对多机构关系须核实
police-150425,内蒙古,150425,克什克腾旗,county,police,pending_discovery,内蒙古 克什克腾旗 公安局 公安分局 政府信息公开 官方网站,https://www.mca.gov.cn/mzsj/xzqh/2025/202401xzqh.html,行政区划覆盖任务，不是已确认公安机构；区划变更及一对多机构关系须核实
police-150426,内蒙古,150426,翁牛特旗,county,police,pending_discovery,内蒙古 翁牛特旗 公安局 公安分局 政府信息公开 官方网站,https://www.mca.gov.cn/mzsj/xzqh/2025/202401xzqh.html,行政区划覆盖任务，不是已确认公安机构；区划变更及一对多机构关系须核实
police-150428,内蒙古,150428,喀喇沁旗,county,police,pending_discovery,内蒙古 喀喇沁旗 公安局 公安分局 政府信息公开 官方网站,https://www.mca.gov.cn/mzsj/xzqh/2025/202401xzqh.html,行政区划覆盖任务，不是已确认公安机构；区划变更及一对多机构关系须核实
police-150429,内蒙古,150429,宁城县,county,police,pending_discovery,内蒙古 宁城县 公安局 公安分局 政府信息公开 官方网站,https://www.mca.gov.cn/mzsj/xzqh/2025/202401xzqh.html,行政区划覆盖任务，不是已确认公安机构；区划变更及一对多机构关系须核实
police-150430,内蒙古,150430,敖汉旗,county,police,pending_discovery,内蒙古 敖汉旗 公安局 公安分局 政府信息公开 官方网站,https://www.mca.gov.cn/mzsj/xzqh/2025/202401xzqh.html,行政区划覆盖任务，不是已确认公安机构；区划变更及一对多机构关系须核实
police-150500,内蒙古,150500,通辽市,prefecture,police,pending_discovery,内蒙古 通辽市 公安局 公安分局 政府信息公开 官方网站,https://www.mca.gov.cn/mzsj/xzqh/2025/202401xzqh.html,行政区划覆盖任务，不是已确认公安机构；区划变更及一对多机构关系须核实
police-150502,内蒙古,150502,科尔沁区,county,police,pending_discovery,内蒙古 科尔沁区 公安局 公安分局 政府信息公开 官方网站,https://www.mca.gov.cn/mzsj/xzqh/2025/202401xzqh.html,行政区划覆盖任务，不是已确认公安机构；区划变更及一对多机构关系须核实
police-150521,内蒙古,150521,科尔沁左翼中旗,county,police,pending_discovery,内蒙古 科尔沁左翼中旗 公安局 公安分局 政府信息公开 官方网站,https://www.mca.gov.cn/mzsj/xzqh/2025/202401xzqh.html,行政区划覆盖任务，不是已确认公安机构；区划变更及一对多机构关系须核实
police-150522,内蒙古,150522,科尔沁左翼后旗,county,police,pending_discovery,内蒙古 科尔沁左翼后旗 公安局 公安分局 政府信息公开 官方网站,https://www.mca.gov.cn/mzsj/xzqh/2025/202401xzqh.html,行政区划覆盖任务，不是已确认公安机构；区划变更及一对多机构关系须核实
police-150523,内蒙古,150523,开鲁县,county,police,pending_discovery,内蒙古 开鲁县 公安局 公安分局 政府信息公开 官方网站,https://www.mca.gov.cn/mzsj/xzqh/2025/202401xzqh.html,行政区划覆盖任务，不是已确认公安机构；区划变更及一对多机构关系须核实
police-150524,内蒙古,150524,库伦旗,county,police,pending_discovery,内蒙古 库伦旗 公安局 公安分局 政府信息公开 官方网站,https://www.mca.gov.cn/mzsj/xzqh/2025/202401xzqh.html,行政区划覆盖任务，不是已确认公安机构；区划变更及一对多机构关系须核实
police-150525,内蒙古,150525,奈曼旗,county,police,pending_discovery,内蒙古 奈曼旗 公安局 公安分局 政府信息公开 官方网站,https://www.mca.gov.cn/mzsj/xzqh/2025/202401xzqh.html,行政区划覆盖任务，不是已确认公安机构；区划变更及一对多机构关系须核实
police-150526,内蒙古,150526,扎鲁特旗,county,police,pending_discovery,内蒙古 扎鲁特旗 公安局 公安分局 政府信息公开 官方网站,https://www.mca.gov.cn/mzsj/xzqh/2025/202401xzqh.html,行政区划覆盖任务，不是已确认公安机构；区划变更及一对多机构关系须核实
police-150581,内蒙古,150581,霍林郭勒市,county,police,pending_discovery,内蒙古 霍林郭勒市 公安局 公安分局 政府信息公开 官方网站,https://www.mca.gov.cn/mzsj/xzqh/2025/202401xzqh.html,行政区划覆盖任务，不是已确认公安机构；区划变更及一对多机构关系须核实
police-150600,内蒙古,150600,鄂尔多斯市,prefecture,police,pending_discovery,内蒙古 鄂尔多斯市 公安局 公安分局 政府信息公开 官方网站,https://www.mca.gov.cn/mzsj/xzqh/2025/202401xzqh.html,行政区划覆盖任务，不是已确认公安机构；区划变更及一对多机构关系须核实
police-150602,内蒙古,150602,东胜区,county,police,pending_discovery,内蒙古 东胜区 公安局 公安分局 政府信息公开 官方网站,https://www.mca.gov.cn/mzsj/xzqh/2025/202401xzqh.html,行政区划覆盖任务，不是已确认公安机构；区划变更及一对多机构关系须核实
police-150603,内蒙古,150603,康巴什区,county,police,pending_discovery,内蒙古 康巴什区 公安局 公安分局 政府信息公开 官方网站,https://www.mca.gov.cn/mzsj/xzqh/2025/202401xzqh.html,行政区划覆盖任务，不是已确认公安机构；区划变更及一对多机构关系须核实
police-150621,内蒙古,150621,达拉特旗,county,police,pending_discovery,内蒙古 达拉特旗 公安局 公安分局 政府信息公开 官方网站,https://www.mca.gov.cn/mzsj/xzqh/2025/202401xzqh.html,行政区划覆盖任务，不是已确认公安机构；区划变更及一对多机构关系须核实
police-150622,内蒙古,150622,准格尔旗,county,police,pending_discovery,内蒙古 准格尔旗 公安局 公安分局 政府信息公开 官方网站,https://www.mca.gov.cn/mzsj/xzqh/2025/202401xzqh.html,行政区划覆盖任务，不是已确认公安机构；区划变更及一对多机构关系须核实
police-150623,内蒙古,150623,鄂托克前旗,county,police,pending_discovery,内蒙古 鄂托克前旗 公安局 公安分局 政府信息公开 官方网站,https://www.mca.gov.cn/mzsj/xzqh/2025/202401xzqh.html,行政区划覆盖任务，不是已确认公安机构；区划变更及一对多机构关系须核实
police-150624,内蒙古,150624,鄂托克旗,county,police,pending_discovery,内蒙古 鄂托克旗 公安局 公安分局 政府信息公开 官方网站,https://www.mca.gov.cn/mzsj/xzqh/2025/202401xzqh.html,行政区划覆盖任务，不是已确认公安机构；区划变更及一对多机构关系须核实
police-150625,内蒙古,150625,杭锦旗,county,police,pending_discovery,内蒙古 杭锦旗 公安局 公安分局 政府信息公开 官方网站,https://www.mca.gov.cn/mzsj/xzqh/2025/202401xzqh.html,行政区划覆盖任务，不是已确认公安机构；区划变更及一对多机构关系须核实
police-150626,内蒙古,150626,乌审旗,county,police,pending_discovery,内蒙古 乌审旗 公安局 公安分局 政府信息公开 官方网站,https://www.mca.gov.cn/mzsj/xzqh/2025/202401xzqh.html,行政区划覆盖任务，不是已确认公安机构；区划变更及一对多机构关系须核实
police-150627,内蒙古,150627,伊金霍洛旗,county,police,pending_discovery,内蒙古 伊金霍洛旗 公安局 公安分局 政府信息公开 官方网站,https://www.mca.gov.cn/mzsj/xzqh/2025/202401xzqh.html,行政区划覆盖任务，不是已确认公安机构；区划变更及一对多机构关系须核实
police-150700,内蒙古,150700,呼伦贝尔市,prefecture,police,pending_discovery,内蒙古 呼伦贝尔市 公安局 公安分局 政府信息公开 官方网站,https://www.mca.gov.cn/mzsj/xzqh/2025/202401xzqh.html,行政区划覆盖任务，不是已确认公安机构；区划变更及一对多机构关系须核实
police-150702,内蒙古,150702,海拉尔区,county,police,pending_discovery,内蒙古 海拉尔区 公安局 公安分局 政府信息公开 官方网站,https://www.mca.gov.cn/mzsj/xzqh/2025/202401xzqh.html,行政区划覆盖任务，不是已确认公安机构；区划变更及一对多机构关系须核实
police-150703,内蒙古,150703,扎赉诺尔区,county,police,pending_discovery,内蒙古 扎赉诺尔区 公安局 公安分局 政府信息公开 官方网站,https://www.mca.gov.cn/mzsj/xzqh/2025/202401xzqh.html,行政区划覆盖任务，不是已确认公安机构；区划变更及一对多机构关系须核实
police-150721,内蒙古,150721,阿荣旗,county,police,pending_discovery,内蒙古 阿荣旗 公安局 公安分局 政府信息公开 官方网站,https://www.mca.gov.cn/mzsj/xzqh/2025/202401xzqh.html,行政区划覆盖任务，不是已确认公安机构；区划变更及一对多机构关系须核实
police-150722,内蒙古,150722,莫力达瓦达斡尔族自治旗,county,police,pending_discovery,内蒙古 莫力达瓦达斡尔族自治旗 公安局 公安分局 政府信息公开 官方网站,https://www.mca.gov.cn/mzsj/xzqh/2025/202401xzqh.html,行政区划覆盖任务，不是已确认公安机构；区划变更及一对多机构关系须核实
police-150723,内蒙古,150723,鄂伦春自治旗,county,police,pending_discovery,内蒙古 鄂伦春自治旗 公安局 公安分局 政府信息公开 官方网站,https://www.mca.gov.cn/mzsj/xzqh/2025/202401xzqh.html,行政区划覆盖任务，不是已确认公安机构；区划变更及一对多机构关系须核实
police-150724,内蒙古,150724,鄂温克族自治旗,county,police,pending_discovery,内蒙古 鄂温克族自治旗 公安局 公安分局 政府信息公开 官方网站,https://www.mca.gov.cn/mzsj/xzqh/2025/202401xzqh.html,行政区划覆盖任务，不是已确认公安机构；区划变更及一对多机构关系须核实
police-150725,内蒙古,150725,陈巴尔虎旗,county,police,pending_discovery,内蒙古 陈巴尔虎旗 公安局 公安分局 政府信息公开 官方网站,https://www.mca.gov.cn/mzsj/xzqh/2025/202401xzqh.html,行政区划覆盖任务，不是已确认公安机构；区划变更及一对多机构关系须核实
police-150726,内蒙古,150726,新巴尔虎左旗,county,police,pending_discovery,内蒙古 新巴尔虎左旗 公安局 公安分局 政府信息公开 官方网站,https://www.mca.gov.cn/mzsj/xzqh/2025/202401xzqh.html,行政区划覆盖任务，不是已确认公安机构；区划变更及一对多机构关系须核实
police-150727,内蒙古,150727,新巴尔虎右旗,county,police,pending_discovery,内蒙古 新巴尔虎右旗 公安局 公安分局 政府信息公开 官方网站,https://www.mca.gov.cn/mzsj/xzqh/2025/202401xzqh.html,行政区划覆盖任务，不是已确认公安机构；区划变更及一对多机构关系须核实
police-150781,内蒙古,150781,满洲里市,county,police,pending_discovery,内蒙古 满洲里市 公安局 公安分局 政府信息公开 官方网站,https://www.mca.gov.cn/mzsj/xzqh/2025/202401xzqh.html,行政区划覆盖任务，不是已确认公安机构；区划变更及一对多机构关系须核实
police-150782,内蒙古,150782,牙克石市,county,police,pending_discovery,内蒙古 牙克石市 公安局 公安分局 政府信息公开 官方网站,https://www.mca.gov.cn/mzsj/xzqh/2025/202401xzqh.html,行政区划覆盖任务，不是已确认公安机构；区划变更及一对多机构关系须核实
police-150783,内蒙古,150783,扎兰屯市,county,police,pending_discovery,内蒙古 扎兰屯市 公安局 公安分局 政府信息公开 官方网站,https://www.mca.gov.cn/mzsj/xzqh/2025/202401xzqh.html,行政区划覆盖任务，不是已确认公安机构；区划变更及一对多机构关系须核实
police-150784,内蒙古,150784,额尔古纳市,county,police,pending_discovery,内蒙古 额尔古纳市 公安局 公安分局 政府信息公开 官方网站,https://www.mca.gov.cn/mzsj/xzqh/2025/202401xzqh.html,行政区划覆盖任务，不是已确认公安机构；区划变更及一对多机构关系须核实
police-150785,内蒙古,150785,根河市,county,police,pending_discovery,内蒙古 根河市 公安局 公安分局 政府信息公开 官方网站,https://www.mca.gov.cn/mzsj/xzqh/2025/202401xzqh.html,行政区划覆盖任务，不是已确认公安机构；区划变更及一对多机构关系须核实
police-150800,内蒙古,150800,巴彦淖尔市,prefecture,police,pending_discovery,内蒙古 巴彦淖尔市 公安局 公安分局 政府信息公开 官方网站,https://www.mca.gov.cn/mzsj/xzqh/2025/202401xzqh.html,行政区划覆盖任务，不是已确认公安机构；区划变更及一对多机构关系须核实
police-150802,内蒙古,150802,临河区,county,police,pending_discovery,内蒙古 临河区 公安局 公安分局 政府信息公开 官方网站,https://www.mca.gov.cn/mzsj/xzqh/2025/202401xzqh.html,行政区划覆盖任务，不是已确认公安机构；区划变更及一对多机构关系须核实
police-150821,内蒙古,150821,五原县,county,police,pending_discovery,内蒙古 五原县 公安局 公安分局 政府信息公开 官方网站,https://www.mca.gov.cn/mzsj/xzqh/2025/202401xzqh.html,行政区划覆盖任务，不是已确认公安机构；区划变更及一对多机构关系须核实
police-150822,内蒙古,150822,磴口县,county,police,pending_discovery,内蒙古 磴口县 公安局 公安分局 政府信息公开 官方网站,https://www.mca.gov.cn/mzsj/xzqh/2025/202401xzqh.html,行政区划覆盖任务，不是已确认公安机构；区划变更及一对多机构关系须核实
police-150823,内蒙古,150823,乌拉特前旗,county,police,pending_discovery,内蒙古 乌拉特前旗 公安局 公安分局 政府信息公开 官方网站,https://www.mca.gov.cn/mzsj/xzqh/2025/202401xzqh.html,行政区划覆盖任务，不是已确认公安机构；区划变更及一对多机构关系须核实
police-150824,内蒙古,150824,乌拉特中旗,county,police,pending_discovery,内蒙古 乌拉特中旗 公安局 公安分局 政府信息公开 官方网站,https://www.mca.gov.cn/mzsj/xzqh/2025/202401xzqh.html,行政区划覆盖任务，不是已确认公安机构；区划变更及一对多机构关系须核实
police-150825,内蒙古,150825,乌拉特后旗,county,police,pending_discovery,内蒙古 乌拉特后旗 公安局 公安分局 政府信息公开 官方网站,https://www.mca.gov.cn/mzsj/xzqh/2025/202401xzqh.html,行政区划覆盖任务，不是已确认公安机构；区划变更及一对多机构关系须核实
police-150826,内蒙古,150826,杭锦后旗,county,police,pending_discovery,内蒙古 杭锦后旗 公安局 公安分局 政府信息公开 官方网站,https://www.mca.gov.cn/mzsj/xzqh/2025/202401xzqh.html,行政区划覆盖任务，不是已确认公安机构；区划变更及一对多机构关系须核实
police-150900,内蒙古,150900,乌兰察布市,prefecture,police,pending_discovery,内蒙古 乌兰察布市 公安局 公安分局 政府信息公开 官方网站,https://www.mca.gov.cn/mzsj/xzqh/2025/202401xzqh.html,行政区划覆盖任务，不是已确认公安机构；区划变更及一对多机构关系须核实
police-150902,内蒙古,150902,集宁区,county,police,pending_discovery,内蒙古 集宁区 公安局 公安分局 政府信息公开 官方网站,https://www.mca.gov.cn/mzsj/xzqh/2025/202401xzqh.html,行政区划覆盖任务，不是已确认公安机构；区划变更及一对多机构关系须核实
police-150921,内蒙古,150921,卓资县,county,police,pending_discovery,内蒙古 卓资县 公安局 公安分局 政府信息公开 官方网站,https://www.mca.gov.cn/mzsj/xzqh/2025/202401xzqh.html,行政区划覆盖任务，不是已确认公安机构；区划变更及一对多机构关系须核实
police-150922,内蒙古,150922,化德县,county,police,pending_discovery,内蒙古 化德县 公安局 公安分局 政府信息公开 官方网站,https://www.mca.gov.cn/mzsj/xzqh/2025/202401xzqh.html,行政区划覆盖任务，不是已确认公安机构；区划变更及一对多机构关系须核实
police-150923,内蒙古,150923,商都县,county,police,pending_discovery,内蒙古 商都县 公安局 公安分局 政府信息公开 官方网站,https://www.mca.gov.cn/mzsj/xzqh/2025/202401xzqh.html,行政区划覆盖任务，不是已确认公安机构；区划变更及一对多机构关系须核实
police-150924,内蒙古,150924,兴和县,county,police,pending_discovery,内蒙古 兴和县 公安局 公安分局 政府信息公开 官方网站,https://www.mca.gov.cn/mzsj/xzqh/2025/202401xzqh.html,行政区划覆盖任务，不是已确认公安机构；区划变更及一对多机构关系须核实
police-150925,内蒙古,150925,凉城县,county,police,pending_discovery,内蒙古 凉城县 公安局 公安分局 政府信息公开 官方网站,https://www.mca.gov.cn/mzsj/xzqh/2025/202401xzqh.html,行政区划覆盖任务，不是已确认公安机构；区划变更及一对多机构关系须核实
police-150926,内蒙古,150926,察哈尔右翼前旗,county,police,pending_discovery,内蒙古 察哈尔右翼前旗 公安局 公安分局 政府信息公开 官方网站,https://www.mca.gov.cn/mzsj/xzqh/2025/202401xzqh.html,行政区划覆盖任务，不是已确认公安机构；区划变更及一对多机构关系须核实
police-150927,内蒙古,150927,察哈尔右翼中旗,county,police,pending_discovery,内蒙古 察哈尔右翼中旗 公安局 公安分局 政府信息公开 官方网站,https://www.mca.gov.cn/mzsj/xzqh/2025/202401xzqh.html,行政区划覆盖任务，不是已确认公安机构；区划变更及一对多机构关系须核实
police-150928,内蒙古,150928,察哈尔右翼后旗,county,police,pending_discovery,内蒙古 察哈尔右翼后旗 公安局 公安分局 政府信息公开 官方网站,https://www.mca.gov.cn/mzsj/xzqh/2025/202401xzqh.html,行政区划覆盖任务，不是已确认公安机构；区划变更及一对多机构关系须核实
police-150929,内蒙古,150929,四子王旗,county,police,pending_discovery,内蒙古 四子王旗 公安局 公安分局 政府信息公开 官方网站,https://www.mca.gov.cn/mzsj/xzqh/2025/202401xzqh.html,行政区划覆盖任务，不是已确认公安机构；区划变更及一对多机构关系须核实
police-150981,内蒙古,150981,丰镇市,county,police,pending_discovery,内蒙古 丰镇市 公安局 公安分局 政府信息公开 官方网站,https://www.mca.gov.cn/mzsj/xzqh/2025/202401xzqh.html,行政区划覆盖任务，不是已确认公安机构；区划变更及一对多机构关系须核实
police-152200,内蒙古,152200,兴安盟,prefecture,police,pending_discovery,内蒙古 兴安盟 公安局 公安分局 政府信息公开 官方网站,https://www.mca.gov.cn/mzsj/xzqh/2025/202401xzqh.html,行政区划覆盖任务，不是已确认公安机构；区划变更及一对多机构关系须核实
police-152201,内蒙古,152201,乌兰浩特市,county,police,pending_discovery,内蒙古 乌兰浩特市 公安局 公安分局 政府信息公开 官方网站,https://www.mca.gov.cn/mzsj/xzqh/2025/202401xzqh.html,行政区划覆盖任务，不是已确认公安机构；区划变更及一对多机构关系须核实
police-152202,内蒙古,152202,阿尔山市,county,police,pending_discovery,内蒙古 阿尔山市 公安局 公安分局 政府信息公开 官方网站,https://www.mca.gov.cn/mzsj/xzqh/2025/202401xzqh.html,行政区划覆盖任务，不是已确认公安机构；区划变更及一对多机构关系须核实
police-152221,内蒙古,152221,科尔沁右翼前旗,county,police,pending_discovery,内蒙古 科尔沁右翼前旗 公安局 公安分局 政府信息公开 官方网站,https://www.mca.gov.cn/mzsj/xzqh/2025/202401xzqh.html,行政区划覆盖任务，不是已确认公安机构；区划变更及一对多机构关系须核实
police-152222,内蒙古,152222,科尔沁右翼中旗,county,police,pending_discovery,内蒙古 科尔沁右翼中旗 公安局 公安分局 政府信息公开 官方网站,https://www.mca.gov.cn/mzsj/xzqh/2025/202401xzqh.html,行政区划覆盖任务，不是已确认公安机构；区划变更及一对多机构关系须核实
police-152223,内蒙古,152223,扎赉特旗,county,police,pending_discovery,内蒙古 扎赉特旗 公安局 公安分局 政府信息公开 官方网站,https://www.mca.gov.cn/mzsj/xzqh/2025/202401xzqh.html,行政区划覆盖任务，不是已确认公安机构；区划变更及一对多机构关系须核实
police-152224,内蒙古,152224,突泉县,county,police,pending_discovery,内蒙古 突泉县 公安局 公安分局 政府信息公开 官方网站,https://www.mca.gov.cn/mzsj/xzqh/2025/202401xzqh.html,行政区划覆盖任务，不是已确认公安机构；区划变更及一对多机构关系须核实
police-152500,内蒙古,152500,锡林郭勒盟,prefecture,police,pending_discovery,内蒙古 锡林郭勒盟 公安局 公安分局 政府信息公开 官方网站,https://www.mca.gov.cn/mzsj/xzqh/2025/202401xzqh.html,行政区划覆盖任务，不是已确认公安机构；区划变更及一对多机构关系须核实
police-152501,内蒙古,152501,二连浩特市,county,police,pending_discovery,内蒙古 二连浩特市 公安局 公安分局 政府信息公开 官方网站,https://www.mca.gov.cn/mzsj/xzqh/2025/202401xzqh.html,行政区划覆盖任务，不是已确认公安机构；区划变更及一对多机构关系须核实
police-152502,内蒙古,152502,锡林浩特市,county,police,pending_discovery,内蒙古 锡林浩特市 公安局 公安分局 政府信息公开 官方网站,https://www.mca.gov.cn/mzsj/xzqh/2025/202401xzqh.html,行政区划覆盖任务，不是已确认公安机构；区划变更及一对多机构关系须核实
police-152522,内蒙古,152522,阿巴嘎旗,county,police,pending_discovery,内蒙古 阿巴嘎旗 公安局 公安分局 政府信息公开 官方网站,https://www.mca.gov.cn/mzsj/xzqh/2025/202401xzqh.html,行政区划覆盖任务，不是已确认公安机构；区划变更及一对多机构关系须核实
police-152523,内蒙古,152523,苏尼特左旗,county,police,pending_discovery,内蒙古 苏尼特左旗 公安局 公安分局 政府信息公开 官方网站,https://www.mca.gov.cn/mzsj/xzqh/2025/202401xzqh.html,行政区划覆盖任务，不是已确认公安机构；区划变更及一对多机构关系须核实
police-152524,内蒙古,152524,苏尼特右旗,county,police,pending_discovery,内蒙古 苏尼特右旗 公安局 公安分局 政府信息公开 官方网站,https://www.mca.gov.cn/mzsj/xzqh/2025/202401xzqh.html,行政区划覆盖任务，不是已确认公安机构；区划变更及一对多机构关系须核实
police-152525,内蒙古,152525,东乌珠穆沁旗,county,police,pending_discovery,内蒙古 东乌珠穆沁旗 公安局 公安分局 政府信息公开 官方网站,https://www.mca.gov.cn/mzsj/xzqh/2025/202401xzqh.html,行政区划覆盖任务，不是已确认公安机构；区划变更及一对多机构关系须核实
police-152526,内蒙古,152526,西乌珠穆沁旗,county,police,pending_discovery,内蒙古 西乌珠穆沁旗 公安局 公安分局 政府信息公开 官方网站,https://www.mca.gov.cn/mzsj/xzqh/2025/202401xzqh.html,行政区划覆盖任务，不是已确认公安机构；区划变更及一对多机构关系须核实
police-152527,内蒙古,152527,太仆寺旗,county,police,pending_discovery,内蒙古 太仆寺旗 公安局 公安分局 政府信息公开 官方网站,https://www.mca.gov.cn/mzsj/xzqh/2025/202401xzqh.html,行政区划覆盖任务，不是已确认公安机构；区划变更及一对多机构关系须核实
police-152528,内蒙古,152528,镶黄旗,county,police,pending_discovery,内蒙古 镶黄旗 公安局 公安分局 政府信息公开 官方网站,https://www.mca.gov.cn/mzsj/xzqh/2025/202401xzqh.html,行政区划覆盖任务，不是已确认公安机构；区划变更及一对多机构关系须核实
police-152529,内蒙古,152529,正镶白旗,county,police,pending_discovery,内蒙古 正镶白旗 公安局 公安分局 政府信息公开 官方网站,https://www.mca.gov.cn/mzsj/xzqh/2025/202401xzqh.html,行政区划覆盖任务，不是已确认公安机构；区划变更及一对多机构关系须核实
police-152530,内蒙古,152530,正蓝旗,county,police,pending_discovery,内蒙古 正蓝旗 公安局 公安分局 政府信息公开 官方网站,https://www.mca.gov.cn/mzsj/xzqh/2025/202401xzqh.html,行政区划覆盖任务，不是已确认公安机构；区划变更及一对多机构关系须核实
police-152531,内蒙古,152531,多伦县,county,police,pending_discovery,内蒙古 多伦县 公安局 公安分局 政府信息公开 官方网站,https://www.mca.gov.cn/mzsj/xzqh/2025/202401xzqh.html,行政区划覆盖任务，不是已确认公安机构；区划变更及一对多机构关系须核实
police-152900,内蒙古,152900,阿拉善盟,prefecture,police,pending_discovery,内蒙古 阿拉善盟 公安局 公安分局 政府信息公开 官方网站,https://www.mca.gov.cn/mzsj/xzqh/2025/202401xzqh.html,行政区划覆盖任务，不是已确认公安机构；区划变更及一对多机构关系须核实
police-152921,内蒙古,152921,阿拉善左旗,county,police,pending_discovery,内蒙古 阿拉善左旗 公安局 公安分局 政府信息公开 官方网站,https://www.mca.gov.cn/mzsj/xzqh/2025/202401xzqh.html,行政区划覆盖任务，不是已确认公安机构；区划变更及一对多机构关系须核实
police-152922,内蒙古,152922,阿拉善右旗,county,police,pending_discovery,内蒙古 阿拉善右旗 公安局 公安分局 政府信息公开 官方网站,https://www.mca.gov.cn/mzsj/xzqh/2025/202401xzqh.html,行政区划覆盖任务，不是已确认公安机构；区划变更及一对多机构关系须核实
police-152923,内蒙古,152923,额济纳旗,county,police,pending_discovery,内蒙古 额济纳旗 公安局 公安分局 政府信息公开 官方网站,https://www.mca.gov.cn/mzsj/xzqh/2025/202401xzqh.html,行政区划覆盖任务，不是已确认公安机构；区划变更及一对多机构关系须核实
police-210000,辽宁,210000,辽宁省,province,police,pending_discovery,辽宁 辽宁省 公安局 公安分局 政府信息公开 官方网站,https://www.mca.gov.cn/mzsj/xzqh/2025/202401xzqh.html,行政区划覆盖任务，不是已确认公安机构；区划变更及一对多机构关系须核实
police-210100,辽宁,210100,沈阳市,prefecture,police,pending_discovery,辽宁 沈阳市 公安局 公安分局 政府信息公开 官方网站,https://www.mca.gov.cn/mzsj/xzqh/2025/202401xzqh.html,行政区划覆盖任务，不是已确认公安机构；区划变更及一对多机构关系须核实
police-210102,辽宁,210102,和平区,county,police,pending_discovery,辽宁 和平区 公安局 公安分局 政府信息公开 官方网站,https://www.mca.gov.cn/mzsj/xzqh/2025/202401xzqh.html,行政区划覆盖任务，不是已确认公安机构；区划变更及一对多机构关系须核实
police-210103,辽宁,210103,沈河区,county,police,pending_discovery,辽宁 沈河区 公安局 公安分局 政府信息公开 官方网站,https://www.mca.gov.cn/mzsj/xzqh/2025/202401xzqh.html,行政区划覆盖任务，不是已确认公安机构；区划变更及一对多机构关系须核实
police-210104,辽宁,210104,大东区,county,police,pending_discovery,辽宁 大东区 公安局 公安分局 政府信息公开 官方网站,https://www.mca.gov.cn/mzsj/xzqh/2025/202401xzqh.html,行政区划覆盖任务，不是已确认公安机构；区划变更及一对多机构关系须核实
police-210105,辽宁,210105,皇姑区,county,police,pending_discovery,辽宁 皇姑区 公安局 公安分局 政府信息公开 官方网站,https://www.mca.gov.cn/mzsj/xzqh/2025/202401xzqh.html,行政区划覆盖任务，不是已确认公安机构；区划变更及一对多机构关系须核实
police-210106,辽宁,210106,铁西区,county,police,pending_discovery,辽宁 铁西区 公安局 公安分局 政府信息公开 官方网站,https://www.mca.gov.cn/mzsj/xzqh/2025/202401xzqh.html,行政区划覆盖任务，不是已确认公安机构；区划变更及一对多机构关系须核实
police-210111,辽宁,210111,苏家屯区,county,police,pending_discovery,辽宁 苏家屯区 公安局 公安分局 政府信息公开 官方网站,https://www.mca.gov.cn/mzsj/xzqh/2025/202401xzqh.html,行政区划覆盖任务，不是已确认公安机构；区划变更及一对多机构关系须核实
police-210112,辽宁,210112,浑南区,county,police,pending_discovery,辽宁 浑南区 公安局 公安分局 政府信息公开 官方网站,https://www.mca.gov.cn/mzsj/xzqh/2025/202401xzqh.html,行政区划覆盖任务，不是已确认公安机构；区划变更及一对多机构关系须核实
police-210113,辽宁,210113,沈北新区,county,police,pending_discovery,辽宁 沈北新区 公安局 公安分局 政府信息公开 官方网站,https://www.mca.gov.cn/mzsj/xzqh/2025/202401xzqh.html,行政区划覆盖任务，不是已确认公安机构；区划变更及一对多机构关系须核实
police-210114,辽宁,210114,于洪区,county,police,pending_discovery,辽宁 于洪区 公安局 公安分局 政府信息公开 官方网站,https://www.mca.gov.cn/mzsj/xzqh/2025/202401xzqh.html,行政区划覆盖任务，不是已确认公安机构；区划变更及一对多机构关系须核实
police-210115,辽宁,210115,辽中区,county,police,pending_discovery,辽宁 辽中区 公安局 公安分局 政府信息公开 官方网站,https://www.mca.gov.cn/mzsj/xzqh/2025/202401xzqh.html,行政区划覆盖任务，不是已确认公安机构；区划变更及一对多机构关系须核实
police-210123,辽宁,210123,康平县,county,police,pending_discovery,辽宁 康平县 公安局 公安分局 政府信息公开 官方网站,https://www.mca.gov.cn/mzsj/xzqh/2025/202401xzqh.html,行政区划覆盖任务，不是已确认公安机构；区划变更及一对多机构关系须核实
police-210124,辽宁,210124,法库县,county,police,pending_discovery,辽宁 法库县 公安局 公安分局 政府信息公开 官方网站,https://www.mca.gov.cn/mzsj/xzqh/2025/202401xzqh.html,行政区划覆盖任务，不是已确认公安机构；区划变更及一对多机构关系须核实
police-210181,辽宁,210181,新民市,county,police,pending_discovery,辽宁 新民市 公安局 公安分局 政府信息公开 官方网站,https://www.mca.gov.cn/mzsj/xzqh/2025/202401xzqh.html,行政区划覆盖任务，不是已确认公安机构；区划变更及一对多机构关系须核实
police-210200,辽宁,210200,大连市,prefecture,police,pending_discovery,辽宁 大连市 公安局 公安分局 政府信息公开 官方网站,https://www.mca.gov.cn/mzsj/xzqh/2025/202401xzqh.html,行政区划覆盖任务，不是已确认公安机构；区划变更及一对多机构关系须核实
police-210202,辽宁,210202,中山区,county,police,pending_discovery,辽宁 中山区 公安局 公安分局 政府信息公开 官方网站,https://www.mca.gov.cn/mzsj/xzqh/2025/202401xzqh.html,行政区划覆盖任务，不是已确认公安机构；区划变更及一对多机构关系须核实
police-210203,辽宁,210203,西岗区,county,police,pending_discovery,辽宁 西岗区 公安局 公安分局 政府信息公开 官方网站,https://www.mca.gov.cn/mzsj/xzqh/2025/202401xzqh.html,行政区划覆盖任务，不是已确认公安机构；区划变更及一对多机构关系须核实
police-210204,辽宁,210204,沙河口区,county,police,pending_discovery,辽宁 沙河口区 公安局 公安分局 政府信息公开 官方网站,https://www.mca.gov.cn/mzsj/xzqh/2025/202401xzqh.html,行政区划覆盖任务，不是已确认公安机构；区划变更及一对多机构关系须核实
police-210211,辽宁,210211,甘井子区,county,police,pending_discovery,辽宁 甘井子区 公安局 公安分局 政府信息公开 官方网站,https://www.mca.gov.cn/mzsj/xzqh/2025/202401xzqh.html,行政区划覆盖任务，不是已确认公安机构；区划变更及一对多机构关系须核实
police-210212,辽宁,210212,旅顺口区,county,police,pending_discovery,辽宁 旅顺口区 公安局 公安分局 政府信息公开 官方网站,https://www.mca.gov.cn/mzsj/xzqh/2025/202401xzqh.html,行政区划覆盖任务，不是已确认公安机构；区划变更及一对多机构关系须核实
police-210213,辽宁,210213,金州区,county,police,pending_discovery,辽宁 金州区 公安局 公安分局 政府信息公开 官方网站,https://www.mca.gov.cn/mzsj/xzqh/2025/202401xzqh.html,行政区划覆盖任务，不是已确认公安机构；区划变更及一对多机构关系须核实
police-210214,辽宁,210214,普兰店区,county,police,pending_discovery,辽宁 普兰店区 公安局 公安分局 政府信息公开 官方网站,https://www.mca.gov.cn/mzsj/xzqh/2025/202401xzqh.html,行政区划覆盖任务，不是已确认公安机构；区划变更及一对多机构关系须核实
police-210224,辽宁,210224,长海县,county,police,pending_discovery,辽宁 长海县 公安局 公安分局 政府信息公开 官方网站,https://www.mca.gov.cn/mzsj/xzqh/2025/202401xzqh.html,行政区划覆盖任务，不是已确认公安机构；区划变更及一对多机构关系须核实
police-210281,辽宁,210281,瓦房店市,county,police,pending_discovery,辽宁 瓦房店市 公安局 公安分局 政府信息公开 官方网站,https://www.mca.gov.cn/mzsj/xzqh/2025/202401xzqh.html,行政区划覆盖任务，不是已确认公安机构；区划变更及一对多机构关系须核实
police-210283,辽宁,210283,庄河市,county,police,pending_discovery,辽宁 庄河市 公安局 公安分局 政府信息公开 官方网站,https://www.mca.gov.cn/mzsj/xzqh/2025/202401xzqh.html,行政区划覆盖任务，不是已确认公安机构；区划变更及一对多机构关系须核实
police-210300,辽宁,210300,鞍山市,prefecture,police,pending_discovery,辽宁 鞍山市 公安局 公安分局 政府信息公开 官方网站,https://www.mca.gov.cn/mzsj/xzqh/2025/202401xzqh.html,行政区划覆盖任务，不是已确认公安机构；区划变更及一对多机构关系须核实
police-210302,辽宁,210302,铁东区,county,police,pending_discovery,辽宁 铁东区 公安局 公安分局 政府信息公开 官方网站,https://www.mca.gov.cn/mzsj/xzqh/2025/202401xzqh.html,行政区划覆盖任务，不是已确认公安机构；区划变更及一对多机构关系须核实
police-210303,辽宁,210303,铁西区,county,police,pending_discovery,辽宁 铁西区 公安局 公安分局 政府信息公开 官方网站,https://www.mca.gov.cn/mzsj/xzqh/2025/202401xzqh.html,行政区划覆盖任务，不是已确认公安机构；区划变更及一对多机构关系须核实
police-210304,辽宁,210304,立山区,county,police,pending_discovery,辽宁 立山区 公安局 公安分局 政府信息公开 官方网站,https://www.mca.gov.cn/mzsj/xzqh/2025/202401xzqh.html,行政区划覆盖任务，不是已确认公安机构；区划变更及一对多机构关系须核实
police-210311,辽宁,210311,千山区,county,police,pending_discovery,辽宁 千山区 公安局 公安分局 政府信息公开 官方网站,https://www.mca.gov.cn/mzsj/xzqh/2025/202401xzqh.html,行政区划覆盖任务，不是已确认公安机构；区划变更及一对多机构关系须核实
police-210321,辽宁,210321,台安县,county,police,pending_discovery,辽宁 台安县 公安局 公安分局 政府信息公开 官方网站,https://www.mca.gov.cn/mzsj/xzqh/2025/202401xzqh.html,行政区划覆盖任务，不是已确认公安机构；区划变更及一对多机构关系须核实
police-210323,辽宁,210323,岫岩满族自治县,county,police,pending_discovery,辽宁 岫岩满族自治县 公安局 公安分局 政府信息公开 官方网站,https://www.mca.gov.cn/mzsj/xzqh/2025/202401xzqh.html,行政区划覆盖任务，不是已确认公安机构；区划变更及一对多机构关系须核实
police-210381,辽宁,210381,海城市,county,police,pending_discovery,辽宁 海城市 公安局 公安分局 政府信息公开 官方网站,https://www.mca.gov.cn/mzsj/xzqh/2025/202401xzqh.html,行政区划覆盖任务，不是已确认公安机构；区划变更及一对多机构关系须核实
police-210400,辽宁,210400,抚顺市,prefecture,police,pending_discovery,辽宁 抚顺市 公安局 公安分局 政府信息公开 官方网站,https://www.mca.gov.cn/mzsj/xzqh/2025/202401xzqh.html,行政区划覆盖任务，不是已确认公安机构；区划变更及一对多机构关系须核实
police-210402,辽宁,210402,新抚区,county,police,pending_discovery,辽宁 新抚区 公安局 公安分局 政府信息公开 官方网站,https://www.mca.gov.cn/mzsj/xzqh/2025/202401xzqh.html,行政区划覆盖任务，不是已确认公安机构；区划变更及一对多机构关系须核实
police-210403,辽宁,210403,东洲区,county,police,pending_discovery,辽宁 东洲区 公安局 公安分局 政府信息公开 官方网站,https://www.mca.gov.cn/mzsj/xzqh/2025/202401xzqh.html,行政区划覆盖任务，不是已确认公安机构；区划变更及一对多机构关系须核实
police-210404,辽宁,210404,望花区,county,police,pending_discovery,辽宁 望花区 公安局 公安分局 政府信息公开 官方网站,https://www.mca.gov.cn/mzsj/xzqh/2025/202401xzqh.html,行政区划覆盖任务，不是已确认公安机构；区划变更及一对多机构关系须核实
police-210411,辽宁,210411,顺城区,county,police,pending_discovery,辽宁 顺城区 公安局 公安分局 政府信息公开 官方网站,https://www.mca.gov.cn/mzsj/xzqh/2025/202401xzqh.html,行政区划覆盖任务，不是已确认公安机构；区划变更及一对多机构关系须核实
police-210421,辽宁,210421,抚顺县,county,police,pending_discovery,辽宁 抚顺县 公安局 公安分局 政府信息公开 官方网站,https://www.mca.gov.cn/mzsj/xzqh/2025/202401xzqh.html,行政区划覆盖任务，不是已确认公安机构；区划变更及一对多机构关系须核实
police-210422,辽宁,210422,新宾满族自治县,county,police,pending_discovery,辽宁 新宾满族自治县 公安局 公安分局 政府信息公开 官方网站,https://www.mca.gov.cn/mzsj/xzqh/2025/202401xzqh.html,行政区划覆盖任务，不是已确认公安机构；区划变更及一对多机构关系须核实
police-210423,辽宁,210423,清原满族自治县,county,police,pending_discovery,辽宁 清原满族自治县 公安局 公安分局 政府信息公开 官方网站,https://www.mca.gov.cn/mzsj/xzqh/2025/202401xzqh.html,行政区划覆盖任务，不是已确认公安机构；区划变更及一对多机构关系须核实
police-210500,辽宁,210500,本溪市,prefecture,police,pending_discovery,辽宁 本溪市 公安局 公安分局 政府信息公开 官方网站,https://www.mca.gov.cn/mzsj/xzqh/2025/202401xzqh.html,行政区划覆盖任务，不是已确认公安机构；区划变更及一对多机构关系须核实
police-210502,辽宁,210502,平山区,county,police,pending_discovery,辽宁 平山区 公安局 公安分局 政府信息公开 官方网站,https://www.mca.gov.cn/mzsj/xzqh/2025/202401xzqh.html,行政区划覆盖任务，不是已确认公安机构；区划变更及一对多机构关系须核实
police-210503,辽宁,210503,溪湖区,county,police,pending_discovery,辽宁 溪湖区 公安局 公安分局 政府信息公开 官方网站,https://www.mca.gov.cn/mzsj/xzqh/2025/202401xzqh.html,行政区划覆盖任务，不是已确认公安机构；区划变更及一对多机构关系须核实
police-210504,辽宁,210504,明山区,county,police,pending_discovery,辽宁 明山区 公安局 公安分局 政府信息公开 官方网站,https://www.mca.gov.cn/mzsj/xzqh/2025/202401xzqh.html,行政区划覆盖任务，不是已确认公安机构；区划变更及一对多机构关系须核实
police-210505,辽宁,210505,南芬区,county,police,pending_discovery,辽宁 南芬区 公安局 公安分局 政府信息公开 官方网站,https://www.mca.gov.cn/mzsj/xzqh/2025/202401xzqh.html,行政区划覆盖任务，不是已确认公安机构；区划变更及一对多机构关系须核实
police-210521,辽宁,210521,本溪满族自治县,county,police,pending_discovery,辽宁 本溪满族自治县 公安局 公安分局 政府信息公开 官方网站,https://www.mca.gov.cn/mzsj/xzqh/2025/202401xzqh.html,行政区划覆盖任务，不是已确认公安机构；区划变更及一对多机构关系须核实
police-210522,辽宁,210522,桓仁满族自治县,county,police,pending_discovery,辽宁 桓仁满族自治县 公安局 公安分局 政府信息公开 官方网站,https://www.mca.gov.cn/mzsj/xzqh/2025/202401xzqh.html,行政区划覆盖任务，不是已确认公安机构；区划变更及一对多机构关系须核实
police-210600,辽宁,210600,丹东市,prefecture,police,pending_discovery,辽宁 丹东市 公安局 公安分局 政府信息公开 官方网站,https://www.mca.gov.cn/mzsj/xzqh/2025/202401xzqh.html,行政区划覆盖任务，不是已确认公安机构；区划变更及一对多机构关系须核实
police-210602,辽宁,210602,元宝区,county,police,pending_discovery,辽宁 元宝区 公安局 公安分局 政府信息公开 官方网站,https://www.mca.gov.cn/mzsj/xzqh/2025/202401xzqh.html,行政区划覆盖任务，不是已确认公安机构；区划变更及一对多机构关系须核实
police-210603,辽宁,210603,振兴区,county,police,pending_discovery,辽宁 振兴区 公安局 公安分局 政府信息公开 官方网站,https://www.mca.gov.cn/mzsj/xzqh/2025/202401xzqh.html,行政区划覆盖任务，不是已确认公安机构；区划变更及一对多机构关系须核实
police-210604,辽宁,210604,振安区,county,police,pending_discovery,辽宁 振安区 公安局 公安分局 政府信息公开 官方网站,https://www.mca.gov.cn/mzsj/xzqh/2025/202401xzqh.html,行政区划覆盖任务，不是已确认公安机构；区划变更及一对多机构关系须核实
police-210624,辽宁,210624,宽甸满族自治县,county,police,pending_discovery,辽宁 宽甸满族自治县 公安局 公安分局 政府信息公开 官方网站,https://www.mca.gov.cn/mzsj/xzqh/2025/202401xzqh.html,行政区划覆盖任务，不是已确认公安机构；区划变更及一对多机构关系须核实
police-210681,辽宁,210681,东港市,county,police,pending_discovery,辽宁 东港市 公安局 公安分局 政府信息公开 官方网站,https://www.mca.gov.cn/mzsj/xzqh/2025/202401xzqh.html,行政区划覆盖任务，不是已确认公安机构；区划变更及一对多机构关系须核实
police-210682,辽宁,210682,凤城市,county,police,pending_discovery,辽宁 凤城市 公安局 公安分局 政府信息公开 官方网站,https://www.mca.gov.cn/mzsj/xzqh/2025/202401xzqh.html,行政区划覆盖任务，不是已确认公安机构；区划变更及一对多机构关系须核实
police-210700,辽宁,210700,锦州市,prefecture,police,pending_discovery,辽宁 锦州市 公安局 公安分局 政府信息公开 官方网站,https://www.mca.gov.cn/mzsj/xzqh/2025/202401xzqh.html,行政区划覆盖任务，不是已确认公安机构；区划变更及一对多机构关系须核实
police-210702,辽宁,210702,古塔区,county,police,pending_discovery,辽宁 古塔区 公安局 公安分局 政府信息公开 官方网站,https://www.mca.gov.cn/mzsj/xzqh/2025/202401xzqh.html,行政区划覆盖任务，不是已确认公安机构；区划变更及一对多机构关系须核实
police-210703,辽宁,210703,凌河区,county,police,pending_discovery,辽宁 凌河区 公安局 公安分局 政府信息公开 官方网站,https://www.mca.gov.cn/mzsj/xzqh/2025/202401xzqh.html,行政区划覆盖任务，不是已确认公安机构；区划变更及一对多机构关系须核实
police-210711,辽宁,210711,太和区,county,police,pending_discovery,辽宁 太和区 公安局 公安分局 政府信息公开 官方网站,https://www.mca.gov.cn/mzsj/xzqh/2025/202401xzqh.html,行政区划覆盖任务，不是已确认公安机构；区划变更及一对多机构关系须核实
police-210726,辽宁,210726,黑山县,county,police,pending_discovery,辽宁 黑山县 公安局 公安分局 政府信息公开 官方网站,https://www.mca.gov.cn/mzsj/xzqh/2025/202401xzqh.html,行政区划覆盖任务，不是已确认公安机构；区划变更及一对多机构关系须核实
police-210727,辽宁,210727,义县,county,police,pending_discovery,辽宁 义县 公安局 公安分局 政府信息公开 官方网站,https://www.mca.gov.cn/mzsj/xzqh/2025/202401xzqh.html,行政区划覆盖任务，不是已确认公安机构；区划变更及一对多机构关系须核实
police-210781,辽宁,210781,凌海市,county,police,pending_discovery,辽宁 凌海市 公安局 公安分局 政府信息公开 官方网站,https://www.mca.gov.cn/mzsj/xzqh/2025/202401xzqh.html,行政区划覆盖任务，不是已确认公安机构；区划变更及一对多机构关系须核实
police-210782,辽宁,210782,北镇市,county,police,pending_discovery,辽宁 北镇市 公安局 公安分局 政府信息公开 官方网站,https://www.mca.gov.cn/mzsj/xzqh/2025/202401xzqh.html,行政区划覆盖任务，不是已确认公安机构；区划变更及一对多机构关系须核实
police-210800,辽宁,210800,营口市,prefecture,police,pending_discovery,辽宁 营口市 公安局 公安分局 政府信息公开 官方网站,https://www.mca.gov.cn/mzsj/xzqh/2025/202401xzqh.html,行政区划覆盖任务，不是已确认公安机构；区划变更及一对多机构关系须核实
police-210802,辽宁,210802,站前区,county,police,pending_discovery,辽宁 站前区 公安局 公安分局 政府信息公开 官方网站,https://www.mca.gov.cn/mzsj/xzqh/2025/202401xzqh.html,行政区划覆盖任务，不是已确认公安机构；区划变更及一对多机构关系须核实
police-210803,辽宁,210803,西市区,county,police,pending_discovery,辽宁 西市区 公安局 公安分局 政府信息公开 官方网站,https://www.mca.gov.cn/mzsj/xzqh/2025/202401xzqh.html,行政区划覆盖任务，不是已确认公安机构；区划变更及一对多机构关系须核实
police-210804,辽宁,210804,鲅鱼圈区,county,police,pending_discovery,辽宁 鲅鱼圈区 公安局 公安分局 政府信息公开 官方网站,https://www.mca.gov.cn/mzsj/xzqh/2025/202401xzqh.html,行政区划覆盖任务，不是已确认公安机构；区划变更及一对多机构关系须核实
police-210811,辽宁,210811,老边区,county,police,pending_discovery,辽宁 老边区 公安局 公安分局 政府信息公开 官方网站,https://www.mca.gov.cn/mzsj/xzqh/2025/202401xzqh.html,行政区划覆盖任务，不是已确认公安机构；区划变更及一对多机构关系须核实
police-210881,辽宁,210881,盖州市,county,police,pending_discovery,辽宁 盖州市 公安局 公安分局 政府信息公开 官方网站,https://www.mca.gov.cn/mzsj/xzqh/2025/202401xzqh.html,行政区划覆盖任务，不是已确认公安机构；区划变更及一对多机构关系须核实
police-210882,辽宁,210882,大石桥市,county,police,pending_discovery,辽宁 大石桥市 公安局 公安分局 政府信息公开 官方网站,https://www.mca.gov.cn/mzsj/xzqh/2025/202401xzqh.html,行政区划覆盖任务，不是已确认公安机构；区划变更及一对多机构关系须核实
police-210900,辽宁,210900,阜新市,prefecture,police,pending_discovery,辽宁 阜新市 公安局 公安分局 政府信息公开 官方网站,https://www.mca.gov.cn/mzsj/xzqh/2025/202401xzqh.html,行政区划覆盖任务，不是已确认公安机构；区划变更及一对多机构关系须核实
police-210902,辽宁,210902,海州区,county,police,pending_discovery,辽宁 海州区 公安局 公安分局 政府信息公开 官方网站,https://www.mca.gov.cn/mzsj/xzqh/2025/202401xzqh.html,行政区划覆盖任务，不是已确认公安机构；区划变更及一对多机构关系须核实
police-210903,辽宁,210903,新邱区,county,police,pending_discovery,辽宁 新邱区 公安局 公安分局 政府信息公开 官方网站,https://www.mca.gov.cn/mzsj/xzqh/2025/202401xzqh.html,行政区划覆盖任务，不是已确认公安机构；区划变更及一对多机构关系须核实
police-210904,辽宁,210904,太平区,county,police,pending_discovery,辽宁 太平区 公安局 公安分局 政府信息公开 官方网站,https://www.mca.gov.cn/mzsj/xzqh/2025/202401xzqh.html,行政区划覆盖任务，不是已确认公安机构；区划变更及一对多机构关系须核实
police-210905,辽宁,210905,清河门区,county,police,pending_discovery,辽宁 清河门区 公安局 公安分局 政府信息公开 官方网站,https://www.mca.gov.cn/mzsj/xzqh/2025/202401xzqh.html,行政区划覆盖任务，不是已确认公安机构；区划变更及一对多机构关系须核实
police-210911,辽宁,210911,细河区,county,police,pending_discovery,辽宁 细河区 公安局 公安分局 政府信息公开 官方网站,https://www.mca.gov.cn/mzsj/xzqh/2025/202401xzqh.html,行政区划覆盖任务，不是已确认公安机构；区划变更及一对多机构关系须核实
police-210921,辽宁,210921,阜新蒙古族自治县,county,police,pending_discovery,辽宁 阜新蒙古族自治县 公安局 公安分局 政府信息公开 官方网站,https://www.mca.gov.cn/mzsj/xzqh/2025/202401xzqh.html,行政区划覆盖任务，不是已确认公安机构；区划变更及一对多机构关系须核实
police-210922,辽宁,210922,彰武县,county,police,pending_discovery,辽宁 彰武县 公安局 公安分局 政府信息公开 官方网站,https://www.mca.gov.cn/mzsj/xzqh/2025/202401xzqh.html,行政区划覆盖任务，不是已确认公安机构；区划变更及一对多机构关系须核实
police-211000,辽宁,211000,辽阳市,prefecture,police,pending_discovery,辽宁 辽阳市 公安局 公安分局 政府信息公开 官方网站,https://www.mca.gov.cn/mzsj/xzqh/2025/202401xzqh.html,行政区划覆盖任务，不是已确认公安机构；区划变更及一对多机构关系须核实
police-211002,辽宁,211002,白塔区,county,police,pending_discovery,辽宁 白塔区 公安局 公安分局 政府信息公开 官方网站,https://www.mca.gov.cn/mzsj/xzqh/2025/202401xzqh.html,行政区划覆盖任务，不是已确认公安机构；区划变更及一对多机构关系须核实
police-211003,辽宁,211003,文圣区,county,police,pending_discovery,辽宁 文圣区 公安局 公安分局 政府信息公开 官方网站,https://www.mca.gov.cn/mzsj/xzqh/2025/202401xzqh.html,行政区划覆盖任务，不是已确认公安机构；区划变更及一对多机构关系须核实
police-211004,辽宁,211004,宏伟区,county,police,pending_discovery,辽宁 宏伟区 公安局 公安分局 政府信息公开 官方网站,https://www.mca.gov.cn/mzsj/xzqh/2025/202401xzqh.html,行政区划覆盖任务，不是已确认公安机构；区划变更及一对多机构关系须核实
police-211005,辽宁,211005,弓长岭区,county,police,pending_discovery,辽宁 弓长岭区 公安局 公安分局 政府信息公开 官方网站,https://www.mca.gov.cn/mzsj/xzqh/2025/202401xzqh.html,行政区划覆盖任务，不是已确认公安机构；区划变更及一对多机构关系须核实
police-211011,辽宁,211011,太子河区,county,police,pending_discovery,辽宁 太子河区 公安局 公安分局 政府信息公开 官方网站,https://www.mca.gov.cn/mzsj/xzqh/2025/202401xzqh.html,行政区划覆盖任务，不是已确认公安机构；区划变更及一对多机构关系须核实
police-211021,辽宁,211021,辽阳县,county,police,pending_discovery,辽宁 辽阳县 公安局 公安分局 政府信息公开 官方网站,https://www.mca.gov.cn/mzsj/xzqh/2025/202401xzqh.html,行政区划覆盖任务，不是已确认公安机构；区划变更及一对多机构关系须核实
police-211081,辽宁,211081,灯塔市,county,police,pending_discovery,辽宁 灯塔市 公安局 公安分局 政府信息公开 官方网站,https://www.mca.gov.cn/mzsj/xzqh/2025/202401xzqh.html,行政区划覆盖任务，不是已确认公安机构；区划变更及一对多机构关系须核实
police-211100,辽宁,211100,盘锦市,prefecture,police,pending_discovery,辽宁 盘锦市 公安局 公安分局 政府信息公开 官方网站,https://www.mca.gov.cn/mzsj/xzqh/2025/202401xzqh.html,行政区划覆盖任务，不是已确认公安机构；区划变更及一对多机构关系须核实
police-211102,辽宁,211102,双台子区,county,police,pending_discovery,辽宁 双台子区 公安局 公安分局 政府信息公开 官方网站,https://www.mca.gov.cn/mzsj/xzqh/2025/202401xzqh.html,行政区划覆盖任务，不是已确认公安机构；区划变更及一对多机构关系须核实
police-211103,辽宁,211103,兴隆台区,county,police,pending_discovery,辽宁 兴隆台区 公安局 公安分局 政府信息公开 官方网站,https://www.mca.gov.cn/mzsj/xzqh/2025/202401xzqh.html,行政区划覆盖任务，不是已确认公安机构；区划变更及一对多机构关系须核实
police-211104,辽宁,211104,大洼区,county,police,pending_discovery,辽宁 大洼区 公安局 公安分局 政府信息公开 官方网站,https://www.mca.gov.cn/mzsj/xzqh/2025/202401xzqh.html,行政区划覆盖任务，不是已确认公安机构；区划变更及一对多机构关系须核实
police-211122,辽宁,211122,盘山县,county,police,pending_discovery,辽宁 盘山县 公安局 公安分局 政府信息公开 官方网站,https://www.mca.gov.cn/mzsj/xzqh/2025/202401xzqh.html,行政区划覆盖任务，不是已确认公安机构；区划变更及一对多机构关系须核实
police-211200,辽宁,211200,铁岭市,prefecture,police,pending_discovery,辽宁 铁岭市 公安局 公安分局 政府信息公开 官方网站,https://www.mca.gov.cn/mzsj/xzqh/2025/202401xzqh.html,行政区划覆盖任务，不是已确认公安机构；区划变更及一对多机构关系须核实
police-211202,辽宁,211202,银州区,county,police,pending_discovery,辽宁 银州区 公安局 公安分局 政府信息公开 官方网站,https://www.mca.gov.cn/mzsj/xzqh/2025/202401xzqh.html,行政区划覆盖任务，不是已确认公安机构；区划变更及一对多机构关系须核实
police-211204,辽宁,211204,清河区,county,police,pending_discovery,辽宁 清河区 公安局 公安分局 政府信息公开 官方网站,https://www.mca.gov.cn/mzsj/xzqh/2025/202401xzqh.html,行政区划覆盖任务，不是已确认公安机构；区划变更及一对多机构关系须核实
police-211221,辽宁,211221,铁岭县,county,police,pending_discovery,辽宁 铁岭县 公安局 公安分局 政府信息公开 官方网站,https://www.mca.gov.cn/mzsj/xzqh/2025/202401xzqh.html,行政区划覆盖任务，不是已确认公安机构；区划变更及一对多机构关系须核实
police-211223,辽宁,211223,西丰县,county,police,pending_discovery,辽宁 西丰县 公安局 公安分局 政府信息公开 官方网站,https://www.mca.gov.cn/mzsj/xzqh/2025/202401xzqh.html,行政区划覆盖任务，不是已确认公安机构；区划变更及一对多机构关系须核实
police-211224,辽宁,211224,昌图县,county,police,pending_discovery,辽宁 昌图县 公安局 公安分局 政府信息公开 官方网站,https://www.mca.gov.cn/mzsj/xzqh/2025/202401xzqh.html,行政区划覆盖任务，不是已确认公安机构；区划变更及一对多机构关系须核实
police-211281,辽宁,211281,调兵山市,county,police,pending_discovery,辽宁 调兵山市 公安局 公安分局 政府信息公开 官方网站,https://www.mca.gov.cn/mzsj/xzqh/2025/202401xzqh.html,行政区划覆盖任务，不是已确认公安机构；区划变更及一对多机构关系须核实
police-211282,辽宁,211282,开原市,county,police,pending_discovery,辽宁 开原市 公安局 公安分局 政府信息公开 官方网站,https://www.mca.gov.cn/mzsj/xzqh/2025/202401xzqh.html,行政区划覆盖任务，不是已确认公安机构；区划变更及一对多机构关系须核实
police-211300,辽宁,211300,朝阳市,prefecture,police,pending_discovery,辽宁 朝阳市 公安局 公安分局 政府信息公开 官方网站,https://www.mca.gov.cn/mzsj/xzqh/2025/202401xzqh.html,行政区划覆盖任务，不是已确认公安机构；区划变更及一对多机构关系须核实
police-211302,辽宁,211302,双塔区,county,police,pending_discovery,辽宁 双塔区 公安局 公安分局 政府信息公开 官方网站,https://www.mca.gov.cn/mzsj/xzqh/2025/202401xzqh.html,行政区划覆盖任务，不是已确认公安机构；区划变更及一对多机构关系须核实
police-211303,辽宁,211303,龙城区,county,police,pending_discovery,辽宁 龙城区 公安局 公安分局 政府信息公开 官方网站,https://www.mca.gov.cn/mzsj/xzqh/2025/202401xzqh.html,行政区划覆盖任务，不是已确认公安机构；区划变更及一对多机构关系须核实
police-211321,辽宁,211321,朝阳县,county,police,pending_discovery,辽宁 朝阳县 公安局 公安分局 政府信息公开 官方网站,https://www.mca.gov.cn/mzsj/xzqh/2025/202401xzqh.html,行政区划覆盖任务，不是已确认公安机构；区划变更及一对多机构关系须核实
police-211322,辽宁,211322,建平县,county,police,pending_discovery,辽宁 建平县 公安局 公安分局 政府信息公开 官方网站,https://www.mca.gov.cn/mzsj/xzqh/2025/202401xzqh.html,行政区划覆盖任务，不是已确认公安机构；区划变更及一对多机构关系须核实
police-211324,辽宁,211324,喀喇沁左翼蒙古族自治县,county,police,pending_discovery,辽宁 喀喇沁左翼蒙古族自治县 公安局 公安分局 政府信息公开 官方网站,https://www.mca.gov.cn/mzsj/xzqh/2025/202401xzqh.html,行政区划覆盖任务，不是已确认公安机构；区划变更及一对多机构关系须核实
police-211381,辽宁,211381,北票市,county,police,pending_discovery,辽宁 北票市 公安局 公安分局 政府信息公开 官方网站,https://www.mca.gov.cn/mzsj/xzqh/2025/202401xzqh.html,行政区划覆盖任务，不是已确认公安机构；区划变更及一对多机构关系须核实
police-211382,辽宁,211382,凌源市,county,police,pending_discovery,辽宁 凌源市 公安局 公安分局 政府信息公开 官方网站,https://www.mca.gov.cn/mzsj/xzqh/2025/202401xzqh.html,行政区划覆盖任务，不是已确认公安机构；区划变更及一对多机构关系须核实
police-211400,辽宁,211400,葫芦岛市,prefecture,police,pending_discovery,辽宁 葫芦岛市 公安局 公安分局 政府信息公开 官方网站,https://www.mca.gov.cn/mzsj/xzqh/2025/202401xzqh.html,行政区划覆盖任务，不是已确认公安机构；区划变更及一对多机构关系须核实
police-211402,辽宁,211402,连山区,county,police,pending_discovery,辽宁 连山区 公安局 公安分局 政府信息公开 官方网站,https://www.mca.gov.cn/mzsj/xzqh/2025/202401xzqh.html,行政区划覆盖任务，不是已确认公安机构；区划变更及一对多机构关系须核实
police-211403,辽宁,211403,龙港区,county,police,pending_discovery,辽宁 龙港区 公安局 公安分局 政府信息公开 官方网站,https://www.mca.gov.cn/mzsj/xzqh/2025/202401xzqh.html,行政区划覆盖任务，不是已确认公安机构；区划变更及一对多机构关系须核实
police-211404,辽宁,211404,南票区,county,police,pending_discovery,辽宁 南票区 公安局 公安分局 政府信息公开 官方网站,https://www.mca.gov.cn/mzsj/xzqh/2025/202401xzqh.html,行政区划覆盖任务，不是已确认公安机构；区划变更及一对多机构关系须核实
police-211421,辽宁,211421,绥中县,county,police,pending_discovery,辽宁 绥中县 公安局 公安分局 政府信息公开 官方网站,https://www.mca.gov.cn/mzsj/xzqh/2025/202401xzqh.html,行政区划覆盖任务，不是已确认公安机构；区划变更及一对多机构关系须核实
police-211422,辽宁,211422,建昌县,county,police,pending_discovery,辽宁 建昌县 公安局 公安分局 政府信息公开 官方网站,https://www.mca.gov.cn/mzsj/xzqh/2025/202401xzqh.html,行政区划覆盖任务，不是已确认公安机构；区划变更及一对多机构关系须核实
police-211481,辽宁,211481,兴城市,county,police,pending_discovery,辽宁 兴城市 公安局 公安分局 政府信息公开 官方网站,https://www.mca.gov.cn/mzsj/xzqh/2025/202401xzqh.html,行政区划覆盖任务，不是已确认公安机构；区划变更及一对多机构关系须核实
police-220000,吉林,220000,吉林省,province,police,pending_discovery,吉林 吉林省 公安局 公安分局 政府信息公开 官方网站,https://www.mca.gov.cn/mzsj/xzqh/2025/202401xzqh.html,行政区划覆盖任务，不是已确认公安机构；区划变更及一对多机构关系须核实
police-220100,吉林,220100,长春市,prefecture,police,pending_discovery,吉林 长春市 公安局 公安分局 政府信息公开 官方网站,https://www.mca.gov.cn/mzsj/xzqh/2025/202401xzqh.html,行政区划覆盖任务，不是已确认公安机构；区划变更及一对多机构关系须核实
police-220102,吉林,220102,南关区,county,police,pending_discovery,吉林 南关区 公安局 公安分局 政府信息公开 官方网站,https://www.mca.gov.cn/mzsj/xzqh/2025/202401xzqh.html,行政区划覆盖任务，不是已确认公安机构；区划变更及一对多机构关系须核实
police-220103,吉林,220103,宽城区,county,police,pending_discovery,吉林 宽城区 公安局 公安分局 政府信息公开 官方网站,https://www.mca.gov.cn/mzsj/xzqh/2025/202401xzqh.html,行政区划覆盖任务，不是已确认公安机构；区划变更及一对多机构关系须核实
police-220104,吉林,220104,朝阳区,county,police,pending_discovery,吉林 朝阳区 公安局 公安分局 政府信息公开 官方网站,https://www.mca.gov.cn/mzsj/xzqh/2025/202401xzqh.html,行政区划覆盖任务，不是已确认公安机构；区划变更及一对多机构关系须核实
police-220105,吉林,220105,二道区,county,police,pending_discovery,吉林 二道区 公安局 公安分局 政府信息公开 官方网站,https://www.mca.gov.cn/mzsj/xzqh/2025/202401xzqh.html,行政区划覆盖任务，不是已确认公安机构；区划变更及一对多机构关系须核实
police-220106,吉林,220106,绿园区,county,police,pending_discovery,吉林 绿园区 公安局 公安分局 政府信息公开 官方网站,https://www.mca.gov.cn/mzsj/xzqh/2025/202401xzqh.html,行政区划覆盖任务，不是已确认公安机构；区划变更及一对多机构关系须核实
police-220112,吉林,220112,双阳区,county,police,pending_discovery,吉林 双阳区 公安局 公安分局 政府信息公开 官方网站,https://www.mca.gov.cn/mzsj/xzqh/2025/202401xzqh.html,行政区划覆盖任务，不是已确认公安机构；区划变更及一对多机构关系须核实
police-220113,吉林,220113,九台区,county,police,pending_discovery,吉林 九台区 公安局 公安分局 政府信息公开 官方网站,https://www.mca.gov.cn/mzsj/xzqh/2025/202401xzqh.html,行政区划覆盖任务，不是已确认公安机构；区划变更及一对多机构关系须核实
police-220122,吉林,220122,农安县,county,police,pending_discovery,吉林 农安县 公安局 公安分局 政府信息公开 官方网站,https://www.mca.gov.cn/mzsj/xzqh/2025/202401xzqh.html,行政区划覆盖任务，不是已确认公安机构；区划变更及一对多机构关系须核实
police-220182,吉林,220182,榆树市,county,police,pending_discovery,吉林 榆树市 公安局 公安分局 政府信息公开 官方网站,https://www.mca.gov.cn/mzsj/xzqh/2025/202401xzqh.html,行政区划覆盖任务，不是已确认公安机构；区划变更及一对多机构关系须核实
police-220183,吉林,220183,德惠市,county,police,pending_discovery,吉林 德惠市 公安局 公安分局 政府信息公开 官方网站,https://www.mca.gov.cn/mzsj/xzqh/2025/202401xzqh.html,行政区划覆盖任务，不是已确认公安机构；区划变更及一对多机构关系须核实
police-220184,吉林,220184,公主岭市,county,police,pending_discovery,吉林 公主岭市 公安局 公安分局 政府信息公开 官方网站,https://www.mca.gov.cn/mzsj/xzqh/2025/202401xzqh.html,行政区划覆盖任务，不是已确认公安机构；区划变更及一对多机构关系须核实
police-220200,吉林,220200,吉林市,prefecture,police,pending_discovery,吉林 吉林市 公安局 公安分局 政府信息公开 官方网站,https://www.mca.gov.cn/mzsj/xzqh/2025/202401xzqh.html,行政区划覆盖任务，不是已确认公安机构；区划变更及一对多机构关系须核实
police-220202,吉林,220202,昌邑区,county,police,pending_discovery,吉林 昌邑区 公安局 公安分局 政府信息公开 官方网站,https://www.mca.gov.cn/mzsj/xzqh/2025/202401xzqh.html,行政区划覆盖任务，不是已确认公安机构；区划变更及一对多机构关系须核实
police-220203,吉林,220203,龙潭区,county,police,pending_discovery,吉林 龙潭区 公安局 公安分局 政府信息公开 官方网站,https://www.mca.gov.cn/mzsj/xzqh/2025/202401xzqh.html,行政区划覆盖任务，不是已确认公安机构；区划变更及一对多机构关系须核实
police-220204,吉林,220204,船营区,county,police,pending_discovery,吉林 船营区 公安局 公安分局 政府信息公开 官方网站,https://www.mca.gov.cn/mzsj/xzqh/2025/202401xzqh.html,行政区划覆盖任务，不是已确认公安机构；区划变更及一对多机构关系须核实
police-220211,吉林,220211,丰满区,county,police,pending_discovery,吉林 丰满区 公安局 公安分局 政府信息公开 官方网站,https://www.mca.gov.cn/mzsj/xzqh/2025/202401xzqh.html,行政区划覆盖任务，不是已确认公安机构；区划变更及一对多机构关系须核实
police-220221,吉林,220221,永吉县,county,police,pending_discovery,吉林 永吉县 公安局 公安分局 政府信息公开 官方网站,https://www.mca.gov.cn/mzsj/xzqh/2025/202401xzqh.html,行政区划覆盖任务，不是已确认公安机构；区划变更及一对多机构关系须核实
police-220281,吉林,220281,蛟河市,county,police,pending_discovery,吉林 蛟河市 公安局 公安分局 政府信息公开 官方网站,https://www.mca.gov.cn/mzsj/xzqh/2025/202401xzqh.html,行政区划覆盖任务，不是已确认公安机构；区划变更及一对多机构关系须核实
police-220282,吉林,220282,桦甸市,county,police,pending_discovery,吉林 桦甸市 公安局 公安分局 政府信息公开 官方网站,https://www.mca.gov.cn/mzsj/xzqh/2025/202401xzqh.html,行政区划覆盖任务，不是已确认公安机构；区划变更及一对多机构关系须核实
police-220283,吉林,220283,舒兰市,county,police,pending_discovery,吉林 舒兰市 公安局 公安分局 政府信息公开 官方网站,https://www.mca.gov.cn/mzsj/xzqh/2025/202401xzqh.html,行政区划覆盖任务，不是已确认公安机构；区划变更及一对多机构关系须核实
police-220284,吉林,220284,磐石市,county,police,pending_discovery,吉林 磐石市 公安局 公安分局 政府信息公开 官方网站,https://www.mca.gov.cn/mzsj/xzqh/2025/202401xzqh.html,行政区划覆盖任务，不是已确认公安机构；区划变更及一对多机构关系须核实
police-220300,吉林,220300,四平市,prefecture,police,pending_discovery,吉林 四平市 公安局 公安分局 政府信息公开 官方网站,https://www.mca.gov.cn/mzsj/xzqh/2025/202401xzqh.html,行政区划覆盖任务，不是已确认公安机构；区划变更及一对多机构关系须核实
police-220302,吉林,220302,铁西区,county,police,pending_discovery,吉林 铁西区 公安局 公安分局 政府信息公开 官方网站,https://www.mca.gov.cn/mzsj/xzqh/2025/202401xzqh.html,行政区划覆盖任务，不是已确认公安机构；区划变更及一对多机构关系须核实
police-220303,吉林,220303,铁东区,county,police,pending_discovery,吉林 铁东区 公安局 公安分局 政府信息公开 官方网站,https://www.mca.gov.cn/mzsj/xzqh/2025/202401xzqh.html,行政区划覆盖任务，不是已确认公安机构；区划变更及一对多机构关系须核实
police-220322,吉林,220322,梨树县,county,police,pending_discovery,吉林 梨树县 公安局 公安分局 政府信息公开 官方网站,https://www.mca.gov.cn/mzsj/xzqh/2025/202401xzqh.html,行政区划覆盖任务，不是已确认公安机构；区划变更及一对多机构关系须核实
police-220323,吉林,220323,伊通满族自治县,county,police,pending_discovery,吉林 伊通满族自治县 公安局 公安分局 政府信息公开 官方网站,https://www.mca.gov.cn/mzsj/xzqh/2025/202401xzqh.html,行政区划覆盖任务，不是已确认公安机构；区划变更及一对多机构关系须核实
police-220382,吉林,220382,双辽市,county,police,pending_discovery,吉林 双辽市 公安局 公安分局 政府信息公开 官方网站,https://www.mca.gov.cn/mzsj/xzqh/2025/202401xzqh.html,行政区划覆盖任务，不是已确认公安机构；区划变更及一对多机构关系须核实
police-220400,吉林,220400,辽源市,prefecture,police,pending_discovery,吉林 辽源市 公安局 公安分局 政府信息公开 官方网站,https://www.mca.gov.cn/mzsj/xzqh/2025/202401xzqh.html,行政区划覆盖任务，不是已确认公安机构；区划变更及一对多机构关系须核实
police-220402,吉林,220402,龙山区,county,police,pending_discovery,吉林 龙山区 公安局 公安分局 政府信息公开 官方网站,https://www.mca.gov.cn/mzsj/xzqh/2025/202401xzqh.html,行政区划覆盖任务，不是已确认公安机构；区划变更及一对多机构关系须核实
police-220403,吉林,220403,西安区,county,police,pending_discovery,吉林 西安区 公安局 公安分局 政府信息公开 官方网站,https://www.mca.gov.cn/mzsj/xzqh/2025/202401xzqh.html,行政区划覆盖任务，不是已确认公安机构；区划变更及一对多机构关系须核实
police-220421,吉林,220421,东丰县,county,police,pending_discovery,吉林 东丰县 公安局 公安分局 政府信息公开 官方网站,https://www.mca.gov.cn/mzsj/xzqh/2025/202401xzqh.html,行政区划覆盖任务，不是已确认公安机构；区划变更及一对多机构关系须核实
police-220422,吉林,220422,东辽县,county,police,pending_discovery,吉林 东辽县 公安局 公安分局 政府信息公开 官方网站,https://www.mca.gov.cn/mzsj/xzqh/2025/202401xzqh.html,行政区划覆盖任务，不是已确认公安机构；区划变更及一对多机构关系须核实
police-220500,吉林,220500,通化市,prefecture,police,pending_discovery,吉林 通化市 公安局 公安分局 政府信息公开 官方网站,https://www.mca.gov.cn/mzsj/xzqh/2025/202401xzqh.html,行政区划覆盖任务，不是已确认公安机构；区划变更及一对多机构关系须核实
police-220502,吉林,220502,东昌区,county,police,pending_discovery,吉林 东昌区 公安局 公安分局 政府信息公开 官方网站,https://www.mca.gov.cn/mzsj/xzqh/2025/202401xzqh.html,行政区划覆盖任务，不是已确认公安机构；区划变更及一对多机构关系须核实
police-220503,吉林,220503,二道江区,county,police,pending_discovery,吉林 二道江区 公安局 公安分局 政府信息公开 官方网站,https://www.mca.gov.cn/mzsj/xzqh/2025/202401xzqh.html,行政区划覆盖任务，不是已确认公安机构；区划变更及一对多机构关系须核实
police-220521,吉林,220521,通化县,county,police,pending_discovery,吉林 通化县 公安局 公安分局 政府信息公开 官方网站,https://www.mca.gov.cn/mzsj/xzqh/2025/202401xzqh.html,行政区划覆盖任务，不是已确认公安机构；区划变更及一对多机构关系须核实
police-220523,吉林,220523,辉南县,county,police,pending_discovery,吉林 辉南县 公安局 公安分局 政府信息公开 官方网站,https://www.mca.gov.cn/mzsj/xzqh/2025/202401xzqh.html,行政区划覆盖任务，不是已确认公安机构；区划变更及一对多机构关系须核实
police-220524,吉林,220524,柳河县,county,police,pending_discovery,吉林 柳河县 公安局 公安分局 政府信息公开 官方网站,https://www.mca.gov.cn/mzsj/xzqh/2025/202401xzqh.html,行政区划覆盖任务，不是已确认公安机构；区划变更及一对多机构关系须核实
police-220581,吉林,220581,梅河口市,county,police,pending_discovery,吉林 梅河口市 公安局 公安分局 政府信息公开 官方网站,https://www.mca.gov.cn/mzsj/xzqh/2025/202401xzqh.html,行政区划覆盖任务，不是已确认公安机构；区划变更及一对多机构关系须核实
police-220582,吉林,220582,集安市,county,police,pending_discovery,吉林 集安市 公安局 公安分局 政府信息公开 官方网站,https://www.mca.gov.cn/mzsj/xzqh/2025/202401xzqh.html,行政区划覆盖任务，不是已确认公安机构；区划变更及一对多机构关系须核实
police-220600,吉林,220600,白山市,prefecture,police,pending_discovery,吉林 白山市 公安局 公安分局 政府信息公开 官方网站,https://www.mca.gov.cn/mzsj/xzqh/2025/202401xzqh.html,行政区划覆盖任务，不是已确认公安机构；区划变更及一对多机构关系须核实
police-220602,吉林,220602,浑江区,county,police,pending_discovery,吉林 浑江区 公安局 公安分局 政府信息公开 官方网站,https://www.mca.gov.cn/mzsj/xzqh/2025/202401xzqh.html,行政区划覆盖任务，不是已确认公安机构；区划变更及一对多机构关系须核实
police-220605,吉林,220605,江源区,county,police,pending_discovery,吉林 江源区 公安局 公安分局 政府信息公开 官方网站,https://www.mca.gov.cn/mzsj/xzqh/2025/202401xzqh.html,行政区划覆盖任务，不是已确认公安机构；区划变更及一对多机构关系须核实
police-220621,吉林,220621,抚松县,county,police,pending_discovery,吉林 抚松县 公安局 公安分局 政府信息公开 官方网站,https://www.mca.gov.cn/mzsj/xzqh/2025/202401xzqh.html,行政区划覆盖任务，不是已确认公安机构；区划变更及一对多机构关系须核实
police-220622,吉林,220622,靖宇县,county,police,pending_discovery,吉林 靖宇县 公安局 公安分局 政府信息公开 官方网站,https://www.mca.gov.cn/mzsj/xzqh/2025/202401xzqh.html,行政区划覆盖任务，不是已确认公安机构；区划变更及一对多机构关系须核实
police-220623,吉林,220623,长白朝鲜族自治县,county,police,pending_discovery,吉林 长白朝鲜族自治县 公安局 公安分局 政府信息公开 官方网站,https://www.mca.gov.cn/mzsj/xzqh/2025/202401xzqh.html,行政区划覆盖任务，不是已确认公安机构；区划变更及一对多机构关系须核实
police-220681,吉林,220681,临江市,county,police,pending_discovery,吉林 临江市 公安局 公安分局 政府信息公开 官方网站,https://www.mca.gov.cn/mzsj/xzqh/2025/202401xzqh.html,行政区划覆盖任务，不是已确认公安机构；区划变更及一对多机构关系须核实
police-220700,吉林,220700,松原市,prefecture,police,pending_discovery,吉林 松原市 公安局 公安分局 政府信息公开 官方网站,https://www.mca.gov.cn/mzsj/xzqh/2025/202401xzqh.html,行政区划覆盖任务，不是已确认公安机构；区划变更及一对多机构关系须核实
police-220702,吉林,220702,宁江区,county,police,pending_discovery,吉林 宁江区 公安局 公安分局 政府信息公开 官方网站,https://www.mca.gov.cn/mzsj/xzqh/2025/202401xzqh.html,行政区划覆盖任务，不是已确认公安机构；区划变更及一对多机构关系须核实
police-220721,吉林,220721,前郭尔罗斯蒙古族自治县,county,police,pending_discovery,吉林 前郭尔罗斯蒙古族自治县 公安局 公安分局 政府信息公开 官方网站,https://www.mca.gov.cn/mzsj/xzqh/2025/202401xzqh.html,行政区划覆盖任务，不是已确认公安机构；区划变更及一对多机构关系须核实
police-220722,吉林,220722,长岭县,county,police,pending_discovery,吉林 长岭县 公安局 公安分局 政府信息公开 官方网站,https://www.mca.gov.cn/mzsj/xzqh/2025/202401xzqh.html,行政区划覆盖任务，不是已确认公安机构；区划变更及一对多机构关系须核实
police-220723,吉林,220723,乾安县,county,police,pending_discovery,吉林 乾安县 公安局 公安分局 政府信息公开 官方网站,https://www.mca.gov.cn/mzsj/xzqh/2025/202401xzqh.html,行政区划覆盖任务，不是已确认公安机构；区划变更及一对多机构关系须核实
police-220781,吉林,220781,扶余市,county,police,pending_discovery,吉林 扶余市 公安局 公安分局 政府信息公开 官方网站,https://www.mca.gov.cn/mzsj/xzqh/2025/202401xzqh.html,行政区划覆盖任务，不是已确认公安机构；区划变更及一对多机构关系须核实
police-220800,吉林,220800,白城市,prefecture,police,pending_discovery,吉林 白城市 公安局 公安分局 政府信息公开 官方网站,https://www.mca.gov.cn/mzsj/xzqh/2025/202401xzqh.html,行政区划覆盖任务，不是已确认公安机构；区划变更及一对多机构关系须核实
police-220802,吉林,220802,洮北区,county,police,pending_discovery,吉林 洮北区 公安局 公安分局 政府信息公开 官方网站,https://www.mca.gov.cn/mzsj/xzqh/2025/202401xzqh.html,行政区划覆盖任务，不是已确认公安机构；区划变更及一对多机构关系须核实
police-220821,吉林,220821,镇赉县,county,police,pending_discovery,吉林 镇赉县 公安局 公安分局 政府信息公开 官方网站,https://www.mca.gov.cn/mzsj/xzqh/2025/202401xzqh.html,行政区划覆盖任务，不是已确认公安机构；区划变更及一对多机构关系须核实
police-220822,吉林,220822,通榆县,county,police,pending_discovery,吉林 通榆县 公安局 公安分局 政府信息公开 官方网站,https://www.mca.gov.cn/mzsj/xzqh/2025/202401xzqh.html,行政区划覆盖任务，不是已确认公安机构；区划变更及一对多机构关系须核实
police-220881,吉林,220881,洮南市,county,police,pending_discovery,吉林 洮南市 公安局 公安分局 政府信息公开 官方网站,https://www.mca.gov.cn/mzsj/xzqh/2025/202401xzqh.html,行政区划覆盖任务，不是已确认公安机构；区划变更及一对多机构关系须核实
police-220882,吉林,220882,大安市,county,police,pending_discovery,吉林 大安市 公安局 公安分局 政府信息公开 官方网站,https://www.mca.gov.cn/mzsj/xzqh/2025/202401xzqh.html,行政区划覆盖任务，不是已确认公安机构；区划变更及一对多机构关系须核实
police-222400,吉林,222400,延边朝鲜族自治州,prefecture,police,pending_discovery,吉林 延边朝鲜族自治州 公安局 公安分局 政府信息公开 官方网站,https://www.mca.gov.cn/mzsj/xzqh/2025/202401xzqh.html,行政区划覆盖任务，不是已确认公安机构；区划变更及一对多机构关系须核实
police-222401,吉林,222401,延吉市,county,police,pending_discovery,吉林 延吉市 公安局 公安分局 政府信息公开 官方网站,https://www.mca.gov.cn/mzsj/xzqh/2025/202401xzqh.html,行政区划覆盖任务，不是已确认公安机构；区划变更及一对多机构关系须核实
police-222402,吉林,222402,图们市,county,police,pending_discovery,吉林 图们市 公安局 公安分局 政府信息公开 官方网站,https://www.mca.gov.cn/mzsj/xzqh/2025/202401xzqh.html,行政区划覆盖任务，不是已确认公安机构；区划变更及一对多机构关系须核实
police-222403,吉林,222403,敦化市,county,police,pending_discovery,吉林 敦化市 公安局 公安分局 政府信息公开 官方网站,https://www.mca.gov.cn/mzsj/xzqh/2025/202401xzqh.html,行政区划覆盖任务，不是已确认公安机构；区划变更及一对多机构关系须核实
police-222404,吉林,222404,珲春市,county,police,pending_discovery,吉林 珲春市 公安局 公安分局 政府信息公开 官方网站,https://www.mca.gov.cn/mzsj/xzqh/2025/202401xzqh.html,行政区划覆盖任务，不是已确认公安机构；区划变更及一对多机构关系须核实
police-222405,吉林,222405,龙井市,county,police,pending_discovery,吉林 龙井市 公安局 公安分局 政府信息公开 官方网站,https://www.mca.gov.cn/mzsj/xzqh/2025/202401xzqh.html,行政区划覆盖任务，不是已确认公安机构；区划变更及一对多机构关系须核实
police-222406,吉林,222406,和龙市,county,police,pending_discovery,吉林 和龙市 公安局 公安分局 政府信息公开 官方网站,https://www.mca.gov.cn/mzsj/xzqh/2025/202401xzqh.html,行政区划覆盖任务，不是已确认公安机构；区划变更及一对多机构关系须核实
police-222424,吉林,222424,汪清县,county,police,pending_discovery,吉林 汪清县 公安局 公安分局 政府信息公开 官方网站,https://www.mca.gov.cn/mzsj/xzqh/2025/202401xzqh.html,行政区划覆盖任务，不是已确认公安机构；区划变更及一对多机构关系须核实
police-222426,吉林,222426,安图县,county,police,pending_discovery,吉林 安图县 公安局 公安分局 政府信息公开 官方网站,https://www.mca.gov.cn/mzsj/xzqh/2025/202401xzqh.html,行政区划覆盖任务，不是已确认公安机构；区划变更及一对多机构关系须核实
police-230000,黑龙江,230000,黑龙江省,province,police,pending_discovery,黑龙江 黑龙江省 公安局 公安分局 政府信息公开 官方网站,https://www.mca.gov.cn/mzsj/xzqh/2025/202401xzqh.html,行政区划覆盖任务，不是已确认公安机构；区划变更及一对多机构关系须核实
police-230100,黑龙江,230100,哈尔滨市,prefecture,police,pending_discovery,黑龙江 哈尔滨市 公安局 公安分局 政府信息公开 官方网站,https://www.mca.gov.cn/mzsj/xzqh/2025/202401xzqh.html,行政区划覆盖任务，不是已确认公安机构；区划变更及一对多机构关系须核实
police-230102,黑龙江,230102,道里区,county,police,pending_discovery,黑龙江 道里区 公安局 公安分局 政府信息公开 官方网站,https://www.mca.gov.cn/mzsj/xzqh/2025/202401xzqh.html,行政区划覆盖任务，不是已确认公安机构；区划变更及一对多机构关系须核实
police-230103,黑龙江,230103,南岗区,county,police,pending_discovery,黑龙江 南岗区 公安局 公安分局 政府信息公开 官方网站,https://www.mca.gov.cn/mzsj/xzqh/2025/202401xzqh.html,行政区划覆盖任务，不是已确认公安机构；区划变更及一对多机构关系须核实
police-230104,黑龙江,230104,道外区,county,police,pending_discovery,黑龙江 道外区 公安局 公安分局 政府信息公开 官方网站,https://www.mca.gov.cn/mzsj/xzqh/2025/202401xzqh.html,行政区划覆盖任务，不是已确认公安机构；区划变更及一对多机构关系须核实
police-230108,黑龙江,230108,平房区,county,police,pending_discovery,黑龙江 平房区 公安局 公安分局 政府信息公开 官方网站,https://www.mca.gov.cn/mzsj/xzqh/2025/202401xzqh.html,行政区划覆盖任务，不是已确认公安机构；区划变更及一对多机构关系须核实
police-230109,黑龙江,230109,松北区,county,police,pending_discovery,黑龙江 松北区 公安局 公安分局 政府信息公开 官方网站,https://www.mca.gov.cn/mzsj/xzqh/2025/202401xzqh.html,行政区划覆盖任务，不是已确认公安机构；区划变更及一对多机构关系须核实
police-230110,黑龙江,230110,香坊区,county,police,pending_discovery,黑龙江 香坊区 公安局 公安分局 政府信息公开 官方网站,https://www.mca.gov.cn/mzsj/xzqh/2025/202401xzqh.html,行政区划覆盖任务，不是已确认公安机构；区划变更及一对多机构关系须核实
police-230111,黑龙江,230111,呼兰区,county,police,pending_discovery,黑龙江 呼兰区 公安局 公安分局 政府信息公开 官方网站,https://www.mca.gov.cn/mzsj/xzqh/2025/202401xzqh.html,行政区划覆盖任务，不是已确认公安机构；区划变更及一对多机构关系须核实
police-230112,黑龙江,230112,阿城区,county,police,pending_discovery,黑龙江 阿城区 公安局 公安分局 政府信息公开 官方网站,https://www.mca.gov.cn/mzsj/xzqh/2025/202401xzqh.html,行政区划覆盖任务，不是已确认公安机构；区划变更及一对多机构关系须核实
police-230113,黑龙江,230113,双城区,county,police,pending_discovery,黑龙江 双城区 公安局 公安分局 政府信息公开 官方网站,https://www.mca.gov.cn/mzsj/xzqh/2025/202401xzqh.html,行政区划覆盖任务，不是已确认公安机构；区划变更及一对多机构关系须核实
police-230123,黑龙江,230123,依兰县,county,police,pending_discovery,黑龙江 依兰县 公安局 公安分局 政府信息公开 官方网站,https://www.mca.gov.cn/mzsj/xzqh/2025/202401xzqh.html,行政区划覆盖任务，不是已确认公安机构；区划变更及一对多机构关系须核实
police-230124,黑龙江,230124,方正县,county,police,pending_discovery,黑龙江 方正县 公安局 公安分局 政府信息公开 官方网站,https://www.mca.gov.cn/mzsj/xzqh/2025/202401xzqh.html,行政区划覆盖任务，不是已确认公安机构；区划变更及一对多机构关系须核实
police-230125,黑龙江,230125,宾县,county,police,pending_discovery,黑龙江 宾县 公安局 公安分局 政府信息公开 官方网站,https://www.mca.gov.cn/mzsj/xzqh/2025/202401xzqh.html,行政区划覆盖任务，不是已确认公安机构；区划变更及一对多机构关系须核实
police-230126,黑龙江,230126,巴彦县,county,police,pending_discovery,黑龙江 巴彦县 公安局 公安分局 政府信息公开 官方网站,https://www.mca.gov.cn/mzsj/xzqh/2025/202401xzqh.html,行政区划覆盖任务，不是已确认公安机构；区划变更及一对多机构关系须核实
police-230127,黑龙江,230127,木兰县,county,police,pending_discovery,黑龙江 木兰县 公安局 公安分局 政府信息公开 官方网站,https://www.mca.gov.cn/mzsj/xzqh/2025/202401xzqh.html,行政区划覆盖任务，不是已确认公安机构；区划变更及一对多机构关系须核实
police-230128,黑龙江,230128,通河县,county,police,pending_discovery,黑龙江 通河县 公安局 公安分局 政府信息公开 官方网站,https://www.mca.gov.cn/mzsj/xzqh/2025/202401xzqh.html,行政区划覆盖任务，不是已确认公安机构；区划变更及一对多机构关系须核实
police-230129,黑龙江,230129,延寿县,county,police,pending_discovery,黑龙江 延寿县 公安局 公安分局 政府信息公开 官方网站,https://www.mca.gov.cn/mzsj/xzqh/2025/202401xzqh.html,行政区划覆盖任务，不是已确认公安机构；区划变更及一对多机构关系须核实
police-230183,黑龙江,230183,尚志市,county,police,pending_discovery,黑龙江 尚志市 公安局 公安分局 政府信息公开 官方网站,https://www.mca.gov.cn/mzsj/xzqh/2025/202401xzqh.html,行政区划覆盖任务，不是已确认公安机构；区划变更及一对多机构关系须核实
police-230184,黑龙江,230184,五常市,county,police,pending_discovery,黑龙江 五常市 公安局 公安分局 政府信息公开 官方网站,https://www.mca.gov.cn/mzsj/xzqh/2025/202401xzqh.html,行政区划覆盖任务，不是已确认公安机构；区划变更及一对多机构关系须核实
police-230200,黑龙江,230200,齐齐哈尔市,prefecture,police,pending_discovery,黑龙江 齐齐哈尔市 公安局 公安分局 政府信息公开 官方网站,https://www.mca.gov.cn/mzsj/xzqh/2025/202401xzqh.html,行政区划覆盖任务，不是已确认公安机构；区划变更及一对多机构关系须核实
police-230202,黑龙江,230202,龙沙区,county,police,pending_discovery,黑龙江 龙沙区 公安局 公安分局 政府信息公开 官方网站,https://www.mca.gov.cn/mzsj/xzqh/2025/202401xzqh.html,行政区划覆盖任务，不是已确认公安机构；区划变更及一对多机构关系须核实
police-230203,黑龙江,230203,建华区,county,police,pending_discovery,黑龙江 建华区 公安局 公安分局 政府信息公开 官方网站,https://www.mca.gov.cn/mzsj/xzqh/2025/202401xzqh.html,行政区划覆盖任务，不是已确认公安机构；区划变更及一对多机构关系须核实
police-230204,黑龙江,230204,铁锋区,county,police,pending_discovery,黑龙江 铁锋区 公安局 公安分局 政府信息公开 官方网站,https://www.mca.gov.cn/mzsj/xzqh/2025/202401xzqh.html,行政区划覆盖任务，不是已确认公安机构；区划变更及一对多机构关系须核实
police-230205,黑龙江,230205,昂昂溪区,county,police,pending_discovery,黑龙江 昂昂溪区 公安局 公安分局 政府信息公开 官方网站,https://www.mca.gov.cn/mzsj/xzqh/2025/202401xzqh.html,行政区划覆盖任务，不是已确认公安机构；区划变更及一对多机构关系须核实
police-230206,黑龙江,230206,富拉尔基区,county,police,pending_discovery,黑龙江 富拉尔基区 公安局 公安分局 政府信息公开 官方网站,https://www.mca.gov.cn/mzsj/xzqh/2025/202401xzqh.html,行政区划覆盖任务，不是已确认公安机构；区划变更及一对多机构关系须核实
police-230207,黑龙江,230207,碾子山区,county,police,pending_discovery,黑龙江 碾子山区 公安局 公安分局 政府信息公开 官方网站,https://www.mca.gov.cn/mzsj/xzqh/2025/202401xzqh.html,行政区划覆盖任务，不是已确认公安机构；区划变更及一对多机构关系须核实
police-230208,黑龙江,230208,梅里斯达斡尔族区,county,police,pending_discovery,黑龙江 梅里斯达斡尔族区 公安局 公安分局 政府信息公开 官方网站,https://www.mca.gov.cn/mzsj/xzqh/2025/202401xzqh.html,行政区划覆盖任务，不是已确认公安机构；区划变更及一对多机构关系须核实
police-230221,黑龙江,230221,龙江县,county,police,pending_discovery,黑龙江 龙江县 公安局 公安分局 政府信息公开 官方网站,https://www.mca.gov.cn/mzsj/xzqh/2025/202401xzqh.html,行政区划覆盖任务，不是已确认公安机构；区划变更及一对多机构关系须核实
police-230223,黑龙江,230223,依安县,county,police,pending_discovery,黑龙江 依安县 公安局 公安分局 政府信息公开 官方网站,https://www.mca.gov.cn/mzsj/xzqh/2025/202401xzqh.html,行政区划覆盖任务，不是已确认公安机构；区划变更及一对多机构关系须核实
police-230224,黑龙江,230224,泰来县,county,police,pending_discovery,黑龙江 泰来县 公安局 公安分局 政府信息公开 官方网站,https://www.mca.gov.cn/mzsj/xzqh/2025/202401xzqh.html,行政区划覆盖任务，不是已确认公安机构；区划变更及一对多机构关系须核实
police-230225,黑龙江,230225,甘南县,county,police,pending_discovery,黑龙江 甘南县 公安局 公安分局 政府信息公开 官方网站,https://www.mca.gov.cn/mzsj/xzqh/2025/202401xzqh.html,行政区划覆盖任务，不是已确认公安机构；区划变更及一对多机构关系须核实
police-230227,黑龙江,230227,富裕县,county,police,pending_discovery,黑龙江 富裕县 公安局 公安分局 政府信息公开 官方网站,https://www.mca.gov.cn/mzsj/xzqh/2025/202401xzqh.html,行政区划覆盖任务，不是已确认公安机构；区划变更及一对多机构关系须核实
police-230229,黑龙江,230229,克山县,county,police,pending_discovery,黑龙江 克山县 公安局 公安分局 政府信息公开 官方网站,https://www.mca.gov.cn/mzsj/xzqh/2025/202401xzqh.html,行政区划覆盖任务，不是已确认公安机构；区划变更及一对多机构关系须核实
police-230230,黑龙江,230230,克东县,county,police,pending_discovery,黑龙江 克东县 公安局 公安分局 政府信息公开 官方网站,https://www.mca.gov.cn/mzsj/xzqh/2025/202401xzqh.html,行政区划覆盖任务，不是已确认公安机构；区划变更及一对多机构关系须核实
police-230231,黑龙江,230231,拜泉县,county,police,pending_discovery,黑龙江 拜泉县 公安局 公安分局 政府信息公开 官方网站,https://www.mca.gov.cn/mzsj/xzqh/2025/202401xzqh.html,行政区划覆盖任务，不是已确认公安机构；区划变更及一对多机构关系须核实
police-230281,黑龙江,230281,讷河市,county,police,pending_discovery,黑龙江 讷河市 公安局 公安分局 政府信息公开 官方网站,https://www.mca.gov.cn/mzsj/xzqh/2025/202401xzqh.html,行政区划覆盖任务，不是已确认公安机构；区划变更及一对多机构关系须核实
police-230300,黑龙江,230300,鸡西市,prefecture,police,pending_discovery,黑龙江 鸡西市 公安局 公安分局 政府信息公开 官方网站,https://www.mca.gov.cn/mzsj/xzqh/2025/202401xzqh.html,行政区划覆盖任务，不是已确认公安机构；区划变更及一对多机构关系须核实
police-230302,黑龙江,230302,鸡冠区,county,police,pending_discovery,黑龙江 鸡冠区 公安局 公安分局 政府信息公开 官方网站,https://www.mca.gov.cn/mzsj/xzqh/2025/202401xzqh.html,行政区划覆盖任务，不是已确认公安机构；区划变更及一对多机构关系须核实
police-230303,黑龙江,230303,恒山区,county,police,pending_discovery,黑龙江 恒山区 公安局 公安分局 政府信息公开 官方网站,https://www.mca.gov.cn/mzsj/xzqh/2025/202401xzqh.html,行政区划覆盖任务，不是已确认公安机构；区划变更及一对多机构关系须核实
police-230304,黑龙江,230304,滴道区,county,police,pending_discovery,黑龙江 滴道区 公安局 公安分局 政府信息公开 官方网站,https://www.mca.gov.cn/mzsj/xzqh/2025/202401xzqh.html,行政区划覆盖任务，不是已确认公安机构；区划变更及一对多机构关系须核实
police-230305,黑龙江,230305,梨树区,county,police,pending_discovery,黑龙江 梨树区 公安局 公安分局 政府信息公开 官方网站,https://www.mca.gov.cn/mzsj/xzqh/2025/202401xzqh.html,行政区划覆盖任务，不是已确认公安机构；区划变更及一对多机构关系须核实
police-230306,黑龙江,230306,城子河区,county,police,pending_discovery,黑龙江 城子河区 公安局 公安分局 政府信息公开 官方网站,https://www.mca.gov.cn/mzsj/xzqh/2025/202401xzqh.html,行政区划覆盖任务，不是已确认公安机构；区划变更及一对多机构关系须核实
police-230307,黑龙江,230307,麻山区,county,police,pending_discovery,黑龙江 麻山区 公安局 公安分局 政府信息公开 官方网站,https://www.mca.gov.cn/mzsj/xzqh/2025/202401xzqh.html,行政区划覆盖任务，不是已确认公安机构；区划变更及一对多机构关系须核实
police-230321,黑龙江,230321,鸡东县,county,police,pending_discovery,黑龙江 鸡东县 公安局 公安分局 政府信息公开 官方网站,https://www.mca.gov.cn/mzsj/xzqh/2025/202401xzqh.html,行政区划覆盖任务，不是已确认公安机构；区划变更及一对多机构关系须核实
police-230381,黑龙江,230381,虎林市,county,police,pending_discovery,黑龙江 虎林市 公安局 公安分局 政府信息公开 官方网站,https://www.mca.gov.cn/mzsj/xzqh/2025/202401xzqh.html,行政区划覆盖任务，不是已确认公安机构；区划变更及一对多机构关系须核实
police-230382,黑龙江,230382,密山市,county,police,pending_discovery,黑龙江 密山市 公安局 公安分局 政府信息公开 官方网站,https://www.mca.gov.cn/mzsj/xzqh/2025/202401xzqh.html,行政区划覆盖任务，不是已确认公安机构；区划变更及一对多机构关系须核实
police-230400,黑龙江,230400,鹤岗市,prefecture,police,pending_discovery,黑龙江 鹤岗市 公安局 公安分局 政府信息公开 官方网站,https://www.mca.gov.cn/mzsj/xzqh/2025/202401xzqh.html,行政区划覆盖任务，不是已确认公安机构；区划变更及一对多机构关系须核实
police-230402,黑龙江,230402,向阳区,county,police,pending_discovery,黑龙江 向阳区 公安局 公安分局 政府信息公开 官方网站,https://www.mca.gov.cn/mzsj/xzqh/2025/202401xzqh.html,行政区划覆盖任务，不是已确认公安机构；区划变更及一对多机构关系须核实
police-230403,黑龙江,230403,工农区,county,police,pending_discovery,黑龙江 工农区 公安局 公安分局 政府信息公开 官方网站,https://www.mca.gov.cn/mzsj/xzqh/2025/202401xzqh.html,行政区划覆盖任务，不是已确认公安机构；区划变更及一对多机构关系须核实
police-230404,黑龙江,230404,南山区,county,police,pending_discovery,黑龙江 南山区 公安局 公安分局 政府信息公开 官方网站,https://www.mca.gov.cn/mzsj/xzqh/2025/202401xzqh.html,行政区划覆盖任务，不是已确认公安机构；区划变更及一对多机构关系须核实
police-230405,黑龙江,230405,兴安区,county,police,pending_discovery,黑龙江 兴安区 公安局 公安分局 政府信息公开 官方网站,https://www.mca.gov.cn/mzsj/xzqh/2025/202401xzqh.html,行政区划覆盖任务，不是已确认公安机构；区划变更及一对多机构关系须核实
police-230406,黑龙江,230406,东山区,county,police,pending_discovery,黑龙江 东山区 公安局 公安分局 政府信息公开 官方网站,https://www.mca.gov.cn/mzsj/xzqh/2025/202401xzqh.html,行政区划覆盖任务，不是已确认公安机构；区划变更及一对多机构关系须核实
police-230407,黑龙江,230407,兴山区,county,police,pending_discovery,黑龙江 兴山区 公安局 公安分局 政府信息公开 官方网站,https://www.mca.gov.cn/mzsj/xzqh/2025/202401xzqh.html,行政区划覆盖任务，不是已确认公安机构；区划变更及一对多机构关系须核实
police-230421,黑龙江,230421,萝北县,county,police,pending_discovery,黑龙江 萝北县 公安局 公安分局 政府信息公开 官方网站,https://www.mca.gov.cn/mzsj/xzqh/2025/202401xzqh.html,行政区划覆盖任务，不是已确认公安机构；区划变更及一对多机构关系须核实
police-230422,黑龙江,230422,绥滨县,county,police,pending_discovery,黑龙江 绥滨县 公安局 公安分局 政府信息公开 官方网站,https://www.mca.gov.cn/mzsj/xzqh/2025/202401xzqh.html,行政区划覆盖任务，不是已确认公安机构；区划变更及一对多机构关系须核实
police-230500,黑龙江,230500,双鸭山市,prefecture,police,pending_discovery,黑龙江 双鸭山市 公安局 公安分局 政府信息公开 官方网站,https://www.mca.gov.cn/mzsj/xzqh/2025/202401xzqh.html,行政区划覆盖任务，不是已确认公安机构；区划变更及一对多机构关系须核实
police-230502,黑龙江,230502,尖山区,county,police,pending_discovery,黑龙江 尖山区 公安局 公安分局 政府信息公开 官方网站,https://www.mca.gov.cn/mzsj/xzqh/2025/202401xzqh.html,行政区划覆盖任务，不是已确认公安机构；区划变更及一对多机构关系须核实
police-230503,黑龙江,230503,岭东区,county,police,pending_discovery,黑龙江 岭东区 公安局 公安分局 政府信息公开 官方网站,https://www.mca.gov.cn/mzsj/xzqh/2025/202401xzqh.html,行政区划覆盖任务，不是已确认公安机构；区划变更及一对多机构关系须核实
police-230505,黑龙江,230505,四方台区,county,police,pending_discovery,黑龙江 四方台区 公安局 公安分局 政府信息公开 官方网站,https://www.mca.gov.cn/mzsj/xzqh/2025/202401xzqh.html,行政区划覆盖任务，不是已确认公安机构；区划变更及一对多机构关系须核实
police-230506,黑龙江,230506,宝山区,county,police,pending_discovery,黑龙江 宝山区 公安局 公安分局 政府信息公开 官方网站,https://www.mca.gov.cn/mzsj/xzqh/2025/202401xzqh.html,行政区划覆盖任务，不是已确认公安机构；区划变更及一对多机构关系须核实
police-230521,黑龙江,230521,集贤县,county,police,pending_discovery,黑龙江 集贤县 公安局 公安分局 政府信息公开 官方网站,https://www.mca.gov.cn/mzsj/xzqh/2025/202401xzqh.html,行政区划覆盖任务，不是已确认公安机构；区划变更及一对多机构关系须核实
police-230522,黑龙江,230522,友谊县,county,police,pending_discovery,黑龙江 友谊县 公安局 公安分局 政府信息公开 官方网站,https://www.mca.gov.cn/mzsj/xzqh/2025/202401xzqh.html,行政区划覆盖任务，不是已确认公安机构；区划变更及一对多机构关系须核实
police-230523,黑龙江,230523,宝清县,county,police,pending_discovery,黑龙江 宝清县 公安局 公安分局 政府信息公开 官方网站,https://www.mca.gov.cn/mzsj/xzqh/2025/202401xzqh.html,行政区划覆盖任务，不是已确认公安机构；区划变更及一对多机构关系须核实
police-230524,黑龙江,230524,饶河县,county,police,pending_discovery,黑龙江 饶河县 公安局 公安分局 政府信息公开 官方网站,https://www.mca.gov.cn/mzsj/xzqh/2025/202401xzqh.html,行政区划覆盖任务，不是已确认公安机构；区划变更及一对多机构关系须核实
police-230600,黑龙江,230600,大庆市,prefecture,police,pending_discovery,黑龙江 大庆市 公安局 公安分局 政府信息公开 官方网站,https://www.mca.gov.cn/mzsj/xzqh/2025/202401xzqh.html,行政区划覆盖任务，不是已确认公安机构；区划变更及一对多机构关系须核实
police-230602,黑龙江,230602,萨尔图区,county,police,pending_discovery,黑龙江 萨尔图区 公安局 公安分局 政府信息公开 官方网站,https://www.mca.gov.cn/mzsj/xzqh/2025/202401xzqh.html,行政区划覆盖任务，不是已确认公安机构；区划变更及一对多机构关系须核实
police-230603,黑龙江,230603,龙凤区,county,police,pending_discovery,黑龙江 龙凤区 公安局 公安分局 政府信息公开 官方网站,https://www.mca.gov.cn/mzsj/xzqh/2025/202401xzqh.html,行政区划覆盖任务，不是已确认公安机构；区划变更及一对多机构关系须核实
police-230604,黑龙江,230604,让胡路区,county,police,pending_discovery,黑龙江 让胡路区 公安局 公安分局 政府信息公开 官方网站,https://www.mca.gov.cn/mzsj/xzqh/2025/202401xzqh.html,行政区划覆盖任务，不是已确认公安机构；区划变更及一对多机构关系须核实
police-230605,黑龙江,230605,红岗区,county,police,pending_discovery,黑龙江 红岗区 公安局 公安分局 政府信息公开 官方网站,https://www.mca.gov.cn/mzsj/xzqh/2025/202401xzqh.html,行政区划覆盖任务，不是已确认公安机构；区划变更及一对多机构关系须核实
police-230606,黑龙江,230606,大同区,county,police,pending_discovery,黑龙江 大同区 公安局 公安分局 政府信息公开 官方网站,https://www.mca.gov.cn/mzsj/xzqh/2025/202401xzqh.html,行政区划覆盖任务，不是已确认公安机构；区划变更及一对多机构关系须核实
police-230621,黑龙江,230621,肇州县,county,police,pending_discovery,黑龙江 肇州县 公安局 公安分局 政府信息公开 官方网站,https://www.mca.gov.cn/mzsj/xzqh/2025/202401xzqh.html,行政区划覆盖任务，不是已确认公安机构；区划变更及一对多机构关系须核实
police-230622,黑龙江,230622,肇源县,county,police,pending_discovery,黑龙江 肇源县 公安局 公安分局 政府信息公开 官方网站,https://www.mca.gov.cn/mzsj/xzqh/2025/202401xzqh.html,行政区划覆盖任务，不是已确认公安机构；区划变更及一对多机构关系须核实
police-230623,黑龙江,230623,林甸县,county,police,pending_discovery,黑龙江 林甸县 公安局 公安分局 政府信息公开 官方网站,https://www.mca.gov.cn/mzsj/xzqh/2025/202401xzqh.html,行政区划覆盖任务，不是已确认公安机构；区划变更及一对多机构关系须核实
police-230624,黑龙江,230624,杜尔伯特蒙古族自治县,county,police,pending_discovery,黑龙江 杜尔伯特蒙古族自治县 公安局 公安分局 政府信息公开 官方网站,https://www.mca.gov.cn/mzsj/xzqh/2025/202401xzqh.html,行政区划覆盖任务，不是已确认公安机构；区划变更及一对多机构关系须核实
police-230700,黑龙江,230700,伊春市,prefecture,police,pending_discovery,黑龙江 伊春市 公安局 公安分局 政府信息公开 官方网站,https://www.mca.gov.cn/mzsj/xzqh/2025/202401xzqh.html,行政区划覆盖任务，不是已确认公安机构；区划变更及一对多机构关系须核实
police-230717,黑龙江,230717,伊美区,county,police,pending_discovery,黑龙江 伊美区 公安局 公安分局 政府信息公开 官方网站,https://www.mca.gov.cn/mzsj/xzqh/2025/202401xzqh.html,行政区划覆盖任务，不是已确认公安机构；区划变更及一对多机构关系须核实
police-230718,黑龙江,230718,乌翠区,county,police,pending_discovery,黑龙江 乌翠区 公安局 公安分局 政府信息公开 官方网站,https://www.mca.gov.cn/mzsj/xzqh/2025/202401xzqh.html,行政区划覆盖任务，不是已确认公安机构；区划变更及一对多机构关系须核实
police-230719,黑龙江,230719,友好区,county,police,pending_discovery,黑龙江 友好区 公安局 公安分局 政府信息公开 官方网站,https://www.mca.gov.cn/mzsj/xzqh/2025/202401xzqh.html,行政区划覆盖任务，不是已确认公安机构；区划变更及一对多机构关系须核实
police-230722,黑龙江,230722,嘉荫县,county,police,pending_discovery,黑龙江 嘉荫县 公安局 公安分局 政府信息公开 官方网站,https://www.mca.gov.cn/mzsj/xzqh/2025/202401xzqh.html,行政区划覆盖任务，不是已确认公安机构；区划变更及一对多机构关系须核实
police-230723,黑龙江,230723,汤旺县,county,police,pending_discovery,黑龙江 汤旺县 公安局 公安分局 政府信息公开 官方网站,https://www.mca.gov.cn/mzsj/xzqh/2025/202401xzqh.html,行政区划覆盖任务，不是已确认公安机构；区划变更及一对多机构关系须核实
police-230724,黑龙江,230724,丰林县,county,police,pending_discovery,黑龙江 丰林县 公安局 公安分局 政府信息公开 官方网站,https://www.mca.gov.cn/mzsj/xzqh/2025/202401xzqh.html,行政区划覆盖任务，不是已确认公安机构；区划变更及一对多机构关系须核实
police-230725,黑龙江,230725,大箐山县,county,police,pending_discovery,黑龙江 大箐山县 公安局 公安分局 政府信息公开 官方网站,https://www.mca.gov.cn/mzsj/xzqh/2025/202401xzqh.html,行政区划覆盖任务，不是已确认公安机构；区划变更及一对多机构关系须核实
police-230726,黑龙江,230726,南岔县,county,police,pending_discovery,黑龙江 南岔县 公安局 公安分局 政府信息公开 官方网站,https://www.mca.gov.cn/mzsj/xzqh/2025/202401xzqh.html,行政区划覆盖任务，不是已确认公安机构；区划变更及一对多机构关系须核实
police-230751,黑龙江,230751,金林区,county,police,pending_discovery,黑龙江 金林区 公安局 公安分局 政府信息公开 官方网站,https://www.mca.gov.cn/mzsj/xzqh/2025/202401xzqh.html,行政区划覆盖任务，不是已确认公安机构；区划变更及一对多机构关系须核实
police-230781,黑龙江,230781,铁力市,county,police,pending_discovery,黑龙江 铁力市 公安局 公安分局 政府信息公开 官方网站,https://www.mca.gov.cn/mzsj/xzqh/2025/202401xzqh.html,行政区划覆盖任务，不是已确认公安机构；区划变更及一对多机构关系须核实
police-230800,黑龙江,230800,佳木斯市,prefecture,police,pending_discovery,黑龙江 佳木斯市 公安局 公安分局 政府信息公开 官方网站,https://www.mca.gov.cn/mzsj/xzqh/2025/202401xzqh.html,行政区划覆盖任务，不是已确认公安机构；区划变更及一对多机构关系须核实
police-230803,黑龙江,230803,向阳区,county,police,pending_discovery,黑龙江 向阳区 公安局 公安分局 政府信息公开 官方网站,https://www.mca.gov.cn/mzsj/xzqh/2025/202401xzqh.html,行政区划覆盖任务，不是已确认公安机构；区划变更及一对多机构关系须核实
police-230804,黑龙江,230804,前进区,county,police,pending_discovery,黑龙江 前进区 公安局 公安分局 政府信息公开 官方网站,https://www.mca.gov.cn/mzsj/xzqh/2025/202401xzqh.html,行政区划覆盖任务，不是已确认公安机构；区划变更及一对多机构关系须核实
police-230805,黑龙江,230805,东风区,county,police,pending_discovery,黑龙江 东风区 公安局 公安分局 政府信息公开 官方网站,https://www.mca.gov.cn/mzsj/xzqh/2025/202401xzqh.html,行政区划覆盖任务，不是已确认公安机构；区划变更及一对多机构关系须核实
police-230811,黑龙江,230811,郊区,county,police,pending_discovery,黑龙江 郊区 公安局 公安分局 政府信息公开 官方网站,https://www.mca.gov.cn/mzsj/xzqh/2025/202401xzqh.html,行政区划覆盖任务，不是已确认公安机构；区划变更及一对多机构关系须核实
police-230822,黑龙江,230822,桦南县,county,police,pending_discovery,黑龙江 桦南县 公安局 公安分局 政府信息公开 官方网站,https://www.mca.gov.cn/mzsj/xzqh/2025/202401xzqh.html,行政区划覆盖任务，不是已确认公安机构；区划变更及一对多机构关系须核实
police-230826,黑龙江,230826,桦川县,county,police,pending_discovery,黑龙江 桦川县 公安局 公安分局 政府信息公开 官方网站,https://www.mca.gov.cn/mzsj/xzqh/2025/202401xzqh.html,行政区划覆盖任务，不是已确认公安机构；区划变更及一对多机构关系须核实
police-230828,黑龙江,230828,汤原县,county,police,pending_discovery,黑龙江 汤原县 公安局 公安分局 政府信息公开 官方网站,https://www.mca.gov.cn/mzsj/xzqh/2025/202401xzqh.html,行政区划覆盖任务，不是已确认公安机构；区划变更及一对多机构关系须核实
police-230881,黑龙江,230881,同江市,county,police,pending_discovery,黑龙江 同江市 公安局 公安分局 政府信息公开 官方网站,https://www.mca.gov.cn/mzsj/xzqh/2025/202401xzqh.html,行政区划覆盖任务，不是已确认公安机构；区划变更及一对多机构关系须核实
police-230882,黑龙江,230882,富锦市,county,police,pending_discovery,黑龙江 富锦市 公安局 公安分局 政府信息公开 官方网站,https://www.mca.gov.cn/mzsj/xzqh/2025/202401xzqh.html,行政区划覆盖任务，不是已确认公安机构；区划变更及一对多机构关系须核实
police-230883,黑龙江,230883,抚远市,county,police,pending_discovery,黑龙江 抚远市 公安局 公安分局 政府信息公开 官方网站,https://www.mca.gov.cn/mzsj/xzqh/2025/202401xzqh.html,行政区划覆盖任务，不是已确认公安机构；区划变更及一对多机构关系须核实
police-230900,黑龙江,230900,七台河市,prefecture,police,pending_discovery,黑龙江 七台河市 公安局 公安分局 政府信息公开 官方网站,https://www.mca.gov.cn/mzsj/xzqh/2025/202401xzqh.html,行政区划覆盖任务，不是已确认公安机构；区划变更及一对多机构关系须核实
police-230902,黑龙江,230902,新兴区,county,police,pending_discovery,黑龙江 新兴区 公安局 公安分局 政府信息公开 官方网站,https://www.mca.gov.cn/mzsj/xzqh/2025/202401xzqh.html,行政区划覆盖任务，不是已确认公安机构；区划变更及一对多机构关系须核实
police-230903,黑龙江,230903,桃山区,county,police,pending_discovery,黑龙江 桃山区 公安局 公安分局 政府信息公开 官方网站,https://www.mca.gov.cn/mzsj/xzqh/2025/202401xzqh.html,行政区划覆盖任务，不是已确认公安机构；区划变更及一对多机构关系须核实
police-230904,黑龙江,230904,茄子河区,county,police,pending_discovery,黑龙江 茄子河区 公安局 公安分局 政府信息公开 官方网站,https://www.mca.gov.cn/mzsj/xzqh/2025/202401xzqh.html,行政区划覆盖任务，不是已确认公安机构；区划变更及一对多机构关系须核实
police-230921,黑龙江,230921,勃利县,county,police,pending_discovery,黑龙江 勃利县 公安局 公安分局 政府信息公开 官方网站,https://www.mca.gov.cn/mzsj/xzqh/2025/202401xzqh.html,行政区划覆盖任务，不是已确认公安机构；区划变更及一对多机构关系须核实
police-231000,黑龙江,231000,牡丹江市,prefecture,police,pending_discovery,黑龙江 牡丹江市 公安局 公安分局 政府信息公开 官方网站,https://www.mca.gov.cn/mzsj/xzqh/2025/202401xzqh.html,行政区划覆盖任务，不是已确认公安机构；区划变更及一对多机构关系须核实
police-231002,黑龙江,231002,东安区,county,police,pending_discovery,黑龙江 东安区 公安局 公安分局 政府信息公开 官方网站,https://www.mca.gov.cn/mzsj/xzqh/2025/202401xzqh.html,行政区划覆盖任务，不是已确认公安机构；区划变更及一对多机构关系须核实
police-231003,黑龙江,231003,阳明区,county,police,pending_discovery,黑龙江 阳明区 公安局 公安分局 政府信息公开 官方网站,https://www.mca.gov.cn/mzsj/xzqh/2025/202401xzqh.html,行政区划覆盖任务，不是已确认公安机构；区划变更及一对多机构关系须核实
police-231004,黑龙江,231004,爱民区,county,police,pending_discovery,黑龙江 爱民区 公安局 公安分局 政府信息公开 官方网站,https://www.mca.gov.cn/mzsj/xzqh/2025/202401xzqh.html,行政区划覆盖任务，不是已确认公安机构；区划变更及一对多机构关系须核实
police-231005,黑龙江,231005,西安区,county,police,pending_discovery,黑龙江 西安区 公安局 公安分局 政府信息公开 官方网站,https://www.mca.gov.cn/mzsj/xzqh/2025/202401xzqh.html,行政区划覆盖任务，不是已确认公安机构；区划变更及一对多机构关系须核实
police-231025,黑龙江,231025,林口县,county,police,pending_discovery,黑龙江 林口县 公安局 公安分局 政府信息公开 官方网站,https://www.mca.gov.cn/mzsj/xzqh/2025/202401xzqh.html,行政区划覆盖任务，不是已确认公安机构；区划变更及一对多机构关系须核实
police-231081,黑龙江,231081,绥芬河市,county,police,pending_discovery,黑龙江 绥芬河市 公安局 公安分局 政府信息公开 官方网站,https://www.mca.gov.cn/mzsj/xzqh/2025/202401xzqh.html,行政区划覆盖任务，不是已确认公安机构；区划变更及一对多机构关系须核实
police-231083,黑龙江,231083,海林市,county,police,pending_discovery,黑龙江 海林市 公安局 公安分局 政府信息公开 官方网站,https://www.mca.gov.cn/mzsj/xzqh/2025/202401xzqh.html,行政区划覆盖任务，不是已确认公安机构；区划变更及一对多机构关系须核实
police-231084,黑龙江,231084,宁安市,county,police,pending_discovery,黑龙江 宁安市 公安局 公安分局 政府信息公开 官方网站,https://www.mca.gov.cn/mzsj/xzqh/2025/202401xzqh.html,行政区划覆盖任务，不是已确认公安机构；区划变更及一对多机构关系须核实
police-231085,黑龙江,231085,穆棱市,county,police,pending_discovery,黑龙江 穆棱市 公安局 公安分局 政府信息公开 官方网站,https://www.mca.gov.cn/mzsj/xzqh/2025/202401xzqh.html,行政区划覆盖任务，不是已确认公安机构；区划变更及一对多机构关系须核实
police-231086,黑龙江,231086,东宁市,county,police,pending_discovery,黑龙江 东宁市 公安局 公安分局 政府信息公开 官方网站,https://www.mca.gov.cn/mzsj/xzqh/2025/202401xzqh.html,行政区划覆盖任务，不是已确认公安机构；区划变更及一对多机构关系须核实
police-231100,黑龙江,231100,黑河市,prefecture,police,pending_discovery,黑龙江 黑河市 公安局 公安分局 政府信息公开 官方网站,https://www.mca.gov.cn/mzsj/xzqh/2025/202401xzqh.html,行政区划覆盖任务，不是已确认公安机构；区划变更及一对多机构关系须核实
police-231102,黑龙江,231102,爱辉区,county,police,pending_discovery,黑龙江 爱辉区 公安局 公安分局 政府信息公开 官方网站,https://www.mca.gov.cn/mzsj/xzqh/2025/202401xzqh.html,行政区划覆盖任务，不是已确认公安机构；区划变更及一对多机构关系须核实
police-231123,黑龙江,231123,逊克县,county,police,pending_discovery,黑龙江 逊克县 公安局 公安分局 政府信息公开 官方网站,https://www.mca.gov.cn/mzsj/xzqh/2025/202401xzqh.html,行政区划覆盖任务，不是已确认公安机构；区划变更及一对多机构关系须核实
police-231124,黑龙江,231124,孙吴县,county,police,pending_discovery,黑龙江 孙吴县 公安局 公安分局 政府信息公开 官方网站,https://www.mca.gov.cn/mzsj/xzqh/2025/202401xzqh.html,行政区划覆盖任务，不是已确认公安机构；区划变更及一对多机构关系须核实
police-231181,黑龙江,231181,北安市,county,police,pending_discovery,黑龙江 北安市 公安局 公安分局 政府信息公开 官方网站,https://www.mca.gov.cn/mzsj/xzqh/2025/202401xzqh.html,行政区划覆盖任务，不是已确认公安机构；区划变更及一对多机构关系须核实
police-231182,黑龙江,231182,五大连池市,county,police,pending_discovery,黑龙江 五大连池市 公安局 公安分局 政府信息公开 官方网站,https://www.mca.gov.cn/mzsj/xzqh/2025/202401xzqh.html,行政区划覆盖任务，不是已确认公安机构；区划变更及一对多机构关系须核实
police-231183,黑龙江,231183,嫩江市,county,police,pending_discovery,黑龙江 嫩江市 公安局 公安分局 政府信息公开 官方网站,https://www.mca.gov.cn/mzsj/xzqh/2025/202401xzqh.html,行政区划覆盖任务，不是已确认公安机构；区划变更及一对多机构关系须核实
police-231200,黑龙江,231200,绥化市,prefecture,police,pending_discovery,黑龙江 绥化市 公安局 公安分局 政府信息公开 官方网站,https://www.mca.gov.cn/mzsj/xzqh/2025/202401xzqh.html,行政区划覆盖任务，不是已确认公安机构；区划变更及一对多机构关系须核实
police-231202,黑龙江,231202,北林区,county,police,pending_discovery,黑龙江 北林区 公安局 公安分局 政府信息公开 官方网站,https://www.mca.gov.cn/mzsj/xzqh/2025/202401xzqh.html,行政区划覆盖任务，不是已确认公安机构；区划变更及一对多机构关系须核实
police-231221,黑龙江,231221,望奎县,county,police,pending_discovery,黑龙江 望奎县 公安局 公安分局 政府信息公开 官方网站,https://www.mca.gov.cn/mzsj/xzqh/2025/202401xzqh.html,行政区划覆盖任务，不是已确认公安机构；区划变更及一对多机构关系须核实
police-231222,黑龙江,231222,兰西县,county,police,pending_discovery,黑龙江 兰西县 公安局 公安分局 政府信息公开 官方网站,https://www.mca.gov.cn/mzsj/xzqh/2025/202401xzqh.html,行政区划覆盖任务，不是已确认公安机构；区划变更及一对多机构关系须核实
police-231223,黑龙江,231223,青冈县,county,police,pending_discovery,黑龙江 青冈县 公安局 公安分局 政府信息公开 官方网站,https://www.mca.gov.cn/mzsj/xzqh/2025/202401xzqh.html,行政区划覆盖任务，不是已确认公安机构；区划变更及一对多机构关系须核实
police-231224,黑龙江,231224,庆安县,county,police,pending_discovery,黑龙江 庆安县 公安局 公安分局 政府信息公开 官方网站,https://www.mca.gov.cn/mzsj/xzqh/2025/202401xzqh.html,行政区划覆盖任务，不是已确认公安机构；区划变更及一对多机构关系须核实
police-231225,黑龙江,231225,明水县,county,police,pending_discovery,黑龙江 明水县 公安局 公安分局 政府信息公开 官方网站,https://www.mca.gov.cn/mzsj/xzqh/2025/202401xzqh.html,行政区划覆盖任务，不是已确认公安机构；区划变更及一对多机构关系须核实
police-231226,黑龙江,231226,绥棱县,county,police,pending_discovery,黑龙江 绥棱县 公安局 公安分局 政府信息公开 官方网站,https://www.mca.gov.cn/mzsj/xzqh/2025/202401xzqh.html,行政区划覆盖任务，不是已确认公安机构；区划变更及一对多机构关系须核实
police-231281,黑龙江,231281,安达市,county,police,pending_discovery,黑龙江 安达市 公安局 公安分局 政府信息公开 官方网站,https://www.mca.gov.cn/mzsj/xzqh/2025/202401xzqh.html,行政区划覆盖任务，不是已确认公安机构；区划变更及一对多机构关系须核实
police-231282,黑龙江,231282,肇东市,county,police,pending_discovery,黑龙江 肇东市 公安局 公安分局 政府信息公开 官方网站,https://www.mca.gov.cn/mzsj/xzqh/2025/202401xzqh.html,行政区划覆盖任务，不是已确认公安机构；区划变更及一对多机构关系须核实
police-231283,黑龙江,231283,海伦市,county,police,pending_discovery,黑龙江 海伦市 公安局 公安分局 政府信息公开 官方网站,https://www.mca.gov.cn/mzsj/xzqh/2025/202401xzqh.html,行政区划覆盖任务，不是已确认公安机构；区划变更及一对多机构关系须核实
police-232700,黑龙江,232700,大兴安岭地区,prefecture,police,pending_discovery,黑龙江 大兴安岭地区 公安局 公安分局 政府信息公开 官方网站,https://www.mca.gov.cn/mzsj/xzqh/2025/202401xzqh.html,行政区划覆盖任务，不是已确认公安机构；区划变更及一对多机构关系须核实
police-232701,黑龙江,232701,漠河市,county,police,pending_discovery,黑龙江 漠河市 公安局 公安分局 政府信息公开 官方网站,https://www.mca.gov.cn/mzsj/xzqh/2025/202401xzqh.html,行政区划覆盖任务，不是已确认公安机构；区划变更及一对多机构关系须核实
police-232721,黑龙江,232721,呼玛县,county,police,pending_discovery,黑龙江 呼玛县 公安局 公安分局 政府信息公开 官方网站,https://www.mca.gov.cn/mzsj/xzqh/2025/202401xzqh.html,行政区划覆盖任务，不是已确认公安机构；区划变更及一对多机构关系须核实
police-232722,黑龙江,232722,塔河县,county,police,pending_discovery,黑龙江 塔河县 公安局 公安分局 政府信息公开 官方网站,https://www.mca.gov.cn/mzsj/xzqh/2025/202401xzqh.html,行政区划覆盖任务，不是已确认公安机构；区划变更及一对多机构关系须核实
police-310000,上海,310000,上海市,province,police,pending_discovery,上海 上海市 公安局 公安分局 政府信息公开 官方网站,https://www.mca.gov.cn/mzsj/xzqh/2025/202401xzqh.html,行政区划覆盖任务，不是已确认公安机构；区划变更及一对多机构关系须核实
police-310101,上海,310101,黄浦区,county,police,pending_discovery,上海 黄浦区 公安局 公安分局 政府信息公开 官方网站,https://www.mca.gov.cn/mzsj/xzqh/2025/202401xzqh.html,行政区划覆盖任务，不是已确认公安机构；区划变更及一对多机构关系须核实
police-310104,上海,310104,徐汇区,county,police,pending_discovery,上海 徐汇区 公安局 公安分局 政府信息公开 官方网站,https://www.mca.gov.cn/mzsj/xzqh/2025/202401xzqh.html,行政区划覆盖任务，不是已确认公安机构；区划变更及一对多机构关系须核实
police-310105,上海,310105,长宁区,county,police,pending_discovery,上海 长宁区 公安局 公安分局 政府信息公开 官方网站,https://www.mca.gov.cn/mzsj/xzqh/2025/202401xzqh.html,行政区划覆盖任务，不是已确认公安机构；区划变更及一对多机构关系须核实
police-310106,上海,310106,静安区,county,police,pending_discovery,上海 静安区 公安局 公安分局 政府信息公开 官方网站,https://www.mca.gov.cn/mzsj/xzqh/2025/202401xzqh.html,行政区划覆盖任务，不是已确认公安机构；区划变更及一对多机构关系须核实
police-310107,上海,310107,普陀区,county,police,pending_discovery,上海 普陀区 公安局 公安分局 政府信息公开 官方网站,https://www.mca.gov.cn/mzsj/xzqh/2025/202401xzqh.html,行政区划覆盖任务，不是已确认公安机构；区划变更及一对多机构关系须核实
police-310109,上海,310109,虹口区,county,police,pending_discovery,上海 虹口区 公安局 公安分局 政府信息公开 官方网站,https://www.mca.gov.cn/mzsj/xzqh/2025/202401xzqh.html,行政区划覆盖任务，不是已确认公安机构；区划变更及一对多机构关系须核实
police-310110,上海,310110,杨浦区,county,police,pending_discovery,上海 杨浦区 公安局 公安分局 政府信息公开 官方网站,https://www.mca.gov.cn/mzsj/xzqh/2025/202401xzqh.html,行政区划覆盖任务，不是已确认公安机构；区划变更及一对多机构关系须核实
police-310112,上海,310112,闵行区,county,police,pending_discovery,上海 闵行区 公安局 公安分局 政府信息公开 官方网站,https://www.mca.gov.cn/mzsj/xzqh/2025/202401xzqh.html,行政区划覆盖任务，不是已确认公安机构；区划变更及一对多机构关系须核实
police-310113,上海,310113,宝山区,county,police,pending_discovery,上海 宝山区 公安局 公安分局 政府信息公开 官方网站,https://www.mca.gov.cn/mzsj/xzqh/2025/202401xzqh.html,行政区划覆盖任务，不是已确认公安机构；区划变更及一对多机构关系须核实
police-310114,上海,310114,嘉定区,county,police,pending_discovery,上海 嘉定区 公安局 公安分局 政府信息公开 官方网站,https://www.mca.gov.cn/mzsj/xzqh/2025/202401xzqh.html,行政区划覆盖任务，不是已确认公安机构；区划变更及一对多机构关系须核实
police-310115,上海,310115,浦东新区,county,police,pending_discovery,上海 浦东新区 公安局 公安分局 政府信息公开 官方网站,https://www.mca.gov.cn/mzsj/xzqh/2025/202401xzqh.html,行政区划覆盖任务，不是已确认公安机构；区划变更及一对多机构关系须核实
police-310116,上海,310116,金山区,county,police,pending_discovery,上海 金山区 公安局 公安分局 政府信息公开 官方网站,https://www.mca.gov.cn/mzsj/xzqh/2025/202401xzqh.html,行政区划覆盖任务，不是已确认公安机构；区划变更及一对多机构关系须核实
police-310117,上海,310117,松江区,county,police,pending_discovery,上海 松江区 公安局 公安分局 政府信息公开 官方网站,https://www.mca.gov.cn/mzsj/xzqh/2025/202401xzqh.html,行政区划覆盖任务，不是已确认公安机构；区划变更及一对多机构关系须核实
police-310118,上海,310118,青浦区,county,police,pending_discovery,上海 青浦区 公安局 公安分局 政府信息公开 官方网站,https://www.mca.gov.cn/mzsj/xzqh/2025/202401xzqh.html,行政区划覆盖任务，不是已确认公安机构；区划变更及一对多机构关系须核实
police-310120,上海,310120,奉贤区,county,police,pending_discovery,上海 奉贤区 公安局 公安分局 政府信息公开 官方网站,https://www.mca.gov.cn/mzsj/xzqh/2025/202401xzqh.html,行政区划覆盖任务，不是已确认公安机构；区划变更及一对多机构关系须核实
police-310151,上海,310151,崇明区,county,police,pending_discovery,上海 崇明区 公安局 公安分局 政府信息公开 官方网站,https://www.mca.gov.cn/mzsj/xzqh/2025/202401xzqh.html,行政区划覆盖任务，不是已确认公安机构；区划变更及一对多机构关系须核实
police-320000,江苏,320000,江苏省,province,police,pending_discovery,江苏 江苏省 公安局 公安分局 政府信息公开 官方网站,https://www.mca.gov.cn/mzsj/xzqh/2025/202401xzqh.html,行政区划覆盖任务，不是已确认公安机构；区划变更及一对多机构关系须核实
police-320100,江苏,320100,南京市,prefecture,police,pending_discovery,江苏 南京市 公安局 公安分局 政府信息公开 官方网站,https://www.mca.gov.cn/mzsj/xzqh/2025/202401xzqh.html,行政区划覆盖任务，不是已确认公安机构；区划变更及一对多机构关系须核实
police-320102,江苏,320102,玄武区,county,police,pending_discovery,江苏 玄武区 公安局 公安分局 政府信息公开 官方网站,https://www.mca.gov.cn/mzsj/xzqh/2025/202401xzqh.html,行政区划覆盖任务，不是已确认公安机构；区划变更及一对多机构关系须核实
police-320104,江苏,320104,秦淮区,county,police,pending_discovery,江苏 秦淮区 公安局 公安分局 政府信息公开 官方网站,https://www.mca.gov.cn/mzsj/xzqh/2025/202401xzqh.html,行政区划覆盖任务，不是已确认公安机构；区划变更及一对多机构关系须核实
police-320105,江苏,320105,建邺区,county,police,pending_discovery,江苏 建邺区 公安局 公安分局 政府信息公开 官方网站,https://www.mca.gov.cn/mzsj/xzqh/2025/202401xzqh.html,行政区划覆盖任务，不是已确认公安机构；区划变更及一对多机构关系须核实
police-320106,江苏,320106,鼓楼区,county,police,pending_discovery,江苏 鼓楼区 公安局 公安分局 政府信息公开 官方网站,https://www.mca.gov.cn/mzsj/xzqh/2025/202401xzqh.html,行政区划覆盖任务，不是已确认公安机构；区划变更及一对多机构关系须核实
police-320111,江苏,320111,浦口区,county,police,pending_discovery,江苏 浦口区 公安局 公安分局 政府信息公开 官方网站,https://www.mca.gov.cn/mzsj/xzqh/2025/202401xzqh.html,行政区划覆盖任务，不是已确认公安机构；区划变更及一对多机构关系须核实
police-320113,江苏,320113,栖霞区,county,police,pending_discovery,江苏 栖霞区 公安局 公安分局 政府信息公开 官方网站,https://www.mca.gov.cn/mzsj/xzqh/2025/202401xzqh.html,行政区划覆盖任务，不是已确认公安机构；区划变更及一对多机构关系须核实
police-320114,江苏,320114,雨花台区,county,police,pending_discovery,江苏 雨花台区 公安局 公安分局 政府信息公开 官方网站,https://www.mca.gov.cn/mzsj/xzqh/2025/202401xzqh.html,行政区划覆盖任务，不是已确认公安机构；区划变更及一对多机构关系须核实
police-320115,江苏,320115,江宁区,county,police,pending_discovery,江苏 江宁区 公安局 公安分局 政府信息公开 官方网站,https://www.mca.gov.cn/mzsj/xzqh/2025/202401xzqh.html,行政区划覆盖任务，不是已确认公安机构；区划变更及一对多机构关系须核实
police-320116,江苏,320116,六合区,county,police,pending_discovery,江苏 六合区 公安局 公安分局 政府信息公开 官方网站,https://www.mca.gov.cn/mzsj/xzqh/2025/202401xzqh.html,行政区划覆盖任务，不是已确认公安机构；区划变更及一对多机构关系须核实
police-320117,江苏,320117,溧水区,county,police,pending_discovery,江苏 溧水区 公安局 公安分局 政府信息公开 官方网站,https://www.mca.gov.cn/mzsj/xzqh/2025/202401xzqh.html,行政区划覆盖任务，不是已确认公安机构；区划变更及一对多机构关系须核实
police-320118,江苏,320118,高淳区,county,police,pending_discovery,江苏 高淳区 公安局 公安分局 政府信息公开 官方网站,https://www.mca.gov.cn/mzsj/xzqh/2025/202401xzqh.html,行政区划覆盖任务，不是已确认公安机构；区划变更及一对多机构关系须核实
police-320200,江苏,320200,无锡市,prefecture,police,pending_discovery,江苏 无锡市 公安局 公安分局 政府信息公开 官方网站,https://www.mca.gov.cn/mzsj/xzqh/2025/202401xzqh.html,行政区划覆盖任务，不是已确认公安机构；区划变更及一对多机构关系须核实
police-320205,江苏,320205,锡山区,county,police,pending_discovery,江苏 锡山区 公安局 公安分局 政府信息公开 官方网站,https://www.mca.gov.cn/mzsj/xzqh/2025/202401xzqh.html,行政区划覆盖任务，不是已确认公安机构；区划变更及一对多机构关系须核实
police-320206,江苏,320206,惠山区,county,police,pending_discovery,江苏 惠山区 公安局 公安分局 政府信息公开 官方网站,https://www.mca.gov.cn/mzsj/xzqh/2025/202401xzqh.html,行政区划覆盖任务，不是已确认公安机构；区划变更及一对多机构关系须核实
police-320211,江苏,320211,滨湖区,county,police,pending_discovery,江苏 滨湖区 公安局 公安分局 政府信息公开 官方网站,https://www.mca.gov.cn/mzsj/xzqh/2025/202401xzqh.html,行政区划覆盖任务，不是已确认公安机构；区划变更及一对多机构关系须核实
police-320213,江苏,320213,梁溪区,county,police,pending_discovery,江苏 梁溪区 公安局 公安分局 政府信息公开 官方网站,https://www.mca.gov.cn/mzsj/xzqh/2025/202401xzqh.html,行政区划覆盖任务，不是已确认公安机构；区划变更及一对多机构关系须核实
police-320214,江苏,320214,新吴区,county,police,pending_discovery,江苏 新吴区 公安局 公安分局 政府信息公开 官方网站,https://www.mca.gov.cn/mzsj/xzqh/2025/202401xzqh.html,行政区划覆盖任务，不是已确认公安机构；区划变更及一对多机构关系须核实
police-320281,江苏,320281,江阴市,county,police,pending_discovery,江苏 江阴市 公安局 公安分局 政府信息公开 官方网站,https://www.mca.gov.cn/mzsj/xzqh/2025/202401xzqh.html,行政区划覆盖任务，不是已确认公安机构；区划变更及一对多机构关系须核实
police-320282,江苏,320282,宜兴市,county,police,pending_discovery,江苏 宜兴市 公安局 公安分局 政府信息公开 官方网站,https://www.mca.gov.cn/mzsj/xzqh/2025/202401xzqh.html,行政区划覆盖任务，不是已确认公安机构；区划变更及一对多机构关系须核实
police-320300,江苏,320300,徐州市,prefecture,police,pending_discovery,江苏 徐州市 公安局 公安分局 政府信息公开 官方网站,https://www.mca.gov.cn/mzsj/xzqh/2025/202401xzqh.html,行政区划覆盖任务，不是已确认公安机构；区划变更及一对多机构关系须核实
police-320302,江苏,320302,鼓楼区,county,police,pending_discovery,江苏 鼓楼区 公安局 公安分局 政府信息公开 官方网站,https://www.mca.gov.cn/mzsj/xzqh/2025/202401xzqh.html,行政区划覆盖任务，不是已确认公安机构；区划变更及一对多机构关系须核实
police-320303,江苏,320303,云龙区,county,police,pending_discovery,江苏 云龙区 公安局 公安分局 政府信息公开 官方网站,https://www.mca.gov.cn/mzsj/xzqh/2025/202401xzqh.html,行政区划覆盖任务，不是已确认公安机构；区划变更及一对多机构关系须核实
police-320305,江苏,320305,贾汪区,county,police,pending_discovery,江苏 贾汪区 公安局 公安分局 政府信息公开 官方网站,https://www.mca.gov.cn/mzsj/xzqh/2025/202401xzqh.html,行政区划覆盖任务，不是已确认公安机构；区划变更及一对多机构关系须核实
police-320311,江苏,320311,泉山区,county,police,pending_discovery,江苏 泉山区 公安局 公安分局 政府信息公开 官方网站,https://www.mca.gov.cn/mzsj/xzqh/2025/202401xzqh.html,行政区划覆盖任务，不是已确认公安机构；区划变更及一对多机构关系须核实
police-320312,江苏,320312,铜山区,county,police,pending_discovery,江苏 铜山区 公安局 公安分局 政府信息公开 官方网站,https://www.mca.gov.cn/mzsj/xzqh/2025/202401xzqh.html,行政区划覆盖任务，不是已确认公安机构；区划变更及一对多机构关系须核实
police-320321,江苏,320321,丰县,county,police,pending_discovery,江苏 丰县 公安局 公安分局 政府信息公开 官方网站,https://www.mca.gov.cn/mzsj/xzqh/2025/202401xzqh.html,行政区划覆盖任务，不是已确认公安机构；区划变更及一对多机构关系须核实
police-320322,江苏,320322,沛县,county,police,pending_discovery,江苏 沛县 公安局 公安分局 政府信息公开 官方网站,https://www.mca.gov.cn/mzsj/xzqh/2025/202401xzqh.html,行政区划覆盖任务，不是已确认公安机构；区划变更及一对多机构关系须核实
police-320324,江苏,320324,睢宁县,county,police,pending_discovery,江苏 睢宁县 公安局 公安分局 政府信息公开 官方网站,https://www.mca.gov.cn/mzsj/xzqh/2025/202401xzqh.html,行政区划覆盖任务，不是已确认公安机构；区划变更及一对多机构关系须核实
police-320381,江苏,320381,新沂市,county,police,pending_discovery,江苏 新沂市 公安局 公安分局 政府信息公开 官方网站,https://www.mca.gov.cn/mzsj/xzqh/2025/202401xzqh.html,行政区划覆盖任务，不是已确认公安机构；区划变更及一对多机构关系须核实
police-320382,江苏,320382,邳州市,county,police,pending_discovery,江苏 邳州市 公安局 公安分局 政府信息公开 官方网站,https://www.mca.gov.cn/mzsj/xzqh/2025/202401xzqh.html,行政区划覆盖任务，不是已确认公安机构；区划变更及一对多机构关系须核实
police-320400,江苏,320400,常州市,prefecture,police,pending_discovery,江苏 常州市 公安局 公安分局 政府信息公开 官方网站,https://www.mca.gov.cn/mzsj/xzqh/2025/202401xzqh.html,行政区划覆盖任务，不是已确认公安机构；区划变更及一对多机构关系须核实
police-320402,江苏,320402,天宁区,county,police,pending_discovery,江苏 天宁区 公安局 公安分局 政府信息公开 官方网站,https://www.mca.gov.cn/mzsj/xzqh/2025/202401xzqh.html,行政区划覆盖任务，不是已确认公安机构；区划变更及一对多机构关系须核实
police-320404,江苏,320404,钟楼区,county,police,pending_discovery,江苏 钟楼区 公安局 公安分局 政府信息公开 官方网站,https://www.mca.gov.cn/mzsj/xzqh/2025/202401xzqh.html,行政区划覆盖任务，不是已确认公安机构；区划变更及一对多机构关系须核实
police-320411,江苏,320411,新北区,county,police,pending_discovery,江苏 新北区 公安局 公安分局 政府信息公开 官方网站,https://www.mca.gov.cn/mzsj/xzqh/2025/202401xzqh.html,行政区划覆盖任务，不是已确认公安机构；区划变更及一对多机构关系须核实
police-320412,江苏,320412,武进区,county,police,pending_discovery,江苏 武进区 公安局 公安分局 政府信息公开 官方网站,https://www.mca.gov.cn/mzsj/xzqh/2025/202401xzqh.html,行政区划覆盖任务，不是已确认公安机构；区划变更及一对多机构关系须核实
police-320413,江苏,320413,金坛区,county,police,pending_discovery,江苏 金坛区 公安局 公安分局 政府信息公开 官方网站,https://www.mca.gov.cn/mzsj/xzqh/2025/202401xzqh.html,行政区划覆盖任务，不是已确认公安机构；区划变更及一对多机构关系须核实
police-320481,江苏,320481,溧阳市,county,police,pending_discovery,江苏 溧阳市 公安局 公安分局 政府信息公开 官方网站,https://www.mca.gov.cn/mzsj/xzqh/2025/202401xzqh.html,行政区划覆盖任务，不是已确认公安机构；区划变更及一对多机构关系须核实
police-320500,江苏,320500,苏州市,prefecture,police,pending_discovery,江苏 苏州市 公安局 公安分局 政府信息公开 官方网站,https://www.mca.gov.cn/mzsj/xzqh/2025/202401xzqh.html,行政区划覆盖任务，不是已确认公安机构；区划变更及一对多机构关系须核实
police-320505,江苏,320505,虎丘区,county,police,pending_discovery,江苏 虎丘区 公安局 公安分局 政府信息公开 官方网站,https://www.mca.gov.cn/mzsj/xzqh/2025/202401xzqh.html,行政区划覆盖任务，不是已确认公安机构；区划变更及一对多机构关系须核实
police-320506,江苏,320506,吴中区,county,police,pending_discovery,江苏 吴中区 公安局 公安分局 政府信息公开 官方网站,https://www.mca.gov.cn/mzsj/xzqh/2025/202401xzqh.html,行政区划覆盖任务，不是已确认公安机构；区划变更及一对多机构关系须核实
police-320507,江苏,320507,相城区,county,police,pending_discovery,江苏 相城区 公安局 公安分局 政府信息公开 官方网站,https://www.mca.gov.cn/mzsj/xzqh/2025/202401xzqh.html,行政区划覆盖任务，不是已确认公安机构；区划变更及一对多机构关系须核实
police-320508,江苏,320508,姑苏区,county,police,pending_discovery,江苏 姑苏区 公安局 公安分局 政府信息公开 官方网站,https://www.mca.gov.cn/mzsj/xzqh/2025/202401xzqh.html,行政区划覆盖任务，不是已确认公安机构；区划变更及一对多机构关系须核实
police-320509,江苏,320509,吴江区,county,police,pending_discovery,江苏 吴江区 公安局 公安分局 政府信息公开 官方网站,https://www.mca.gov.cn/mzsj/xzqh/2025/202401xzqh.html,行政区划覆盖任务，不是已确认公安机构；区划变更及一对多机构关系须核实
police-320581,江苏,320581,常熟市,county,police,pending_discovery,江苏 常熟市 公安局 公安分局 政府信息公开 官方网站,https://www.mca.gov.cn/mzsj/xzqh/2025/202401xzqh.html,行政区划覆盖任务，不是已确认公安机构；区划变更及一对多机构关系须核实
police-320582,江苏,320582,张家港市,county,police,pending_discovery,江苏 张家港市 公安局 公安分局 政府信息公开 官方网站,https://www.mca.gov.cn/mzsj/xzqh/2025/202401xzqh.html,行政区划覆盖任务，不是已确认公安机构；区划变更及一对多机构关系须核实
police-320583,江苏,320583,昆山市,county,police,pending_discovery,江苏 昆山市 公安局 公安分局 政府信息公开 官方网站,https://www.mca.gov.cn/mzsj/xzqh/2025/202401xzqh.html,行政区划覆盖任务，不是已确认公安机构；区划变更及一对多机构关系须核实
police-320585,江苏,320585,太仓市,county,police,pending_discovery,江苏 太仓市 公安局 公安分局 政府信息公开 官方网站,https://www.mca.gov.cn/mzsj/xzqh/2025/202401xzqh.html,行政区划覆盖任务，不是已确认公安机构；区划变更及一对多机构关系须核实
police-320600,江苏,320600,南通市,prefecture,police,pending_discovery,江苏 南通市 公安局 公安分局 政府信息公开 官方网站,https://www.mca.gov.cn/mzsj/xzqh/2025/202401xzqh.html,行政区划覆盖任务，不是已确认公安机构；区划变更及一对多机构关系须核实
police-320612,江苏,320612,通州区,county,police,pending_discovery,江苏 通州区 公安局 公安分局 政府信息公开 官方网站,https://www.mca.gov.cn/mzsj/xzqh/2025/202401xzqh.html,行政区划覆盖任务，不是已确认公安机构；区划变更及一对多机构关系须核实
police-320613,江苏,320613,崇川区,county,police,pending_discovery,江苏 崇川区 公安局 公安分局 政府信息公开 官方网站,https://www.mca.gov.cn/mzsj/xzqh/2025/202401xzqh.html,行政区划覆盖任务，不是已确认公安机构；区划变更及一对多机构关系须核实
police-320614,江苏,320614,海门区,county,police,pending_discovery,江苏 海门区 公安局 公安分局 政府信息公开 官方网站,https://www.mca.gov.cn/mzsj/xzqh/2025/202401xzqh.html,行政区划覆盖任务，不是已确认公安机构；区划变更及一对多机构关系须核实
police-320623,江苏,320623,如东县,county,police,pending_discovery,江苏 如东县 公安局 公安分局 政府信息公开 官方网站,https://www.mca.gov.cn/mzsj/xzqh/2025/202401xzqh.html,行政区划覆盖任务，不是已确认公安机构；区划变更及一对多机构关系须核实
police-320681,江苏,320681,启东市,county,police,pending_discovery,江苏 启东市 公安局 公安分局 政府信息公开 官方网站,https://www.mca.gov.cn/mzsj/xzqh/2025/202401xzqh.html,行政区划覆盖任务，不是已确认公安机构；区划变更及一对多机构关系须核实
police-320682,江苏,320682,如皋市,county,police,pending_discovery,江苏 如皋市 公安局 公安分局 政府信息公开 官方网站,https://www.mca.gov.cn/mzsj/xzqh/2025/202401xzqh.html,行政区划覆盖任务，不是已确认公安机构；区划变更及一对多机构关系须核实
police-320685,江苏,320685,海安市,county,police,pending_discovery,江苏 海安市 公安局 公安分局 政府信息公开 官方网站,https://www.mca.gov.cn/mzsj/xzqh/2025/202401xzqh.html,行政区划覆盖任务，不是已确认公安机构；区划变更及一对多机构关系须核实
police-320700,江苏,320700,连云港市,prefecture,police,pending_discovery,江苏 连云港市 公安局 公安分局 政府信息公开 官方网站,https://www.mca.gov.cn/mzsj/xzqh/2025/202401xzqh.html,行政区划覆盖任务，不是已确认公安机构；区划变更及一对多机构关系须核实
police-320703,江苏,320703,连云区,county,police,pending_discovery,江苏 连云区 公安局 公安分局 政府信息公开 官方网站,https://www.mca.gov.cn/mzsj/xzqh/2025/202401xzqh.html,行政区划覆盖任务，不是已确认公安机构；区划变更及一对多机构关系须核实
police-320706,江苏,320706,海州区,county,police,pending_discovery,江苏 海州区 公安局 公安分局 政府信息公开 官方网站,https://www.mca.gov.cn/mzsj/xzqh/2025/202401xzqh.html,行政区划覆盖任务，不是已确认公安机构；区划变更及一对多机构关系须核实
police-320707,江苏,320707,赣榆区,county,police,pending_discovery,江苏 赣榆区 公安局 公安分局 政府信息公开 官方网站,https://www.mca.gov.cn/mzsj/xzqh/2025/202401xzqh.html,行政区划覆盖任务，不是已确认公安机构；区划变更及一对多机构关系须核实
police-320722,江苏,320722,东海县,county,police,pending_discovery,江苏 东海县 公安局 公安分局 政府信息公开 官方网站,https://www.mca.gov.cn/mzsj/xzqh/2025/202401xzqh.html,行政区划覆盖任务，不是已确认公安机构；区划变更及一对多机构关系须核实
police-320723,江苏,320723,灌云县,county,police,pending_discovery,江苏 灌云县 公安局 公安分局 政府信息公开 官方网站,https://www.mca.gov.cn/mzsj/xzqh/2025/202401xzqh.html,行政区划覆盖任务，不是已确认公安机构；区划变更及一对多机构关系须核实
police-320724,江苏,320724,灌南县,county,police,pending_discovery,江苏 灌南县 公安局 公安分局 政府信息公开 官方网站,https://www.mca.gov.cn/mzsj/xzqh/2025/202401xzqh.html,行政区划覆盖任务，不是已确认公安机构；区划变更及一对多机构关系须核实
police-320800,江苏,320800,淮安市,prefecture,police,pending_discovery,江苏 淮安市 公安局 公安分局 政府信息公开 官方网站,https://www.mca.gov.cn/mzsj/xzqh/2025/202401xzqh.html,行政区划覆盖任务，不是已确认公安机构；区划变更及一对多机构关系须核实
police-320803,江苏,320803,淮安区,county,police,pending_discovery,江苏 淮安区 公安局 公安分局 政府信息公开 官方网站,https://www.mca.gov.cn/mzsj/xzqh/2025/202401xzqh.html,行政区划覆盖任务，不是已确认公安机构；区划变更及一对多机构关系须核实
police-320804,江苏,320804,淮阴区,county,police,pending_discovery,江苏 淮阴区 公安局 公安分局 政府信息公开 官方网站,https://www.mca.gov.cn/mzsj/xzqh/2025/202401xzqh.html,行政区划覆盖任务，不是已确认公安机构；区划变更及一对多机构关系须核实
police-320812,江苏,320812,清江浦区,county,police,pending_discovery,江苏 清江浦区 公安局 公安分局 政府信息公开 官方网站,https://www.mca.gov.cn/mzsj/xzqh/2025/202401xzqh.html,行政区划覆盖任务，不是已确认公安机构；区划变更及一对多机构关系须核实
police-320813,江苏,320813,洪泽区,county,police,pending_discovery,江苏 洪泽区 公安局 公安分局 政府信息公开 官方网站,https://www.mca.gov.cn/mzsj/xzqh/2025/202401xzqh.html,行政区划覆盖任务，不是已确认公安机构；区划变更及一对多机构关系须核实
police-320826,江苏,320826,涟水县,county,police,pending_discovery,江苏 涟水县 公安局 公安分局 政府信息公开 官方网站,https://www.mca.gov.cn/mzsj/xzqh/2025/202401xzqh.html,行政区划覆盖任务，不是已确认公安机构；区划变更及一对多机构关系须核实
police-320830,江苏,320830,盱眙县,county,police,pending_discovery,江苏 盱眙县 公安局 公安分局 政府信息公开 官方网站,https://www.mca.gov.cn/mzsj/xzqh/2025/202401xzqh.html,行政区划覆盖任务，不是已确认公安机构；区划变更及一对多机构关系须核实
police-320831,江苏,320831,金湖县,county,police,pending_discovery,江苏 金湖县 公安局 公安分局 政府信息公开 官方网站,https://www.mca.gov.cn/mzsj/xzqh/2025/202401xzqh.html,行政区划覆盖任务，不是已确认公安机构；区划变更及一对多机构关系须核实
police-320900,江苏,320900,盐城市,prefecture,police,pending_discovery,江苏 盐城市 公安局 公安分局 政府信息公开 官方网站,https://www.mca.gov.cn/mzsj/xzqh/2025/202401xzqh.html,行政区划覆盖任务，不是已确认公安机构；区划变更及一对多机构关系须核实
police-320902,江苏,320902,亭湖区,county,police,pending_discovery,江苏 亭湖区 公安局 公安分局 政府信息公开 官方网站,https://www.mca.gov.cn/mzsj/xzqh/2025/202401xzqh.html,行政区划覆盖任务，不是已确认公安机构；区划变更及一对多机构关系须核实
police-320903,江苏,320903,盐都区,county,police,pending_discovery,江苏 盐都区 公安局 公安分局 政府信息公开 官方网站,https://www.mca.gov.cn/mzsj/xzqh/2025/202401xzqh.html,行政区划覆盖任务，不是已确认公安机构；区划变更及一对多机构关系须核实
police-320904,江苏,320904,大丰区,county,police,pending_discovery,江苏 大丰区 公安局 公安分局 政府信息公开 官方网站,https://www.mca.gov.cn/mzsj/xzqh/2025/202401xzqh.html,行政区划覆盖任务，不是已确认公安机构；区划变更及一对多机构关系须核实
police-320921,江苏,320921,响水县,county,police,pending_discovery,江苏 响水县 公安局 公安分局 政府信息公开 官方网站,https://www.mca.gov.cn/mzsj/xzqh/2025/202401xzqh.html,行政区划覆盖任务，不是已确认公安机构；区划变更及一对多机构关系须核实
police-320922,江苏,320922,滨海县,county,police,pending_discovery,江苏 滨海县 公安局 公安分局 政府信息公开 官方网站,https://www.mca.gov.cn/mzsj/xzqh/2025/202401xzqh.html,行政区划覆盖任务，不是已确认公安机构；区划变更及一对多机构关系须核实
police-320923,江苏,320923,阜宁县,county,police,pending_discovery,江苏 阜宁县 公安局 公安分局 政府信息公开 官方网站,https://www.mca.gov.cn/mzsj/xzqh/2025/202401xzqh.html,行政区划覆盖任务，不是已确认公安机构；区划变更及一对多机构关系须核实
police-320924,江苏,320924,射阳县,county,police,pending_discovery,江苏 射阳县 公安局 公安分局 政府信息公开 官方网站,https://www.mca.gov.cn/mzsj/xzqh/2025/202401xzqh.html,行政区划覆盖任务，不是已确认公安机构；区划变更及一对多机构关系须核实
police-320925,江苏,320925,建湖县,county,police,pending_discovery,江苏 建湖县 公安局 公安分局 政府信息公开 官方网站,https://www.mca.gov.cn/mzsj/xzqh/2025/202401xzqh.html,行政区划覆盖任务，不是已确认公安机构；区划变更及一对多机构关系须核实
police-320981,江苏,320981,东台市,county,police,pending_discovery,江苏 东台市 公安局 公安分局 政府信息公开 官方网站,https://www.mca.gov.cn/mzsj/xzqh/2025/202401xzqh.html,行政区划覆盖任务，不是已确认公安机构；区划变更及一对多机构关系须核实
police-321000,江苏,321000,扬州市,prefecture,police,pending_discovery,江苏 扬州市 公安局 公安分局 政府信息公开 官方网站,https://www.mca.gov.cn/mzsj/xzqh/2025/202401xzqh.html,行政区划覆盖任务，不是已确认公安机构；区划变更及一对多机构关系须核实
police-321002,江苏,321002,广陵区,county,police,pending_discovery,江苏 广陵区 公安局 公安分局 政府信息公开 官方网站,https://www.mca.gov.cn/mzsj/xzqh/2025/202401xzqh.html,行政区划覆盖任务，不是已确认公安机构；区划变更及一对多机构关系须核实
police-321003,江苏,321003,邗江区,county,police,pending_discovery,江苏 邗江区 公安局 公安分局 政府信息公开 官方网站,https://www.mca.gov.cn/mzsj/xzqh/2025/202401xzqh.html,行政区划覆盖任务，不是已确认公安机构；区划变更及一对多机构关系须核实
police-321012,江苏,321012,江都区,county,police,pending_discovery,江苏 江都区 公安局 公安分局 政府信息公开 官方网站,https://www.mca.gov.cn/mzsj/xzqh/2025/202401xzqh.html,行政区划覆盖任务，不是已确认公安机构；区划变更及一对多机构关系须核实
police-321023,江苏,321023,宝应县,county,police,pending_discovery,江苏 宝应县 公安局 公安分局 政府信息公开 官方网站,https://www.mca.gov.cn/mzsj/xzqh/2025/202401xzqh.html,行政区划覆盖任务，不是已确认公安机构；区划变更及一对多机构关系须核实
police-321081,江苏,321081,仪征市,county,police,pending_discovery,江苏 仪征市 公安局 公安分局 政府信息公开 官方网站,https://www.mca.gov.cn/mzsj/xzqh/2025/202401xzqh.html,行政区划覆盖任务，不是已确认公安机构；区划变更及一对多机构关系须核实
police-321084,江苏,321084,高邮市,county,police,pending_discovery,江苏 高邮市 公安局 公安分局 政府信息公开 官方网站,https://www.mca.gov.cn/mzsj/xzqh/2025/202401xzqh.html,行政区划覆盖任务，不是已确认公安机构；区划变更及一对多机构关系须核实
police-321100,江苏,321100,镇江市,prefecture,police,pending_discovery,江苏 镇江市 公安局 公安分局 政府信息公开 官方网站,https://www.mca.gov.cn/mzsj/xzqh/2025/202401xzqh.html,行政区划覆盖任务，不是已确认公安机构；区划变更及一对多机构关系须核实
police-321102,江苏,321102,京口区,county,police,pending_discovery,江苏 京口区 公安局 公安分局 政府信息公开 官方网站,https://www.mca.gov.cn/mzsj/xzqh/2025/202401xzqh.html,行政区划覆盖任务，不是已确认公安机构；区划变更及一对多机构关系须核实
police-321111,江苏,321111,润州区,county,police,pending_discovery,江苏 润州区 公安局 公安分局 政府信息公开 官方网站,https://www.mca.gov.cn/mzsj/xzqh/2025/202401xzqh.html,行政区划覆盖任务，不是已确认公安机构；区划变更及一对多机构关系须核实
police-321112,江苏,321112,丹徒区,county,police,pending_discovery,江苏 丹徒区 公安局 公安分局 政府信息公开 官方网站,https://www.mca.gov.cn/mzsj/xzqh/2025/202401xzqh.html,行政区划覆盖任务，不是已确认公安机构；区划变更及一对多机构关系须核实
police-321181,江苏,321181,丹阳市,county,police,pending_discovery,江苏 丹阳市 公安局 公安分局 政府信息公开 官方网站,https://www.mca.gov.cn/mzsj/xzqh/2025/202401xzqh.html,行政区划覆盖任务，不是已确认公安机构；区划变更及一对多机构关系须核实
police-321182,江苏,321182,扬中市,county,police,pending_discovery,江苏 扬中市 公安局 公安分局 政府信息公开 官方网站,https://www.mca.gov.cn/mzsj/xzqh/2025/202401xzqh.html,行政区划覆盖任务，不是已确认公安机构；区划变更及一对多机构关系须核实
police-321183,江苏,321183,句容市,county,police,pending_discovery,江苏 句容市 公安局 公安分局 政府信息公开 官方网站,https://www.mca.gov.cn/mzsj/xzqh/2025/202401xzqh.html,行政区划覆盖任务，不是已确认公安机构；区划变更及一对多机构关系须核实
police-321200,江苏,321200,泰州市,prefecture,police,pending_discovery,江苏 泰州市 公安局 公安分局 政府信息公开 官方网站,https://www.mca.gov.cn/mzsj/xzqh/2025/202401xzqh.html,行政区划覆盖任务，不是已确认公安机构；区划变更及一对多机构关系须核实
police-321202,江苏,321202,海陵区,county,police,pending_discovery,江苏 海陵区 公安局 公安分局 政府信息公开 官方网站,https://www.mca.gov.cn/mzsj/xzqh/2025/202401xzqh.html,行政区划覆盖任务，不是已确认公安机构；区划变更及一对多机构关系须核实
police-321203,江苏,321203,高港区,county,police,pending_discovery,江苏 高港区 公安局 公安分局 政府信息公开 官方网站,https://www.mca.gov.cn/mzsj/xzqh/2025/202401xzqh.html,行政区划覆盖任务，不是已确认公安机构；区划变更及一对多机构关系须核实
police-321204,江苏,321204,姜堰区,county,police,pending_discovery,江苏 姜堰区 公安局 公安分局 政府信息公开 官方网站,https://www.mca.gov.cn/mzsj/xzqh/2025/202401xzqh.html,行政区划覆盖任务，不是已确认公安机构；区划变更及一对多机构关系须核实
police-321281,江苏,321281,兴化市,county,police,pending_discovery,江苏 兴化市 公安局 公安分局 政府信息公开 官方网站,https://www.mca.gov.cn/mzsj/xzqh/2025/202401xzqh.html,行政区划覆盖任务，不是已确认公安机构；区划变更及一对多机构关系须核实
police-321282,江苏,321282,靖江市,county,police,pending_discovery,江苏 靖江市 公安局 公安分局 政府信息公开 官方网站,https://www.mca.gov.cn/mzsj/xzqh/2025/202401xzqh.html,行政区划覆盖任务，不是已确认公安机构；区划变更及一对多机构关系须核实
police-321283,江苏,321283,泰兴市,county,police,pending_discovery,江苏 泰兴市 公安局 公安分局 政府信息公开 官方网站,https://www.mca.gov.cn/mzsj/xzqh/2025/202401xzqh.html,行政区划覆盖任务，不是已确认公安机构；区划变更及一对多机构关系须核实
police-321300,江苏,321300,宿迁市,prefecture,police,pending_discovery,江苏 宿迁市 公安局 公安分局 政府信息公开 官方网站,https://www.mca.gov.cn/mzsj/xzqh/2025/202401xzqh.html,行政区划覆盖任务，不是已确认公安机构；区划变更及一对多机构关系须核实
police-321302,江苏,321302,宿城区,county,police,pending_discovery,江苏 宿城区 公安局 公安分局 政府信息公开 官方网站,https://www.mca.gov.cn/mzsj/xzqh/2025/202401xzqh.html,行政区划覆盖任务，不是已确认公安机构；区划变更及一对多机构关系须核实
police-321311,江苏,321311,宿豫区,county,police,pending_discovery,江苏 宿豫区 公安局 公安分局 政府信息公开 官方网站,https://www.mca.gov.cn/mzsj/xzqh/2025/202401xzqh.html,行政区划覆盖任务，不是已确认公安机构；区划变更及一对多机构关系须核实
police-321322,江苏,321322,沭阳县,county,police,pending_discovery,江苏 沭阳县 公安局 公安分局 政府信息公开 官方网站,https://www.mca.gov.cn/mzsj/xzqh/2025/202401xzqh.html,行政区划覆盖任务，不是已确认公安机构；区划变更及一对多机构关系须核实
police-321323,江苏,321323,泗阳县,county,police,pending_discovery,江苏 泗阳县 公安局 公安分局 政府信息公开 官方网站,https://www.mca.gov.cn/mzsj/xzqh/2025/202401xzqh.html,行政区划覆盖任务，不是已确认公安机构；区划变更及一对多机构关系须核实
police-321324,江苏,321324,泗洪县,county,police,pending_discovery,江苏 泗洪县 公安局 公安分局 政府信息公开 官方网站,https://www.mca.gov.cn/mzsj/xzqh/2025/202401xzqh.html,行政区划覆盖任务，不是已确认公安机构；区划变更及一对多机构关系须核实
police-330000,浙江,330000,浙江省,province,police,pending_discovery,浙江 浙江省 公安局 公安分局 政府信息公开 官方网站,https://www.mca.gov.cn/mzsj/xzqh/2025/202401xzqh.html,行政区划覆盖任务，不是已确认公安机构；区划变更及一对多机构关系须核实
police-330100,浙江,330100,杭州市,prefecture,police,pending_discovery,浙江 杭州市 公安局 公安分局 政府信息公开 官方网站,https://www.mca.gov.cn/mzsj/xzqh/2025/202401xzqh.html,行政区划覆盖任务，不是已确认公安机构；区划变更及一对多机构关系须核实
police-330102,浙江,330102,上城区,county,police,pending_discovery,浙江 上城区 公安局 公安分局 政府信息公开 官方网站,https://www.mca.gov.cn/mzsj/xzqh/2025/202401xzqh.html,行政区划覆盖任务，不是已确认公安机构；区划变更及一对多机构关系须核实
police-330105,浙江,330105,拱墅区,county,police,pending_discovery,浙江 拱墅区 公安局 公安分局 政府信息公开 官方网站,https://www.mca.gov.cn/mzsj/xzqh/2025/202401xzqh.html,行政区划覆盖任务，不是已确认公安机构；区划变更及一对多机构关系须核实
police-330106,浙江,330106,西湖区,county,police,pending_discovery,浙江 西湖区 公安局 公安分局 政府信息公开 官方网站,https://www.mca.gov.cn/mzsj/xzqh/2025/202401xzqh.html,行政区划覆盖任务，不是已确认公安机构；区划变更及一对多机构关系须核实
police-330108,浙江,330108,滨江区,county,police,pending_discovery,浙江 滨江区 公安局 公安分局 政府信息公开 官方网站,https://www.mca.gov.cn/mzsj/xzqh/2025/202401xzqh.html,行政区划覆盖任务，不是已确认公安机构；区划变更及一对多机构关系须核实
police-330109,浙江,330109,萧山区,county,police,pending_discovery,浙江 萧山区 公安局 公安分局 政府信息公开 官方网站,https://www.mca.gov.cn/mzsj/xzqh/2025/202401xzqh.html,行政区划覆盖任务，不是已确认公安机构；区划变更及一对多机构关系须核实
police-330110,浙江,330110,余杭区,county,police,pending_discovery,浙江 余杭区 公安局 公安分局 政府信息公开 官方网站,https://www.mca.gov.cn/mzsj/xzqh/2025/202401xzqh.html,行政区划覆盖任务，不是已确认公安机构；区划变更及一对多机构关系须核实
police-330111,浙江,330111,富阳区,county,police,pending_discovery,浙江 富阳区 公安局 公安分局 政府信息公开 官方网站,https://www.mca.gov.cn/mzsj/xzqh/2025/202401xzqh.html,行政区划覆盖任务，不是已确认公安机构；区划变更及一对多机构关系须核实
police-330112,浙江,330112,临安区,county,police,pending_discovery,浙江 临安区 公安局 公安分局 政府信息公开 官方网站,https://www.mca.gov.cn/mzsj/xzqh/2025/202401xzqh.html,行政区划覆盖任务，不是已确认公安机构；区划变更及一对多机构关系须核实
police-330113,浙江,330113,临平区,county,police,pending_discovery,浙江 临平区 公安局 公安分局 政府信息公开 官方网站,https://www.mca.gov.cn/mzsj/xzqh/2025/202401xzqh.html,行政区划覆盖任务，不是已确认公安机构；区划变更及一对多机构关系须核实
police-330114,浙江,330114,钱塘区,county,police,pending_discovery,浙江 钱塘区 公安局 公安分局 政府信息公开 官方网站,https://www.mca.gov.cn/mzsj/xzqh/2025/202401xzqh.html,行政区划覆盖任务，不是已确认公安机构；区划变更及一对多机构关系须核实
police-330122,浙江,330122,桐庐县,county,police,pending_discovery,浙江 桐庐县 公安局 公安分局 政府信息公开 官方网站,https://www.mca.gov.cn/mzsj/xzqh/2025/202401xzqh.html,行政区划覆盖任务，不是已确认公安机构；区划变更及一对多机构关系须核实
police-330127,浙江,330127,淳安县,county,police,pending_discovery,浙江 淳安县 公安局 公安分局 政府信息公开 官方网站,https://www.mca.gov.cn/mzsj/xzqh/2025/202401xzqh.html,行政区划覆盖任务，不是已确认公安机构；区划变更及一对多机构关系须核实
police-330182,浙江,330182,建德市,county,police,pending_discovery,浙江 建德市 公安局 公安分局 政府信息公开 官方网站,https://www.mca.gov.cn/mzsj/xzqh/2025/202401xzqh.html,行政区划覆盖任务，不是已确认公安机构；区划变更及一对多机构关系须核实
police-330200,浙江,330200,宁波市,prefecture,police,pending_discovery,浙江 宁波市 公安局 公安分局 政府信息公开 官方网站,https://www.mca.gov.cn/mzsj/xzqh/2025/202401xzqh.html,行政区划覆盖任务，不是已确认公安机构；区划变更及一对多机构关系须核实
police-330203,浙江,330203,海曙区,county,police,pending_discovery,浙江 海曙区 公安局 公安分局 政府信息公开 官方网站,https://www.mca.gov.cn/mzsj/xzqh/2025/202401xzqh.html,行政区划覆盖任务，不是已确认公安机构；区划变更及一对多机构关系须核实
police-330205,浙江,330205,江北区,county,police,pending_discovery,浙江 江北区 公安局 公安分局 政府信息公开 官方网站,https://www.mca.gov.cn/mzsj/xzqh/2025/202401xzqh.html,行政区划覆盖任务，不是已确认公安机构；区划变更及一对多机构关系须核实
police-330206,浙江,330206,北仑区,county,police,pending_discovery,浙江 北仑区 公安局 公安分局 政府信息公开 官方网站,https://www.mca.gov.cn/mzsj/xzqh/2025/202401xzqh.html,行政区划覆盖任务，不是已确认公安机构；区划变更及一对多机构关系须核实
police-330211,浙江,330211,镇海区,county,police,pending_discovery,浙江 镇海区 公安局 公安分局 政府信息公开 官方网站,https://www.mca.gov.cn/mzsj/xzqh/2025/202401xzqh.html,行政区划覆盖任务，不是已确认公安机构；区划变更及一对多机构关系须核实
police-330212,浙江,330212,鄞州区,county,police,pending_discovery,浙江 鄞州区 公安局 公安分局 政府信息公开 官方网站,https://www.mca.gov.cn/mzsj/xzqh/2025/202401xzqh.html,行政区划覆盖任务，不是已确认公安机构；区划变更及一对多机构关系须核实
police-330213,浙江,330213,奉化区,county,police,pending_discovery,浙江 奉化区 公安局 公安分局 政府信息公开 官方网站,https://www.mca.gov.cn/mzsj/xzqh/2025/202401xzqh.html,行政区划覆盖任务，不是已确认公安机构；区划变更及一对多机构关系须核实
police-330225,浙江,330225,象山县,county,police,pending_discovery,浙江 象山县 公安局 公安分局 政府信息公开 官方网站,https://www.mca.gov.cn/mzsj/xzqh/2025/202401xzqh.html,行政区划覆盖任务，不是已确认公安机构；区划变更及一对多机构关系须核实
police-330226,浙江,330226,宁海县,county,police,pending_discovery,浙江 宁海县 公安局 公安分局 政府信息公开 官方网站,https://www.mca.gov.cn/mzsj/xzqh/2025/202401xzqh.html,行政区划覆盖任务，不是已确认公安机构；区划变更及一对多机构关系须核实
police-330281,浙江,330281,余姚市,county,police,pending_discovery,浙江 余姚市 公安局 公安分局 政府信息公开 官方网站,https://www.mca.gov.cn/mzsj/xzqh/2025/202401xzqh.html,行政区划覆盖任务，不是已确认公安机构；区划变更及一对多机构关系须核实
police-330282,浙江,330282,慈溪市,county,police,pending_discovery,浙江 慈溪市 公安局 公安分局 政府信息公开 官方网站,https://www.mca.gov.cn/mzsj/xzqh/2025/202401xzqh.html,行政区划覆盖任务，不是已确认公安机构；区划变更及一对多机构关系须核实
police-330300,浙江,330300,温州市,prefecture,police,pending_discovery,浙江 温州市 公安局 公安分局 政府信息公开 官方网站,https://www.mca.gov.cn/mzsj/xzqh/2025/202401xzqh.html,行政区划覆盖任务，不是已确认公安机构；区划变更及一对多机构关系须核实
police-330302,浙江,330302,鹿城区,county,police,pending_discovery,浙江 鹿城区 公安局 公安分局 政府信息公开 官方网站,https://www.mca.gov.cn/mzsj/xzqh/2025/202401xzqh.html,行政区划覆盖任务，不是已确认公安机构；区划变更及一对多机构关系须核实
police-330303,浙江,330303,龙湾区,county,police,pending_discovery,浙江 龙湾区 公安局 公安分局 政府信息公开 官方网站,https://www.mca.gov.cn/mzsj/xzqh/2025/202401xzqh.html,行政区划覆盖任务，不是已确认公安机构；区划变更及一对多机构关系须核实
police-330304,浙江,330304,瓯海区,county,police,pending_discovery,浙江 瓯海区 公安局 公安分局 政府信息公开 官方网站,https://www.mca.gov.cn/mzsj/xzqh/2025/202401xzqh.html,行政区划覆盖任务，不是已确认公安机构；区划变更及一对多机构关系须核实
police-330305,浙江,330305,洞头区,county,police,pending_discovery,浙江 洞头区 公安局 公安分局 政府信息公开 官方网站,https://www.mca.gov.cn/mzsj/xzqh/2025/202401xzqh.html,行政区划覆盖任务，不是已确认公安机构；区划变更及一对多机构关系须核实
police-330324,浙江,330324,永嘉县,county,police,pending_discovery,浙江 永嘉县 公安局 公安分局 政府信息公开 官方网站,https://www.mca.gov.cn/mzsj/xzqh/2025/202401xzqh.html,行政区划覆盖任务，不是已确认公安机构；区划变更及一对多机构关系须核实
police-330326,浙江,330326,平阳县,county,police,pending_discovery,浙江 平阳县 公安局 公安分局 政府信息公开 官方网站,https://www.mca.gov.cn/mzsj/xzqh/2025/202401xzqh.html,行政区划覆盖任务，不是已确认公安机构；区划变更及一对多机构关系须核实
police-330327,浙江,330327,苍南县,county,police,pending_discovery,浙江 苍南县 公安局 公安分局 政府信息公开 官方网站,https://www.mca.gov.cn/mzsj/xzqh/2025/202401xzqh.html,行政区划覆盖任务，不是已确认公安机构；区划变更及一对多机构关系须核实
police-330328,浙江,330328,文成县,county,police,pending_discovery,浙江 文成县 公安局 公安分局 政府信息公开 官方网站,https://www.mca.gov.cn/mzsj/xzqh/2025/202401xzqh.html,行政区划覆盖任务，不是已确认公安机构；区划变更及一对多机构关系须核实
police-330329,浙江,330329,泰顺县,county,police,pending_discovery,浙江 泰顺县 公安局 公安分局 政府信息公开 官方网站,https://www.mca.gov.cn/mzsj/xzqh/2025/202401xzqh.html,行政区划覆盖任务，不是已确认公安机构；区划变更及一对多机构关系须核实
police-330381,浙江,330381,瑞安市,county,police,pending_discovery,浙江 瑞安市 公安局 公安分局 政府信息公开 官方网站,https://www.mca.gov.cn/mzsj/xzqh/2025/202401xzqh.html,行政区划覆盖任务，不是已确认公安机构；区划变更及一对多机构关系须核实
police-330382,浙江,330382,乐清市,county,police,pending_discovery,浙江 乐清市 公安局 公安分局 政府信息公开 官方网站,https://www.mca.gov.cn/mzsj/xzqh/2025/202401xzqh.html,行政区划覆盖任务，不是已确认公安机构；区划变更及一对多机构关系须核实
police-330383,浙江,330383,龙港市,county,police,pending_discovery,浙江 龙港市 公安局 公安分局 政府信息公开 官方网站,https://www.mca.gov.cn/mzsj/xzqh/2025/202401xzqh.html,行政区划覆盖任务，不是已确认公安机构；区划变更及一对多机构关系须核实
police-330400,浙江,330400,嘉兴市,prefecture,police,pending_discovery,浙江 嘉兴市 公安局 公安分局 政府信息公开 官方网站,https://www.mca.gov.cn/mzsj/xzqh/2025/202401xzqh.html,行政区划覆盖任务，不是已确认公安机构；区划变更及一对多机构关系须核实
police-330402,浙江,330402,南湖区,county,police,pending_discovery,浙江 南湖区 公安局 公安分局 政府信息公开 官方网站,https://www.mca.gov.cn/mzsj/xzqh/2025/202401xzqh.html,行政区划覆盖任务，不是已确认公安机构；区划变更及一对多机构关系须核实
police-330411,浙江,330411,秀洲区,county,police,pending_discovery,浙江 秀洲区 公安局 公安分局 政府信息公开 官方网站,https://www.mca.gov.cn/mzsj/xzqh/2025/202401xzqh.html,行政区划覆盖任务，不是已确认公安机构；区划变更及一对多机构关系须核实
police-330421,浙江,330421,嘉善县,county,police,pending_discovery,浙江 嘉善县 公安局 公安分局 政府信息公开 官方网站,https://www.mca.gov.cn/mzsj/xzqh/2025/202401xzqh.html,行政区划覆盖任务，不是已确认公安机构；区划变更及一对多机构关系须核实
police-330424,浙江,330424,海盐县,county,police,pending_discovery,浙江 海盐县 公安局 公安分局 政府信息公开 官方网站,https://www.mca.gov.cn/mzsj/xzqh/2025/202401xzqh.html,行政区划覆盖任务，不是已确认公安机构；区划变更及一对多机构关系须核实
police-330481,浙江,330481,海宁市,county,police,pending_discovery,浙江 海宁市 公安局 公安分局 政府信息公开 官方网站,https://www.mca.gov.cn/mzsj/xzqh/2025/202401xzqh.html,行政区划覆盖任务，不是已确认公安机构；区划变更及一对多机构关系须核实
police-330482,浙江,330482,平湖市,county,police,pending_discovery,浙江 平湖市 公安局 公安分局 政府信息公开 官方网站,https://www.mca.gov.cn/mzsj/xzqh/2025/202401xzqh.html,行政区划覆盖任务，不是已确认公安机构；区划变更及一对多机构关系须核实
police-330483,浙江,330483,桐乡市,county,police,pending_discovery,浙江 桐乡市 公安局 公安分局 政府信息公开 官方网站,https://www.mca.gov.cn/mzsj/xzqh/2025/202401xzqh.html,行政区划覆盖任务，不是已确认公安机构；区划变更及一对多机构关系须核实
police-330500,浙江,330500,湖州市,prefecture,police,pending_discovery,浙江 湖州市 公安局 公安分局 政府信息公开 官方网站,https://www.mca.gov.cn/mzsj/xzqh/2025/202401xzqh.html,行政区划覆盖任务，不是已确认公安机构；区划变更及一对多机构关系须核实
police-330502,浙江,330502,吴兴区,county,police,pending_discovery,浙江 吴兴区 公安局 公安分局 政府信息公开 官方网站,https://www.mca.gov.cn/mzsj/xzqh/2025/202401xzqh.html,行政区划覆盖任务，不是已确认公安机构；区划变更及一对多机构关系须核实
police-330503,浙江,330503,南浔区,county,police,pending_discovery,浙江 南浔区 公安局 公安分局 政府信息公开 官方网站,https://www.mca.gov.cn/mzsj/xzqh/2025/202401xzqh.html,行政区划覆盖任务，不是已确认公安机构；区划变更及一对多机构关系须核实
police-330521,浙江,330521,德清县,county,police,pending_discovery,浙江 德清县 公安局 公安分局 政府信息公开 官方网站,https://www.mca.gov.cn/mzsj/xzqh/2025/202401xzqh.html,行政区划覆盖任务，不是已确认公安机构；区划变更及一对多机构关系须核实
police-330522,浙江,330522,长兴县,county,police,pending_discovery,浙江 长兴县 公安局 公安分局 政府信息公开 官方网站,https://www.mca.gov.cn/mzsj/xzqh/2025/202401xzqh.html,行政区划覆盖任务，不是已确认公安机构；区划变更及一对多机构关系须核实
police-330523,浙江,330523,安吉县,county,police,pending_discovery,浙江 安吉县 公安局 公安分局 政府信息公开 官方网站,https://www.mca.gov.cn/mzsj/xzqh/2025/202401xzqh.html,行政区划覆盖任务，不是已确认公安机构；区划变更及一对多机构关系须核实
police-330600,浙江,330600,绍兴市,prefecture,police,pending_discovery,浙江 绍兴市 公安局 公安分局 政府信息公开 官方网站,https://www.mca.gov.cn/mzsj/xzqh/2025/202401xzqh.html,行政区划覆盖任务，不是已确认公安机构；区划变更及一对多机构关系须核实
police-330602,浙江,330602,越城区,county,police,pending_discovery,浙江 越城区 公安局 公安分局 政府信息公开 官方网站,https://www.mca.gov.cn/mzsj/xzqh/2025/202401xzqh.html,行政区划覆盖任务，不是已确认公安机构；区划变更及一对多机构关系须核实
police-330603,浙江,330603,柯桥区,county,police,pending_discovery,浙江 柯桥区 公安局 公安分局 政府信息公开 官方网站,https://www.mca.gov.cn/mzsj/xzqh/2025/202401xzqh.html,行政区划覆盖任务，不是已确认公安机构；区划变更及一对多机构关系须核实
police-330604,浙江,330604,上虞区,county,police,pending_discovery,浙江 上虞区 公安局 公安分局 政府信息公开 官方网站,https://www.mca.gov.cn/mzsj/xzqh/2025/202401xzqh.html,行政区划覆盖任务，不是已确认公安机构；区划变更及一对多机构关系须核实
police-330624,浙江,330624,新昌县,county,police,pending_discovery,浙江 新昌县 公安局 公安分局 政府信息公开 官方网站,https://www.mca.gov.cn/mzsj/xzqh/2025/202401xzqh.html,行政区划覆盖任务，不是已确认公安机构；区划变更及一对多机构关系须核实
police-330681,浙江,330681,诸暨市,county,police,pending_discovery,浙江 诸暨市 公安局 公安分局 政府信息公开 官方网站,https://www.mca.gov.cn/mzsj/xzqh/2025/202401xzqh.html,行政区划覆盖任务，不是已确认公安机构；区划变更及一对多机构关系须核实
police-330683,浙江,330683,嵊州市,county,police,pending_discovery,浙江 嵊州市 公安局 公安分局 政府信息公开 官方网站,https://www.mca.gov.cn/mzsj/xzqh/2025/202401xzqh.html,行政区划覆盖任务，不是已确认公安机构；区划变更及一对多机构关系须核实
police-330700,浙江,330700,金华市,prefecture,police,pending_discovery,浙江 金华市 公安局 公安分局 政府信息公开 官方网站,https://www.mca.gov.cn/mzsj/xzqh/2025/202401xzqh.html,行政区划覆盖任务，不是已确认公安机构；区划变更及一对多机构关系须核实
police-330702,浙江,330702,婺城区,county,police,pending_discovery,浙江 婺城区 公安局 公安分局 政府信息公开 官方网站,https://www.mca.gov.cn/mzsj/xzqh/2025/202401xzqh.html,行政区划覆盖任务，不是已确认公安机构；区划变更及一对多机构关系须核实
police-330703,浙江,330703,金东区,county,police,pending_discovery,浙江 金东区 公安局 公安分局 政府信息公开 官方网站,https://www.mca.gov.cn/mzsj/xzqh/2025/202401xzqh.html,行政区划覆盖任务，不是已确认公安机构；区划变更及一对多机构关系须核实
police-330723,浙江,330723,武义县,county,police,pending_discovery,浙江 武义县 公安局 公安分局 政府信息公开 官方网站,https://www.mca.gov.cn/mzsj/xzqh/2025/202401xzqh.html,行政区划覆盖任务，不是已确认公安机构；区划变更及一对多机构关系须核实
police-330726,浙江,330726,浦江县,county,police,pending_discovery,浙江 浦江县 公安局 公安分局 政府信息公开 官方网站,https://www.mca.gov.cn/mzsj/xzqh/2025/202401xzqh.html,行政区划覆盖任务，不是已确认公安机构；区划变更及一对多机构关系须核实
police-330727,浙江,330727,磐安县,county,police,pending_discovery,浙江 磐安县 公安局 公安分局 政府信息公开 官方网站,https://www.mca.gov.cn/mzsj/xzqh/2025/202401xzqh.html,行政区划覆盖任务，不是已确认公安机构；区划变更及一对多机构关系须核实
police-330781,浙江,330781,兰溪市,county,police,pending_discovery,浙江 兰溪市 公安局 公安分局 政府信息公开 官方网站,https://www.mca.gov.cn/mzsj/xzqh/2025/202401xzqh.html,行政区划覆盖任务，不是已确认公安机构；区划变更及一对多机构关系须核实
police-330782,浙江,330782,义乌市,county,police,pending_discovery,浙江 义乌市 公安局 公安分局 政府信息公开 官方网站,https://www.mca.gov.cn/mzsj/xzqh/2025/202401xzqh.html,行政区划覆盖任务，不是已确认公安机构；区划变更及一对多机构关系须核实
police-330783,浙江,330783,东阳市,county,police,pending_discovery,浙江 东阳市 公安局 公安分局 政府信息公开 官方网站,https://www.mca.gov.cn/mzsj/xzqh/2025/202401xzqh.html,行政区划覆盖任务，不是已确认公安机构；区划变更及一对多机构关系须核实
police-330784,浙江,330784,永康市,county,police,pending_discovery,浙江 永康市 公安局 公安分局 政府信息公开 官方网站,https://www.mca.gov.cn/mzsj/xzqh/2025/202401xzqh.html,行政区划覆盖任务，不是已确认公安机构；区划变更及一对多机构关系须核实
police-330800,浙江,330800,衢州市,prefecture,police,pending_discovery,浙江 衢州市 公安局 公安分局 政府信息公开 官方网站,https://www.mca.gov.cn/mzsj/xzqh/2025/202401xzqh.html,行政区划覆盖任务，不是已确认公安机构；区划变更及一对多机构关系须核实
police-330802,浙江,330802,柯城区,county,police,pending_discovery,浙江 柯城区 公安局 公安分局 政府信息公开 官方网站,https://www.mca.gov.cn/mzsj/xzqh/2025/202401xzqh.html,行政区划覆盖任务，不是已确认公安机构；区划变更及一对多机构关系须核实
police-330803,浙江,330803,衢江区,county,police,pending_discovery,浙江 衢江区 公安局 公安分局 政府信息公开 官方网站,https://www.mca.gov.cn/mzsj/xzqh/2025/202401xzqh.html,行政区划覆盖任务，不是已确认公安机构；区划变更及一对多机构关系须核实
police-330822,浙江,330822,常山县,county,police,pending_discovery,浙江 常山县 公安局 公安分局 政府信息公开 官方网站,https://www.mca.gov.cn/mzsj/xzqh/2025/202401xzqh.html,行政区划覆盖任务，不是已确认公安机构；区划变更及一对多机构关系须核实
police-330824,浙江,330824,开化县,county,police,pending_discovery,浙江 开化县 公安局 公安分局 政府信息公开 官方网站,https://www.mca.gov.cn/mzsj/xzqh/2025/202401xzqh.html,行政区划覆盖任务，不是已确认公安机构；区划变更及一对多机构关系须核实
police-330825,浙江,330825,龙游县,county,police,pending_discovery,浙江 龙游县 公安局 公安分局 政府信息公开 官方网站,https://www.mca.gov.cn/mzsj/xzqh/2025/202401xzqh.html,行政区划覆盖任务，不是已确认公安机构；区划变更及一对多机构关系须核实
police-330881,浙江,330881,江山市,county,police,pending_discovery,浙江 江山市 公安局 公安分局 政府信息公开 官方网站,https://www.mca.gov.cn/mzsj/xzqh/2025/202401xzqh.html,行政区划覆盖任务，不是已确认公安机构；区划变更及一对多机构关系须核实
police-330900,浙江,330900,舟山市,prefecture,police,pending_discovery,浙江 舟山市 公安局 公安分局 政府信息公开 官方网站,https://www.mca.gov.cn/mzsj/xzqh/2025/202401xzqh.html,行政区划覆盖任务，不是已确认公安机构；区划变更及一对多机构关系须核实
police-330902,浙江,330902,定海区,county,police,pending_discovery,浙江 定海区 公安局 公安分局 政府信息公开 官方网站,https://www.mca.gov.cn/mzsj/xzqh/2025/202401xzqh.html,行政区划覆盖任务，不是已确认公安机构；区划变更及一对多机构关系须核实
police-330903,浙江,330903,普陀区,county,police,pending_discovery,浙江 普陀区 公安局 公安分局 政府信息公开 官方网站,https://www.mca.gov.cn/mzsj/xzqh/2025/202401xzqh.html,行政区划覆盖任务，不是已确认公安机构；区划变更及一对多机构关系须核实
police-330921,浙江,330921,岱山县,county,police,pending_discovery,浙江 岱山县 公安局 公安分局 政府信息公开 官方网站,https://www.mca.gov.cn/mzsj/xzqh/2025/202401xzqh.html,行政区划覆盖任务，不是已确认公安机构；区划变更及一对多机构关系须核实
police-330922,浙江,330922,嵊泗县,county,police,pending_discovery,浙江 嵊泗县 公安局 公安分局 政府信息公开 官方网站,https://www.mca.gov.cn/mzsj/xzqh/2025/202401xzqh.html,行政区划覆盖任务，不是已确认公安机构；区划变更及一对多机构关系须核实
police-331000,浙江,331000,台州市,prefecture,police,pending_discovery,浙江 台州市 公安局 公安分局 政府信息公开 官方网站,https://www.mca.gov.cn/mzsj/xzqh/2025/202401xzqh.html,行政区划覆盖任务，不是已确认公安机构；区划变更及一对多机构关系须核实
police-331002,浙江,331002,椒江区,county,police,pending_discovery,浙江 椒江区 公安局 公安分局 政府信息公开 官方网站,https://www.mca.gov.cn/mzsj/xzqh/2025/202401xzqh.html,行政区划覆盖任务，不是已确认公安机构；区划变更及一对多机构关系须核实
police-331003,浙江,331003,黄岩区,county,police,pending_discovery,浙江 黄岩区 公安局 公安分局 政府信息公开 官方网站,https://www.mca.gov.cn/mzsj/xzqh/2025/202401xzqh.html,行政区划覆盖任务，不是已确认公安机构；区划变更及一对多机构关系须核实
police-331004,浙江,331004,路桥区,county,police,pending_discovery,浙江 路桥区 公安局 公安分局 政府信息公开 官方网站,https://www.mca.gov.cn/mzsj/xzqh/2025/202401xzqh.html,行政区划覆盖任务，不是已确认公安机构；区划变更及一对多机构关系须核实
police-331022,浙江,331022,三门县,county,police,pending_discovery,浙江 三门县 公安局 公安分局 政府信息公开 官方网站,https://www.mca.gov.cn/mzsj/xzqh/2025/202401xzqh.html,行政区划覆盖任务，不是已确认公安机构；区划变更及一对多机构关系须核实
police-331023,浙江,331023,天台县,county,police,pending_discovery,浙江 天台县 公安局 公安分局 政府信息公开 官方网站,https://www.mca.gov.cn/mzsj/xzqh/2025/202401xzqh.html,行政区划覆盖任务，不是已确认公安机构；区划变更及一对多机构关系须核实
police-331024,浙江,331024,仙居县,county,police,pending_discovery,浙江 仙居县 公安局 公安分局 政府信息公开 官方网站,https://www.mca.gov.cn/mzsj/xzqh/2025/202401xzqh.html,行政区划覆盖任务，不是已确认公安机构；区划变更及一对多机构关系须核实
police-331081,浙江,331081,温岭市,county,police,pending_discovery,浙江 温岭市 公安局 公安分局 政府信息公开 官方网站,https://www.mca.gov.cn/mzsj/xzqh/2025/202401xzqh.html,行政区划覆盖任务，不是已确认公安机构；区划变更及一对多机构关系须核实
police-331082,浙江,331082,临海市,county,police,pending_discovery,浙江 临海市 公安局 公安分局 政府信息公开 官方网站,https://www.mca.gov.cn/mzsj/xzqh/2025/202401xzqh.html,行政区划覆盖任务，不是已确认公安机构；区划变更及一对多机构关系须核实
police-331083,浙江,331083,玉环市,county,police,pending_discovery,浙江 玉环市 公安局 公安分局 政府信息公开 官方网站,https://www.mca.gov.cn/mzsj/xzqh/2025/202401xzqh.html,行政区划覆盖任务，不是已确认公安机构；区划变更及一对多机构关系须核实
police-331100,浙江,331100,丽水市,prefecture,police,pending_discovery,浙江 丽水市 公安局 公安分局 政府信息公开 官方网站,https://www.mca.gov.cn/mzsj/xzqh/2025/202401xzqh.html,行政区划覆盖任务，不是已确认公安机构；区划变更及一对多机构关系须核实
police-331102,浙江,331102,莲都区,county,police,pending_discovery,浙江 莲都区 公安局 公安分局 政府信息公开 官方网站,https://www.mca.gov.cn/mzsj/xzqh/2025/202401xzqh.html,行政区划覆盖任务，不是已确认公安机构；区划变更及一对多机构关系须核实
police-331121,浙江,331121,青田县,county,police,pending_discovery,浙江 青田县 公安局 公安分局 政府信息公开 官方网站,https://www.mca.gov.cn/mzsj/xzqh/2025/202401xzqh.html,行政区划覆盖任务，不是已确认公安机构；区划变更及一对多机构关系须核实
police-331122,浙江,331122,缙云县,county,police,pending_discovery,浙江 缙云县 公安局 公安分局 政府信息公开 官方网站,https://www.mca.gov.cn/mzsj/xzqh/2025/202401xzqh.html,行政区划覆盖任务，不是已确认公安机构；区划变更及一对多机构关系须核实
police-331123,浙江,331123,遂昌县,county,police,pending_discovery,浙江 遂昌县 公安局 公安分局 政府信息公开 官方网站,https://www.mca.gov.cn/mzsj/xzqh/2025/202401xzqh.html,行政区划覆盖任务，不是已确认公安机构；区划变更及一对多机构关系须核实
police-331124,浙江,331124,松阳县,county,police,pending_discovery,浙江 松阳县 公安局 公安分局 政府信息公开 官方网站,https://www.mca.gov.cn/mzsj/xzqh/2025/202401xzqh.html,行政区划覆盖任务，不是已确认公安机构；区划变更及一对多机构关系须核实
police-331125,浙江,331125,云和县,county,police,pending_discovery,浙江 云和县 公安局 公安分局 政府信息公开 官方网站,https://www.mca.gov.cn/mzsj/xzqh/2025/202401xzqh.html,行政区划覆盖任务，不是已确认公安机构；区划变更及一对多机构关系须核实
police-331126,浙江,331126,庆元县,county,police,pending_discovery,浙江 庆元县 公安局 公安分局 政府信息公开 官方网站,https://www.mca.gov.cn/mzsj/xzqh/2025/202401xzqh.html,行政区划覆盖任务，不是已确认公安机构；区划变更及一对多机构关系须核实
police-331127,浙江,331127,景宁畲族自治县,county,police,pending_discovery,浙江 景宁畲族自治县 公安局 公安分局 政府信息公开 官方网站,https://www.mca.gov.cn/mzsj/xzqh/2025/202401xzqh.html,行政区划覆盖任务，不是已确认公安机构；区划变更及一对多机构关系须核实
police-331181,浙江,331181,龙泉市,county,police,pending_discovery,浙江 龙泉市 公安局 公安分局 政府信息公开 官方网站,https://www.mca.gov.cn/mzsj/xzqh/2025/202401xzqh.html,行政区划覆盖任务，不是已确认公安机构；区划变更及一对多机构关系须核实
police-340000,安徽,340000,安徽省,province,police,pending_discovery,安徽 安徽省 公安局 公安分局 政府信息公开 官方网站,https://www.mca.gov.cn/mzsj/xzqh/2025/202401xzqh.html,行政区划覆盖任务，不是已确认公安机构；区划变更及一对多机构关系须核实
police-340100,安徽,340100,合肥市,prefecture,police,pending_discovery,安徽 合肥市 公安局 公安分局 政府信息公开 官方网站,https://www.mca.gov.cn/mzsj/xzqh/2025/202401xzqh.html,行政区划覆盖任务，不是已确认公安机构；区划变更及一对多机构关系须核实
police-340102,安徽,340102,瑶海区,county,police,pending_discovery,安徽 瑶海区 公安局 公安分局 政府信息公开 官方网站,https://www.mca.gov.cn/mzsj/xzqh/2025/202401xzqh.html,行政区划覆盖任务，不是已确认公安机构；区划变更及一对多机构关系须核实
police-340103,安徽,340103,庐阳区,county,police,pending_discovery,安徽 庐阳区 公安局 公安分局 政府信息公开 官方网站,https://www.mca.gov.cn/mzsj/xzqh/2025/202401xzqh.html,行政区划覆盖任务，不是已确认公安机构；区划变更及一对多机构关系须核实
police-340104,安徽,340104,蜀山区,county,police,pending_discovery,安徽 蜀山区 公安局 公安分局 政府信息公开 官方网站,https://www.mca.gov.cn/mzsj/xzqh/2025/202401xzqh.html,行政区划覆盖任务，不是已确认公安机构；区划变更及一对多机构关系须核实
police-340111,安徽,340111,包河区,county,police,pending_discovery,安徽 包河区 公安局 公安分局 政府信息公开 官方网站,https://www.mca.gov.cn/mzsj/xzqh/2025/202401xzqh.html,行政区划覆盖任务，不是已确认公安机构；区划变更及一对多机构关系须核实
police-340121,安徽,340121,长丰县,county,police,pending_discovery,安徽 长丰县 公安局 公安分局 政府信息公开 官方网站,https://www.mca.gov.cn/mzsj/xzqh/2025/202401xzqh.html,行政区划覆盖任务，不是已确认公安机构；区划变更及一对多机构关系须核实
police-340122,安徽,340122,肥东县,county,police,pending_discovery,安徽 肥东县 公安局 公安分局 政府信息公开 官方网站,https://www.mca.gov.cn/mzsj/xzqh/2025/202401xzqh.html,行政区划覆盖任务，不是已确认公安机构；区划变更及一对多机构关系须核实
police-340123,安徽,340123,肥西县,county,police,pending_discovery,安徽 肥西县 公安局 公安分局 政府信息公开 官方网站,https://www.mca.gov.cn/mzsj/xzqh/2025/202401xzqh.html,行政区划覆盖任务，不是已确认公安机构；区划变更及一对多机构关系须核实
police-340124,安徽,340124,庐江县,county,police,pending_discovery,安徽 庐江县 公安局 公安分局 政府信息公开 官方网站,https://www.mca.gov.cn/mzsj/xzqh/2025/202401xzqh.html,行政区划覆盖任务，不是已确认公安机构；区划变更及一对多机构关系须核实
police-340181,安徽,340181,巢湖市,county,police,pending_discovery,安徽 巢湖市 公安局 公安分局 政府信息公开 官方网站,https://www.mca.gov.cn/mzsj/xzqh/2025/202401xzqh.html,行政区划覆盖任务，不是已确认公安机构；区划变更及一对多机构关系须核实
police-340200,安徽,340200,芜湖市,prefecture,police,pending_discovery,安徽 芜湖市 公安局 公安分局 政府信息公开 官方网站,https://www.mca.gov.cn/mzsj/xzqh/2025/202401xzqh.html,行政区划覆盖任务，不是已确认公安机构；区划变更及一对多机构关系须核实
police-340202,安徽,340202,镜湖区,county,police,pending_discovery,安徽 镜湖区 公安局 公安分局 政府信息公开 官方网站,https://www.mca.gov.cn/mzsj/xzqh/2025/202401xzqh.html,行政区划覆盖任务，不是已确认公安机构；区划变更及一对多机构关系须核实
police-340207,安徽,340207,鸠江区,county,police,pending_discovery,安徽 鸠江区 公安局 公安分局 政府信息公开 官方网站,https://www.mca.gov.cn/mzsj/xzqh/2025/202401xzqh.html,行政区划覆盖任务，不是已确认公安机构；区划变更及一对多机构关系须核实
police-340209,安徽,340209,弋江区,county,police,pending_discovery,安徽 弋江区 公安局 公安分局 政府信息公开 官方网站,https://www.mca.gov.cn/mzsj/xzqh/2025/202401xzqh.html,行政区划覆盖任务，不是已确认公安机构；区划变更及一对多机构关系须核实
police-340210,安徽,340210,湾沚区,county,police,pending_discovery,安徽 湾沚区 公安局 公安分局 政府信息公开 官方网站,https://www.mca.gov.cn/mzsj/xzqh/2025/202401xzqh.html,行政区划覆盖任务，不是已确认公安机构；区划变更及一对多机构关系须核实
police-340212,安徽,340212,繁昌区,county,police,pending_discovery,安徽 繁昌区 公安局 公安分局 政府信息公开 官方网站,https://www.mca.gov.cn/mzsj/xzqh/2025/202401xzqh.html,行政区划覆盖任务，不是已确认公安机构；区划变更及一对多机构关系须核实
police-340223,安徽,340223,南陵县,county,police,pending_discovery,安徽 南陵县 公安局 公安分局 政府信息公开 官方网站,https://www.mca.gov.cn/mzsj/xzqh/2025/202401xzqh.html,行政区划覆盖任务，不是已确认公安机构；区划变更及一对多机构关系须核实
police-340281,安徽,340281,无为市,county,police,pending_discovery,安徽 无为市 公安局 公安分局 政府信息公开 官方网站,https://www.mca.gov.cn/mzsj/xzqh/2025/202401xzqh.html,行政区划覆盖任务，不是已确认公安机构；区划变更及一对多机构关系须核实
police-340300,安徽,340300,蚌埠市,prefecture,police,pending_discovery,安徽 蚌埠市 公安局 公安分局 政府信息公开 官方网站,https://www.mca.gov.cn/mzsj/xzqh/2025/202401xzqh.html,行政区划覆盖任务，不是已确认公安机构；区划变更及一对多机构关系须核实
police-340302,安徽,340302,龙子湖区,county,police,pending_discovery,安徽 龙子湖区 公安局 公安分局 政府信息公开 官方网站,https://www.mca.gov.cn/mzsj/xzqh/2025/202401xzqh.html,行政区划覆盖任务，不是已确认公安机构；区划变更及一对多机构关系须核实
police-340303,安徽,340303,蚌山区,county,police,pending_discovery,安徽 蚌山区 公安局 公安分局 政府信息公开 官方网站,https://www.mca.gov.cn/mzsj/xzqh/2025/202401xzqh.html,行政区划覆盖任务，不是已确认公安机构；区划变更及一对多机构关系须核实
police-340304,安徽,340304,禹会区,county,police,pending_discovery,安徽 禹会区 公安局 公安分局 政府信息公开 官方网站,https://www.mca.gov.cn/mzsj/xzqh/2025/202401xzqh.html,行政区划覆盖任务，不是已确认公安机构；区划变更及一对多机构关系须核实
police-340311,安徽,340311,淮上区,county,police,pending_discovery,安徽 淮上区 公安局 公安分局 政府信息公开 官方网站,https://www.mca.gov.cn/mzsj/xzqh/2025/202401xzqh.html,行政区划覆盖任务，不是已确认公安机构；区划变更及一对多机构关系须核实
police-340321,安徽,340321,怀远县,county,police,pending_discovery,安徽 怀远县 公安局 公安分局 政府信息公开 官方网站,https://www.mca.gov.cn/mzsj/xzqh/2025/202401xzqh.html,行政区划覆盖任务，不是已确认公安机构；区划变更及一对多机构关系须核实
police-340322,安徽,340322,五河县,county,police,pending_discovery,安徽 五河县 公安局 公安分局 政府信息公开 官方网站,https://www.mca.gov.cn/mzsj/xzqh/2025/202401xzqh.html,行政区划覆盖任务，不是已确认公安机构；区划变更及一对多机构关系须核实
police-340323,安徽,340323,固镇县,county,police,pending_discovery,安徽 固镇县 公安局 公安分局 政府信息公开 官方网站,https://www.mca.gov.cn/mzsj/xzqh/2025/202401xzqh.html,行政区划覆盖任务，不是已确认公安机构；区划变更及一对多机构关系须核实
police-340400,安徽,340400,淮南市,prefecture,police,pending_discovery,安徽 淮南市 公安局 公安分局 政府信息公开 官方网站,https://www.mca.gov.cn/mzsj/xzqh/2025/202401xzqh.html,行政区划覆盖任务，不是已确认公安机构；区划变更及一对多机构关系须核实
police-340402,安徽,340402,大通区,county,police,pending_discovery,安徽 大通区 公安局 公安分局 政府信息公开 官方网站,https://www.mca.gov.cn/mzsj/xzqh/2025/202401xzqh.html,行政区划覆盖任务，不是已确认公安机构；区划变更及一对多机构关系须核实
police-340403,安徽,340403,田家庵区,county,police,pending_discovery,安徽 田家庵区 公安局 公安分局 政府信息公开 官方网站,https://www.mca.gov.cn/mzsj/xzqh/2025/202401xzqh.html,行政区划覆盖任务，不是已确认公安机构；区划变更及一对多机构关系须核实
police-340404,安徽,340404,谢家集区,county,police,pending_discovery,安徽 谢家集区 公安局 公安分局 政府信息公开 官方网站,https://www.mca.gov.cn/mzsj/xzqh/2025/202401xzqh.html,行政区划覆盖任务，不是已确认公安机构；区划变更及一对多机构关系须核实
police-340405,安徽,340405,八公山区,county,police,pending_discovery,安徽 八公山区 公安局 公安分局 政府信息公开 官方网站,https://www.mca.gov.cn/mzsj/xzqh/2025/202401xzqh.html,行政区划覆盖任务，不是已确认公安机构；区划变更及一对多机构关系须核实
police-340406,安徽,340406,潘集区,county,police,pending_discovery,安徽 潘集区 公安局 公安分局 政府信息公开 官方网站,https://www.mca.gov.cn/mzsj/xzqh/2025/202401xzqh.html,行政区划覆盖任务，不是已确认公安机构；区划变更及一对多机构关系须核实
police-340421,安徽,340421,凤台县,county,police,pending_discovery,安徽 凤台县 公安局 公安分局 政府信息公开 官方网站,https://www.mca.gov.cn/mzsj/xzqh/2025/202401xzqh.html,行政区划覆盖任务，不是已确认公安机构；区划变更及一对多机构关系须核实
police-340422,安徽,340422,寿县,county,police,pending_discovery,安徽 寿县 公安局 公安分局 政府信息公开 官方网站,https://www.mca.gov.cn/mzsj/xzqh/2025/202401xzqh.html,行政区划覆盖任务，不是已确认公安机构；区划变更及一对多机构关系须核实
police-340500,安徽,340500,马鞍山市,prefecture,police,pending_discovery,安徽 马鞍山市 公安局 公安分局 政府信息公开 官方网站,https://www.mca.gov.cn/mzsj/xzqh/2025/202401xzqh.html,行政区划覆盖任务，不是已确认公安机构；区划变更及一对多机构关系须核实
police-340503,安徽,340503,花山区,county,police,pending_discovery,安徽 花山区 公安局 公安分局 政府信息公开 官方网站,https://www.mca.gov.cn/mzsj/xzqh/2025/202401xzqh.html,行政区划覆盖任务，不是已确认公安机构；区划变更及一对多机构关系须核实
police-340504,安徽,340504,雨山区,county,police,pending_discovery,安徽 雨山区 公安局 公安分局 政府信息公开 官方网站,https://www.mca.gov.cn/mzsj/xzqh/2025/202401xzqh.html,行政区划覆盖任务，不是已确认公安机构；区划变更及一对多机构关系须核实
police-340506,安徽,340506,博望区,county,police,pending_discovery,安徽 博望区 公安局 公安分局 政府信息公开 官方网站,https://www.mca.gov.cn/mzsj/xzqh/2025/202401xzqh.html,行政区划覆盖任务，不是已确认公安机构；区划变更及一对多机构关系须核实
police-340521,安徽,340521,当涂县,county,police,pending_discovery,安徽 当涂县 公安局 公安分局 政府信息公开 官方网站,https://www.mca.gov.cn/mzsj/xzqh/2025/202401xzqh.html,行政区划覆盖任务，不是已确认公安机构；区划变更及一对多机构关系须核实
police-340522,安徽,340522,含山县,county,police,pending_discovery,安徽 含山县 公安局 公安分局 政府信息公开 官方网站,https://www.mca.gov.cn/mzsj/xzqh/2025/202401xzqh.html,行政区划覆盖任务，不是已确认公安机构；区划变更及一对多机构关系须核实
police-340523,安徽,340523,和县,county,police,pending_discovery,安徽 和县 公安局 公安分局 政府信息公开 官方网站,https://www.mca.gov.cn/mzsj/xzqh/2025/202401xzqh.html,行政区划覆盖任务，不是已确认公安机构；区划变更及一对多机构关系须核实
police-340600,安徽,340600,淮北市,prefecture,police,pending_discovery,安徽 淮北市 公安局 公安分局 政府信息公开 官方网站,https://www.mca.gov.cn/mzsj/xzqh/2025/202401xzqh.html,行政区划覆盖任务，不是已确认公安机构；区划变更及一对多机构关系须核实
police-340602,安徽,340602,杜集区,county,police,pending_discovery,安徽 杜集区 公安局 公安分局 政府信息公开 官方网站,https://www.mca.gov.cn/mzsj/xzqh/2025/202401xzqh.html,行政区划覆盖任务，不是已确认公安机构；区划变更及一对多机构关系须核实
police-340603,安徽,340603,相山区,county,police,pending_discovery,安徽 相山区 公安局 公安分局 政府信息公开 官方网站,https://www.mca.gov.cn/mzsj/xzqh/2025/202401xzqh.html,行政区划覆盖任务，不是已确认公安机构；区划变更及一对多机构关系须核实
police-340604,安徽,340604,烈山区,county,police,pending_discovery,安徽 烈山区 公安局 公安分局 政府信息公开 官方网站,https://www.mca.gov.cn/mzsj/xzqh/2025/202401xzqh.html,行政区划覆盖任务，不是已确认公安机构；区划变更及一对多机构关系须核实
police-340621,安徽,340621,濉溪县,county,police,pending_discovery,安徽 濉溪县 公安局 公安分局 政府信息公开 官方网站,https://www.mca.gov.cn/mzsj/xzqh/2025/202401xzqh.html,行政区划覆盖任务，不是已确认公安机构；区划变更及一对多机构关系须核实
police-340700,安徽,340700,铜陵市,prefecture,police,pending_discovery,安徽 铜陵市 公安局 公安分局 政府信息公开 官方网站,https://www.mca.gov.cn/mzsj/xzqh/2025/202401xzqh.html,行政区划覆盖任务，不是已确认公安机构；区划变更及一对多机构关系须核实
police-340705,安徽,340705,铜官区,county,police,pending_discovery,安徽 铜官区 公安局 公安分局 政府信息公开 官方网站,https://www.mca.gov.cn/mzsj/xzqh/2025/202401xzqh.html,行政区划覆盖任务，不是已确认公安机构；区划变更及一对多机构关系须核实
police-340706,安徽,340706,义安区,county,police,pending_discovery,安徽 义安区 公安局 公安分局 政府信息公开 官方网站,https://www.mca.gov.cn/mzsj/xzqh/2025/202401xzqh.html,行政区划覆盖任务，不是已确认公安机构；区划变更及一对多机构关系须核实
police-340711,安徽,340711,郊区,county,police,pending_discovery,安徽 郊区 公安局 公安分局 政府信息公开 官方网站,https://www.mca.gov.cn/mzsj/xzqh/2025/202401xzqh.html,行政区划覆盖任务，不是已确认公安机构；区划变更及一对多机构关系须核实
police-340722,安徽,340722,枞阳县,county,police,pending_discovery,安徽 枞阳县 公安局 公安分局 政府信息公开 官方网站,https://www.mca.gov.cn/mzsj/xzqh/2025/202401xzqh.html,行政区划覆盖任务，不是已确认公安机构；区划变更及一对多机构关系须核实
police-340800,安徽,340800,安庆市,prefecture,police,pending_discovery,安徽 安庆市 公安局 公安分局 政府信息公开 官方网站,https://www.mca.gov.cn/mzsj/xzqh/2025/202401xzqh.html,行政区划覆盖任务，不是已确认公安机构；区划变更及一对多机构关系须核实
police-340802,安徽,340802,迎江区,county,police,pending_discovery,安徽 迎江区 公安局 公安分局 政府信息公开 官方网站,https://www.mca.gov.cn/mzsj/xzqh/2025/202401xzqh.html,行政区划覆盖任务，不是已确认公安机构；区划变更及一对多机构关系须核实
police-340803,安徽,340803,大观区,county,police,pending_discovery,安徽 大观区 公安局 公安分局 政府信息公开 官方网站,https://www.mca.gov.cn/mzsj/xzqh/2025/202401xzqh.html,行政区划覆盖任务，不是已确认公安机构；区划变更及一对多机构关系须核实
police-340811,安徽,340811,宜秀区,county,police,pending_discovery,安徽 宜秀区 公安局 公安分局 政府信息公开 官方网站,https://www.mca.gov.cn/mzsj/xzqh/2025/202401xzqh.html,行政区划覆盖任务，不是已确认公安机构；区划变更及一对多机构关系须核实
police-340822,安徽,340822,怀宁县,county,police,pending_discovery,安徽 怀宁县 公安局 公安分局 政府信息公开 官方网站,https://www.mca.gov.cn/mzsj/xzqh/2025/202401xzqh.html,行政区划覆盖任务，不是已确认公安机构；区划变更及一对多机构关系须核实
police-340825,安徽,340825,太湖县,county,police,pending_discovery,安徽 太湖县 公安局 公安分局 政府信息公开 官方网站,https://www.mca.gov.cn/mzsj/xzqh/2025/202401xzqh.html,行政区划覆盖任务，不是已确认公安机构；区划变更及一对多机构关系须核实
police-340826,安徽,340826,宿松县,county,police,pending_discovery,安徽 宿松县 公安局 公安分局 政府信息公开 官方网站,https://www.mca.gov.cn/mzsj/xzqh/2025/202401xzqh.html,行政区划覆盖任务，不是已确认公安机构；区划变更及一对多机构关系须核实
police-340827,安徽,340827,望江县,county,police,pending_discovery,安徽 望江县 公安局 公安分局 政府信息公开 官方网站,https://www.mca.gov.cn/mzsj/xzqh/2025/202401xzqh.html,行政区划覆盖任务，不是已确认公安机构；区划变更及一对多机构关系须核实
police-340828,安徽,340828,岳西县,county,police,pending_discovery,安徽 岳西县 公安局 公安分局 政府信息公开 官方网站,https://www.mca.gov.cn/mzsj/xzqh/2025/202401xzqh.html,行政区划覆盖任务，不是已确认公安机构；区划变更及一对多机构关系须核实
police-340881,安徽,340881,桐城市,county,police,pending_discovery,安徽 桐城市 公安局 公安分局 政府信息公开 官方网站,https://www.mca.gov.cn/mzsj/xzqh/2025/202401xzqh.html,行政区划覆盖任务，不是已确认公安机构；区划变更及一对多机构关系须核实
police-340882,安徽,340882,潜山市,county,police,pending_discovery,安徽 潜山市 公安局 公安分局 政府信息公开 官方网站,https://www.mca.gov.cn/mzsj/xzqh/2025/202401xzqh.html,行政区划覆盖任务，不是已确认公安机构；区划变更及一对多机构关系须核实
police-341000,安徽,341000,黄山市,prefecture,police,pending_discovery,安徽 黄山市 公安局 公安分局 政府信息公开 官方网站,https://www.mca.gov.cn/mzsj/xzqh/2025/202401xzqh.html,行政区划覆盖任务，不是已确认公安机构；区划变更及一对多机构关系须核实
police-341002,安徽,341002,屯溪区,county,police,pending_discovery,安徽 屯溪区 公安局 公安分局 政府信息公开 官方网站,https://www.mca.gov.cn/mzsj/xzqh/2025/202401xzqh.html,行政区划覆盖任务，不是已确认公安机构；区划变更及一对多机构关系须核实
police-341003,安徽,341003,黄山区,county,police,pending_discovery,安徽 黄山区 公安局 公安分局 政府信息公开 官方网站,https://www.mca.gov.cn/mzsj/xzqh/2025/202401xzqh.html,行政区划覆盖任务，不是已确认公安机构；区划变更及一对多机构关系须核实
police-341004,安徽,341004,徽州区,county,police,pending_discovery,安徽 徽州区 公安局 公安分局 政府信息公开 官方网站,https://www.mca.gov.cn/mzsj/xzqh/2025/202401xzqh.html,行政区划覆盖任务，不是已确认公安机构；区划变更及一对多机构关系须核实
police-341021,安徽,341021,歙县,county,police,pending_discovery,安徽 歙县 公安局 公安分局 政府信息公开 官方网站,https://www.mca.gov.cn/mzsj/xzqh/2025/202401xzqh.html,行政区划覆盖任务，不是已确认公安机构；区划变更及一对多机构关系须核实
police-341022,安徽,341022,休宁县,county,police,pending_discovery,安徽 休宁县 公安局 公安分局 政府信息公开 官方网站,https://www.mca.gov.cn/mzsj/xzqh/2025/202401xzqh.html,行政区划覆盖任务，不是已确认公安机构；区划变更及一对多机构关系须核实
police-341023,安徽,341023,黟县,county,police,pending_discovery,安徽 黟县 公安局 公安分局 政府信息公开 官方网站,https://www.mca.gov.cn/mzsj/xzqh/2025/202401xzqh.html,行政区划覆盖任务，不是已确认公安机构；区划变更及一对多机构关系须核实
police-341024,安徽,341024,祁门县,county,police,pending_discovery,安徽 祁门县 公安局 公安分局 政府信息公开 官方网站,https://www.mca.gov.cn/mzsj/xzqh/2025/202401xzqh.html,行政区划覆盖任务，不是已确认公安机构；区划变更及一对多机构关系须核实
police-341100,安徽,341100,滁州市,prefecture,police,pending_discovery,安徽 滁州市 公安局 公安分局 政府信息公开 官方网站,https://www.mca.gov.cn/mzsj/xzqh/2025/202401xzqh.html,行政区划覆盖任务，不是已确认公安机构；区划变更及一对多机构关系须核实
police-341102,安徽,341102,琅琊区,county,police,pending_discovery,安徽 琅琊区 公安局 公安分局 政府信息公开 官方网站,https://www.mca.gov.cn/mzsj/xzqh/2025/202401xzqh.html,行政区划覆盖任务，不是已确认公安机构；区划变更及一对多机构关系须核实
police-341103,安徽,341103,南谯区,county,police,pending_discovery,安徽 南谯区 公安局 公安分局 政府信息公开 官方网站,https://www.mca.gov.cn/mzsj/xzqh/2025/202401xzqh.html,行政区划覆盖任务，不是已确认公安机构；区划变更及一对多机构关系须核实
police-341122,安徽,341122,来安县,county,police,pending_discovery,安徽 来安县 公安局 公安分局 政府信息公开 官方网站,https://www.mca.gov.cn/mzsj/xzqh/2025/202401xzqh.html,行政区划覆盖任务，不是已确认公安机构；区划变更及一对多机构关系须核实
police-341124,安徽,341124,全椒县,county,police,pending_discovery,安徽 全椒县 公安局 公安分局 政府信息公开 官方网站,https://www.mca.gov.cn/mzsj/xzqh/2025/202401xzqh.html,行政区划覆盖任务，不是已确认公安机构；区划变更及一对多机构关系须核实
police-341125,安徽,341125,定远县,county,police,pending_discovery,安徽 定远县 公安局 公安分局 政府信息公开 官方网站,https://www.mca.gov.cn/mzsj/xzqh/2025/202401xzqh.html,行政区划覆盖任务，不是已确认公安机构；区划变更及一对多机构关系须核实
police-341126,安徽,341126,凤阳县,county,police,pending_discovery,安徽 凤阳县 公安局 公安分局 政府信息公开 官方网站,https://www.mca.gov.cn/mzsj/xzqh/2025/202401xzqh.html,行政区划覆盖任务，不是已确认公安机构；区划变更及一对多机构关系须核实
police-341181,安徽,341181,天长市,county,police,pending_discovery,安徽 天长市 公安局 公安分局 政府信息公开 官方网站,https://www.mca.gov.cn/mzsj/xzqh/2025/202401xzqh.html,行政区划覆盖任务，不是已确认公安机构；区划变更及一对多机构关系须核实
police-341182,安徽,341182,明光市,county,police,pending_discovery,安徽 明光市 公安局 公安分局 政府信息公开 官方网站,https://www.mca.gov.cn/mzsj/xzqh/2025/202401xzqh.html,行政区划覆盖任务，不是已确认公安机构；区划变更及一对多机构关系须核实
police-341200,安徽,341200,阜阳市,prefecture,police,pending_discovery,安徽 阜阳市 公安局 公安分局 政府信息公开 官方网站,https://www.mca.gov.cn/mzsj/xzqh/2025/202401xzqh.html,行政区划覆盖任务，不是已确认公安机构；区划变更及一对多机构关系须核实
police-341202,安徽,341202,颍州区,county,police,pending_discovery,安徽 颍州区 公安局 公安分局 政府信息公开 官方网站,https://www.mca.gov.cn/mzsj/xzqh/2025/202401xzqh.html,行政区划覆盖任务，不是已确认公安机构；区划变更及一对多机构关系须核实
police-341203,安徽,341203,颍东区,county,police,pending_discovery,安徽 颍东区 公安局 公安分局 政府信息公开 官方网站,https://www.mca.gov.cn/mzsj/xzqh/2025/202401xzqh.html,行政区划覆盖任务，不是已确认公安机构；区划变更及一对多机构关系须核实
police-341204,安徽,341204,颍泉区,county,police,pending_discovery,安徽 颍泉区 公安局 公安分局 政府信息公开 官方网站,https://www.mca.gov.cn/mzsj/xzqh/2025/202401xzqh.html,行政区划覆盖任务，不是已确认公安机构；区划变更及一对多机构关系须核实
police-341221,安徽,341221,临泉县,county,police,pending_discovery,安徽 临泉县 公安局 公安分局 政府信息公开 官方网站,https://www.mca.gov.cn/mzsj/xzqh/2025/202401xzqh.html,行政区划覆盖任务，不是已确认公安机构；区划变更及一对多机构关系须核实
police-341222,安徽,341222,太和县,county,police,pending_discovery,安徽 太和县 公安局 公安分局 政府信息公开 官方网站,https://www.mca.gov.cn/mzsj/xzqh/2025/202401xzqh.html,行政区划覆盖任务，不是已确认公安机构；区划变更及一对多机构关系须核实
police-341225,安徽,341225,阜南县,county,police,pending_discovery,安徽 阜南县 公安局 公安分局 政府信息公开 官方网站,https://www.mca.gov.cn/mzsj/xzqh/2025/202401xzqh.html,行政区划覆盖任务，不是已确认公安机构；区划变更及一对多机构关系须核实
police-341226,安徽,341226,颍上县,county,police,pending_discovery,安徽 颍上县 公安局 公安分局 政府信息公开 官方网站,https://www.mca.gov.cn/mzsj/xzqh/2025/202401xzqh.html,行政区划覆盖任务，不是已确认公安机构；区划变更及一对多机构关系须核实
police-341282,安徽,341282,界首市,county,police,pending_discovery,安徽 界首市 公安局 公安分局 政府信息公开 官方网站,https://www.mca.gov.cn/mzsj/xzqh/2025/202401xzqh.html,行政区划覆盖任务，不是已确认公安机构；区划变更及一对多机构关系须核实
police-341300,安徽,341300,宿州市,prefecture,police,pending_discovery,安徽 宿州市 公安局 公安分局 政府信息公开 官方网站,https://www.mca.gov.cn/mzsj/xzqh/2025/202401xzqh.html,行政区划覆盖任务，不是已确认公安机构；区划变更及一对多机构关系须核实
police-341302,安徽,341302,埇桥区,county,police,pending_discovery,安徽 埇桥区 公安局 公安分局 政府信息公开 官方网站,https://www.mca.gov.cn/mzsj/xzqh/2025/202401xzqh.html,行政区划覆盖任务，不是已确认公安机构；区划变更及一对多机构关系须核实
police-341321,安徽,341321,砀山县,county,police,pending_discovery,安徽 砀山县 公安局 公安分局 政府信息公开 官方网站,https://www.mca.gov.cn/mzsj/xzqh/2025/202401xzqh.html,行政区划覆盖任务，不是已确认公安机构；区划变更及一对多机构关系须核实
police-341322,安徽,341322,萧县,county,police,pending_discovery,安徽 萧县 公安局 公安分局 政府信息公开 官方网站,https://www.mca.gov.cn/mzsj/xzqh/2025/202401xzqh.html,行政区划覆盖任务，不是已确认公安机构；区划变更及一对多机构关系须核实
police-341323,安徽,341323,灵璧县,county,police,pending_discovery,安徽 灵璧县 公安局 公安分局 政府信息公开 官方网站,https://www.mca.gov.cn/mzsj/xzqh/2025/202401xzqh.html,行政区划覆盖任务，不是已确认公安机构；区划变更及一对多机构关系须核实
police-341324,安徽,341324,泗县,county,police,pending_discovery,安徽 泗县 公安局 公安分局 政府信息公开 官方网站,https://www.mca.gov.cn/mzsj/xzqh/2025/202401xzqh.html,行政区划覆盖任务，不是已确认公安机构；区划变更及一对多机构关系须核实
police-341500,安徽,341500,六安市,prefecture,police,pending_discovery,安徽 六安市 公安局 公安分局 政府信息公开 官方网站,https://www.mca.gov.cn/mzsj/xzqh/2025/202401xzqh.html,行政区划覆盖任务，不是已确认公安机构；区划变更及一对多机构关系须核实
police-341502,安徽,341502,金安区,county,police,pending_discovery,安徽 金安区 公安局 公安分局 政府信息公开 官方网站,https://www.mca.gov.cn/mzsj/xzqh/2025/202401xzqh.html,行政区划覆盖任务，不是已确认公安机构；区划变更及一对多机构关系须核实
police-341503,安徽,341503,裕安区,county,police,pending_discovery,安徽 裕安区 公安局 公安分局 政府信息公开 官方网站,https://www.mca.gov.cn/mzsj/xzqh/2025/202401xzqh.html,行政区划覆盖任务，不是已确认公安机构；区划变更及一对多机构关系须核实
police-341504,安徽,341504,叶集区,county,police,pending_discovery,安徽 叶集区 公安局 公安分局 政府信息公开 官方网站,https://www.mca.gov.cn/mzsj/xzqh/2025/202401xzqh.html,行政区划覆盖任务，不是已确认公安机构；区划变更及一对多机构关系须核实
police-341522,安徽,341522,霍邱县,county,police,pending_discovery,安徽 霍邱县 公安局 公安分局 政府信息公开 官方网站,https://www.mca.gov.cn/mzsj/xzqh/2025/202401xzqh.html,行政区划覆盖任务，不是已确认公安机构；区划变更及一对多机构关系须核实
police-341523,安徽,341523,舒城县,county,police,pending_discovery,安徽 舒城县 公安局 公安分局 政府信息公开 官方网站,https://www.mca.gov.cn/mzsj/xzqh/2025/202401xzqh.html,行政区划覆盖任务，不是已确认公安机构；区划变更及一对多机构关系须核实
police-341524,安徽,341524,金寨县,county,police,pending_discovery,安徽 金寨县 公安局 公安分局 政府信息公开 官方网站,https://www.mca.gov.cn/mzsj/xzqh/2025/202401xzqh.html,行政区划覆盖任务，不是已确认公安机构；区划变更及一对多机构关系须核实
police-341525,安徽,341525,霍山县,county,police,pending_discovery,安徽 霍山县 公安局 公安分局 政府信息公开 官方网站,https://www.mca.gov.cn/mzsj/xzqh/2025/202401xzqh.html,行政区划覆盖任务，不是已确认公安机构；区划变更及一对多机构关系须核实
police-341600,安徽,341600,亳州市,prefecture,police,pending_discovery,安徽 亳州市 公安局 公安分局 政府信息公开 官方网站,https://www.mca.gov.cn/mzsj/xzqh/2025/202401xzqh.html,行政区划覆盖任务，不是已确认公安机构；区划变更及一对多机构关系须核实
police-341602,安徽,341602,谯城区,county,police,pending_discovery,安徽 谯城区 公安局 公安分局 政府信息公开 官方网站,https://www.mca.gov.cn/mzsj/xzqh/2025/202401xzqh.html,行政区划覆盖任务，不是已确认公安机构；区划变更及一对多机构关系须核实
police-341621,安徽,341621,涡阳县,county,police,pending_discovery,安徽 涡阳县 公安局 公安分局 政府信息公开 官方网站,https://www.mca.gov.cn/mzsj/xzqh/2025/202401xzqh.html,行政区划覆盖任务，不是已确认公安机构；区划变更及一对多机构关系须核实
police-341622,安徽,341622,蒙城县,county,police,pending_discovery,安徽 蒙城县 公安局 公安分局 政府信息公开 官方网站,https://www.mca.gov.cn/mzsj/xzqh/2025/202401xzqh.html,行政区划覆盖任务，不是已确认公安机构；区划变更及一对多机构关系须核实
police-341623,安徽,341623,利辛县,county,police,pending_discovery,安徽 利辛县 公安局 公安分局 政府信息公开 官方网站,https://www.mca.gov.cn/mzsj/xzqh/2025/202401xzqh.html,行政区划覆盖任务，不是已确认公安机构；区划变更及一对多机构关系须核实
police-341700,安徽,341700,池州市,prefecture,police,pending_discovery,安徽 池州市 公安局 公安分局 政府信息公开 官方网站,https://www.mca.gov.cn/mzsj/xzqh/2025/202401xzqh.html,行政区划覆盖任务，不是已确认公安机构；区划变更及一对多机构关系须核实
police-341702,安徽,341702,贵池区,county,police,pending_discovery,安徽 贵池区 公安局 公安分局 政府信息公开 官方网站,https://www.mca.gov.cn/mzsj/xzqh/2025/202401xzqh.html,行政区划覆盖任务，不是已确认公安机构；区划变更及一对多机构关系须核实
police-341721,安徽,341721,东至县,county,police,pending_discovery,安徽 东至县 公安局 公安分局 政府信息公开 官方网站,https://www.mca.gov.cn/mzsj/xzqh/2025/202401xzqh.html,行政区划覆盖任务，不是已确认公安机构；区划变更及一对多机构关系须核实
police-341722,安徽,341722,石台县,county,police,pending_discovery,安徽 石台县 公安局 公安分局 政府信息公开 官方网站,https://www.mca.gov.cn/mzsj/xzqh/2025/202401xzqh.html,行政区划覆盖任务，不是已确认公安机构；区划变更及一对多机构关系须核实
police-341723,安徽,341723,青阳县,county,police,pending_discovery,安徽 青阳县 公安局 公安分局 政府信息公开 官方网站,https://www.mca.gov.cn/mzsj/xzqh/2025/202401xzqh.html,行政区划覆盖任务，不是已确认公安机构；区划变更及一对多机构关系须核实
police-341800,安徽,341800,宣城市,prefecture,police,pending_discovery,安徽 宣城市 公安局 公安分局 政府信息公开 官方网站,https://www.mca.gov.cn/mzsj/xzqh/2025/202401xzqh.html,行政区划覆盖任务，不是已确认公安机构；区划变更及一对多机构关系须核实
police-341802,安徽,341802,宣州区,county,police,pending_discovery,安徽 宣州区 公安局 公安分局 政府信息公开 官方网站,https://www.mca.gov.cn/mzsj/xzqh/2025/202401xzqh.html,行政区划覆盖任务，不是已确认公安机构；区划变更及一对多机构关系须核实
police-341821,安徽,341821,郎溪县,county,police,pending_discovery,安徽 郎溪县 公安局 公安分局 政府信息公开 官方网站,https://www.mca.gov.cn/mzsj/xzqh/2025/202401xzqh.html,行政区划覆盖任务，不是已确认公安机构；区划变更及一对多机构关系须核实
police-341823,安徽,341823,泾县,county,police,pending_discovery,安徽 泾县 公安局 公安分局 政府信息公开 官方网站,https://www.mca.gov.cn/mzsj/xzqh/2025/202401xzqh.html,行政区划覆盖任务，不是已确认公安机构；区划变更及一对多机构关系须核实
police-341824,安徽,341824,绩溪县,county,police,pending_discovery,安徽 绩溪县 公安局 公安分局 政府信息公开 官方网站,https://www.mca.gov.cn/mzsj/xzqh/2025/202401xzqh.html,行政区划覆盖任务，不是已确认公安机构；区划变更及一对多机构关系须核实
police-341825,安徽,341825,旌德县,county,police,pending_discovery,安徽 旌德县 公安局 公安分局 政府信息公开 官方网站,https://www.mca.gov.cn/mzsj/xzqh/2025/202401xzqh.html,行政区划覆盖任务，不是已确认公安机构；区划变更及一对多机构关系须核实
police-341881,安徽,341881,宁国市,county,police,pending_discovery,安徽 宁国市 公安局 公安分局 政府信息公开 官方网站,https://www.mca.gov.cn/mzsj/xzqh/2025/202401xzqh.html,行政区划覆盖任务，不是已确认公安机构；区划变更及一对多机构关系须核实
police-341882,安徽,341882,广德市,county,police,pending_discovery,安徽 广德市 公安局 公安分局 政府信息公开 官方网站,https://www.mca.gov.cn/mzsj/xzqh/2025/202401xzqh.html,行政区划覆盖任务，不是已确认公安机构；区划变更及一对多机构关系须核实
police-350000,福建,350000,福建省,province,police,pending_discovery,福建 福建省 公安局 公安分局 政府信息公开 官方网站,https://www.mca.gov.cn/mzsj/xzqh/2025/202401xzqh.html,行政区划覆盖任务，不是已确认公安机构；区划变更及一对多机构关系须核实
police-350100,福建,350100,福州市,prefecture,police,pending_discovery,福建 福州市 公安局 公安分局 政府信息公开 官方网站,https://www.mca.gov.cn/mzsj/xzqh/2025/202401xzqh.html,行政区划覆盖任务，不是已确认公安机构；区划变更及一对多机构关系须核实
police-350102,福建,350102,鼓楼区,county,police,pending_discovery,福建 鼓楼区 公安局 公安分局 政府信息公开 官方网站,https://www.mca.gov.cn/mzsj/xzqh/2025/202401xzqh.html,行政区划覆盖任务，不是已确认公安机构；区划变更及一对多机构关系须核实
police-350103,福建,350103,台江区,county,police,pending_discovery,福建 台江区 公安局 公安分局 政府信息公开 官方网站,https://www.mca.gov.cn/mzsj/xzqh/2025/202401xzqh.html,行政区划覆盖任务，不是已确认公安机构；区划变更及一对多机构关系须核实
police-350104,福建,350104,仓山区,county,police,pending_discovery,福建 仓山区 公安局 公安分局 政府信息公开 官方网站,https://www.mca.gov.cn/mzsj/xzqh/2025/202401xzqh.html,行政区划覆盖任务，不是已确认公安机构；区划变更及一对多机构关系须核实
police-350105,福建,350105,马尾区,county,police,pending_discovery,福建 马尾区 公安局 公安分局 政府信息公开 官方网站,https://www.mca.gov.cn/mzsj/xzqh/2025/202401xzqh.html,行政区划覆盖任务，不是已确认公安机构；区划变更及一对多机构关系须核实
police-350111,福建,350111,晋安区,county,police,pending_discovery,福建 晋安区 公安局 公安分局 政府信息公开 官方网站,https://www.mca.gov.cn/mzsj/xzqh/2025/202401xzqh.html,行政区划覆盖任务，不是已确认公安机构；区划变更及一对多机构关系须核实
police-350112,福建,350112,长乐区,county,police,pending_discovery,福建 长乐区 公安局 公安分局 政府信息公开 官方网站,https://www.mca.gov.cn/mzsj/xzqh/2025/202401xzqh.html,行政区划覆盖任务，不是已确认公安机构；区划变更及一对多机构关系须核实
police-350121,福建,350121,闽侯县,county,police,pending_discovery,福建 闽侯县 公安局 公安分局 政府信息公开 官方网站,https://www.mca.gov.cn/mzsj/xzqh/2025/202401xzqh.html,行政区划覆盖任务，不是已确认公安机构；区划变更及一对多机构关系须核实
police-350122,福建,350122,连江县,county,police,pending_discovery,福建 连江县 公安局 公安分局 政府信息公开 官方网站,https://www.mca.gov.cn/mzsj/xzqh/2025/202401xzqh.html,行政区划覆盖任务，不是已确认公安机构；区划变更及一对多机构关系须核实
police-350123,福建,350123,罗源县,county,police,pending_discovery,福建 罗源县 公安局 公安分局 政府信息公开 官方网站,https://www.mca.gov.cn/mzsj/xzqh/2025/202401xzqh.html,行政区划覆盖任务，不是已确认公安机构；区划变更及一对多机构关系须核实
police-350124,福建,350124,闽清县,county,police,pending_discovery,福建 闽清县 公安局 公安分局 政府信息公开 官方网站,https://www.mca.gov.cn/mzsj/xzqh/2025/202401xzqh.html,行政区划覆盖任务，不是已确认公安机构；区划变更及一对多机构关系须核实
police-350125,福建,350125,永泰县,county,police,pending_discovery,福建 永泰县 公安局 公安分局 政府信息公开 官方网站,https://www.mca.gov.cn/mzsj/xzqh/2025/202401xzqh.html,行政区划覆盖任务，不是已确认公安机构；区划变更及一对多机构关系须核实
police-350128,福建,350128,平潭县,county,police,pending_discovery,福建 平潭县 公安局 公安分局 政府信息公开 官方网站,https://www.mca.gov.cn/mzsj/xzqh/2025/202401xzqh.html,行政区划覆盖任务，不是已确认公安机构；区划变更及一对多机构关系须核实
police-350181,福建,350181,福清市,county,police,pending_discovery,福建 福清市 公安局 公安分局 政府信息公开 官方网站,https://www.mca.gov.cn/mzsj/xzqh/2025/202401xzqh.html,行政区划覆盖任务，不是已确认公安机构；区划变更及一对多机构关系须核实
police-350200,福建,350200,厦门市,prefecture,police,pending_discovery,福建 厦门市 公安局 公安分局 政府信息公开 官方网站,https://www.mca.gov.cn/mzsj/xzqh/2025/202401xzqh.html,行政区划覆盖任务，不是已确认公安机构；区划变更及一对多机构关系须核实
police-350203,福建,350203,思明区,county,police,pending_discovery,福建 思明区 公安局 公安分局 政府信息公开 官方网站,https://www.mca.gov.cn/mzsj/xzqh/2025/202401xzqh.html,行政区划覆盖任务，不是已确认公安机构；区划变更及一对多机构关系须核实
police-350205,福建,350205,海沧区,county,police,pending_discovery,福建 海沧区 公安局 公安分局 政府信息公开 官方网站,https://www.mca.gov.cn/mzsj/xzqh/2025/202401xzqh.html,行政区划覆盖任务，不是已确认公安机构；区划变更及一对多机构关系须核实
police-350206,福建,350206,湖里区,county,police,pending_discovery,福建 湖里区 公安局 公安分局 政府信息公开 官方网站,https://www.mca.gov.cn/mzsj/xzqh/2025/202401xzqh.html,行政区划覆盖任务，不是已确认公安机构；区划变更及一对多机构关系须核实
police-350211,福建,350211,集美区,county,police,pending_discovery,福建 集美区 公安局 公安分局 政府信息公开 官方网站,https://www.mca.gov.cn/mzsj/xzqh/2025/202401xzqh.html,行政区划覆盖任务，不是已确认公安机构；区划变更及一对多机构关系须核实
police-350212,福建,350212,同安区,county,police,pending_discovery,福建 同安区 公安局 公安分局 政府信息公开 官方网站,https://www.mca.gov.cn/mzsj/xzqh/2025/202401xzqh.html,行政区划覆盖任务，不是已确认公安机构；区划变更及一对多机构关系须核实
police-350213,福建,350213,翔安区,county,police,pending_discovery,福建 翔安区 公安局 公安分局 政府信息公开 官方网站,https://www.mca.gov.cn/mzsj/xzqh/2025/202401xzqh.html,行政区划覆盖任务，不是已确认公安机构；区划变更及一对多机构关系须核实
police-350300,福建,350300,莆田市,prefecture,police,pending_discovery,福建 莆田市 公安局 公安分局 政府信息公开 官方网站,https://www.mca.gov.cn/mzsj/xzqh/2025/202401xzqh.html,行政区划覆盖任务，不是已确认公安机构；区划变更及一对多机构关系须核实
police-350302,福建,350302,城厢区,county,police,pending_discovery,福建 城厢区 公安局 公安分局 政府信息公开 官方网站,https://www.mca.gov.cn/mzsj/xzqh/2025/202401xzqh.html,行政区划覆盖任务，不是已确认公安机构；区划变更及一对多机构关系须核实
police-350303,福建,350303,涵江区,county,police,pending_discovery,福建 涵江区 公安局 公安分局 政府信息公开 官方网站,https://www.mca.gov.cn/mzsj/xzqh/2025/202401xzqh.html,行政区划覆盖任务，不是已确认公安机构；区划变更及一对多机构关系须核实
police-350304,福建,350304,荔城区,county,police,pending_discovery,福建 荔城区 公安局 公安分局 政府信息公开 官方网站,https://www.mca.gov.cn/mzsj/xzqh/2025/202401xzqh.html,行政区划覆盖任务，不是已确认公安机构；区划变更及一对多机构关系须核实
police-350305,福建,350305,秀屿区,county,police,pending_discovery,福建 秀屿区 公安局 公安分局 政府信息公开 官方网站,https://www.mca.gov.cn/mzsj/xzqh/2025/202401xzqh.html,行政区划覆盖任务，不是已确认公安机构；区划变更及一对多机构关系须核实
police-350322,福建,350322,仙游县,county,police,pending_discovery,福建 仙游县 公安局 公安分局 政府信息公开 官方网站,https://www.mca.gov.cn/mzsj/xzqh/2025/202401xzqh.html,行政区划覆盖任务，不是已确认公安机构；区划变更及一对多机构关系须核实
police-350400,福建,350400,三明市,prefecture,police,pending_discovery,福建 三明市 公安局 公安分局 政府信息公开 官方网站,https://www.mca.gov.cn/mzsj/xzqh/2025/202401xzqh.html,行政区划覆盖任务，不是已确认公安机构；区划变更及一对多机构关系须核实
police-350404,福建,350404,三元区,county,police,pending_discovery,福建 三元区 公安局 公安分局 政府信息公开 官方网站,https://www.mca.gov.cn/mzsj/xzqh/2025/202401xzqh.html,行政区划覆盖任务，不是已确认公安机构；区划变更及一对多机构关系须核实
police-350405,福建,350405,沙县区,county,police,pending_discovery,福建 沙县区 公安局 公安分局 政府信息公开 官方网站,https://www.mca.gov.cn/mzsj/xzqh/2025/202401xzqh.html,行政区划覆盖任务，不是已确认公安机构；区划变更及一对多机构关系须核实
police-350421,福建,350421,明溪县,county,police,pending_discovery,福建 明溪县 公安局 公安分局 政府信息公开 官方网站,https://www.mca.gov.cn/mzsj/xzqh/2025/202401xzqh.html,行政区划覆盖任务，不是已确认公安机构；区划变更及一对多机构关系须核实
police-350423,福建,350423,清流县,county,police,pending_discovery,福建 清流县 公安局 公安分局 政府信息公开 官方网站,https://www.mca.gov.cn/mzsj/xzqh/2025/202401xzqh.html,行政区划覆盖任务，不是已确认公安机构；区划变更及一对多机构关系须核实
police-350424,福建,350424,宁化县,county,police,pending_discovery,福建 宁化县 公安局 公安分局 政府信息公开 官方网站,https://www.mca.gov.cn/mzsj/xzqh/2025/202401xzqh.html,行政区划覆盖任务，不是已确认公安机构；区划变更及一对多机构关系须核实
police-350425,福建,350425,大田县,county,police,pending_discovery,福建 大田县 公安局 公安分局 政府信息公开 官方网站,https://www.mca.gov.cn/mzsj/xzqh/2025/202401xzqh.html,行政区划覆盖任务，不是已确认公安机构；区划变更及一对多机构关系须核实
police-350426,福建,350426,尤溪县,county,police,pending_discovery,福建 尤溪县 公安局 公安分局 政府信息公开 官方网站,https://www.mca.gov.cn/mzsj/xzqh/2025/202401xzqh.html,行政区划覆盖任务，不是已确认公安机构；区划变更及一对多机构关系须核实
police-350428,福建,350428,将乐县,county,police,pending_discovery,福建 将乐县 公安局 公安分局 政府信息公开 官方网站,https://www.mca.gov.cn/mzsj/xzqh/2025/202401xzqh.html,行政区划覆盖任务，不是已确认公安机构；区划变更及一对多机构关系须核实
police-350429,福建,350429,泰宁县,county,police,pending_discovery,福建 泰宁县 公安局 公安分局 政府信息公开 官方网站,https://www.mca.gov.cn/mzsj/xzqh/2025/202401xzqh.html,行政区划覆盖任务，不是已确认公安机构；区划变更及一对多机构关系须核实
police-350430,福建,350430,建宁县,county,police,pending_discovery,福建 建宁县 公安局 公安分局 政府信息公开 官方网站,https://www.mca.gov.cn/mzsj/xzqh/2025/202401xzqh.html,行政区划覆盖任务，不是已确认公安机构；区划变更及一对多机构关系须核实
police-350481,福建,350481,永安市,county,police,pending_discovery,福建 永安市 公安局 公安分局 政府信息公开 官方网站,https://www.mca.gov.cn/mzsj/xzqh/2025/202401xzqh.html,行政区划覆盖任务，不是已确认公安机构；区划变更及一对多机构关系须核实
police-350500,福建,350500,泉州市,prefecture,police,pending_discovery,福建 泉州市 公安局 公安分局 政府信息公开 官方网站,https://www.mca.gov.cn/mzsj/xzqh/2025/202401xzqh.html,行政区划覆盖任务，不是已确认公安机构；区划变更及一对多机构关系须核实
police-350502,福建,350502,鲤城区,county,police,pending_discovery,福建 鲤城区 公安局 公安分局 政府信息公开 官方网站,https://www.mca.gov.cn/mzsj/xzqh/2025/202401xzqh.html,行政区划覆盖任务，不是已确认公安机构；区划变更及一对多机构关系须核实
police-350503,福建,350503,丰泽区,county,police,pending_discovery,福建 丰泽区 公安局 公安分局 政府信息公开 官方网站,https://www.mca.gov.cn/mzsj/xzqh/2025/202401xzqh.html,行政区划覆盖任务，不是已确认公安机构；区划变更及一对多机构关系须核实
police-350504,福建,350504,洛江区,county,police,pending_discovery,福建 洛江区 公安局 公安分局 政府信息公开 官方网站,https://www.mca.gov.cn/mzsj/xzqh/2025/202401xzqh.html,行政区划覆盖任务，不是已确认公安机构；区划变更及一对多机构关系须核实
police-350505,福建,350505,泉港区,county,police,pending_discovery,福建 泉港区 公安局 公安分局 政府信息公开 官方网站,https://www.mca.gov.cn/mzsj/xzqh/2025/202401xzqh.html,行政区划覆盖任务，不是已确认公安机构；区划变更及一对多机构关系须核实
police-350521,福建,350521,惠安县,county,police,pending_discovery,福建 惠安县 公安局 公安分局 政府信息公开 官方网站,https://www.mca.gov.cn/mzsj/xzqh/2025/202401xzqh.html,行政区划覆盖任务，不是已确认公安机构；区划变更及一对多机构关系须核实
police-350524,福建,350524,安溪县,county,police,pending_discovery,福建 安溪县 公安局 公安分局 政府信息公开 官方网站,https://www.mca.gov.cn/mzsj/xzqh/2025/202401xzqh.html,行政区划覆盖任务，不是已确认公安机构；区划变更及一对多机构关系须核实
police-350525,福建,350525,永春县,county,police,pending_discovery,福建 永春县 公安局 公安分局 政府信息公开 官方网站,https://www.mca.gov.cn/mzsj/xzqh/2025/202401xzqh.html,行政区划覆盖任务，不是已确认公安机构；区划变更及一对多机构关系须核实
police-350526,福建,350526,德化县,county,police,pending_discovery,福建 德化县 公安局 公安分局 政府信息公开 官方网站,https://www.mca.gov.cn/mzsj/xzqh/2025/202401xzqh.html,行政区划覆盖任务，不是已确认公安机构；区划变更及一对多机构关系须核实
police-350527,福建,350527,金门县,county,police,pending_discovery,福建 金门县 公安局 公安分局 政府信息公开 官方网站,https://www.mca.gov.cn/mzsj/xzqh/2025/202401xzqh.html,行政区划覆盖任务，不是已确认公安机构；区划变更及一对多机构关系须核实
police-350581,福建,350581,石狮市,county,police,pending_discovery,福建 石狮市 公安局 公安分局 政府信息公开 官方网站,https://www.mca.gov.cn/mzsj/xzqh/2025/202401xzqh.html,行政区划覆盖任务，不是已确认公安机构；区划变更及一对多机构关系须核实
police-350582,福建,350582,晋江市,county,police,pending_discovery,福建 晋江市 公安局 公安分局 政府信息公开 官方网站,https://www.mca.gov.cn/mzsj/xzqh/2025/202401xzqh.html,行政区划覆盖任务，不是已确认公安机构；区划变更及一对多机构关系须核实
police-350583,福建,350583,南安市,county,police,pending_discovery,福建 南安市 公安局 公安分局 政府信息公开 官方网站,https://www.mca.gov.cn/mzsj/xzqh/2025/202401xzqh.html,行政区划覆盖任务，不是已确认公安机构；区划变更及一对多机构关系须核实
police-350600,福建,350600,漳州市,prefecture,police,pending_discovery,福建 漳州市 公安局 公安分局 政府信息公开 官方网站,https://www.mca.gov.cn/mzsj/xzqh/2025/202401xzqh.html,行政区划覆盖任务，不是已确认公安机构；区划变更及一对多机构关系须核实
police-350602,福建,350602,芗城区,county,police,pending_discovery,福建 芗城区 公安局 公安分局 政府信息公开 官方网站,https://www.mca.gov.cn/mzsj/xzqh/2025/202401xzqh.html,行政区划覆盖任务，不是已确认公安机构；区划变更及一对多机构关系须核实
police-350603,福建,350603,龙文区,county,police,pending_discovery,福建 龙文区 公安局 公安分局 政府信息公开 官方网站,https://www.mca.gov.cn/mzsj/xzqh/2025/202401xzqh.html,行政区划覆盖任务，不是已确认公安机构；区划变更及一对多机构关系须核实
police-350604,福建,350604,龙海区,county,police,pending_discovery,福建 龙海区 公安局 公安分局 政府信息公开 官方网站,https://www.mca.gov.cn/mzsj/xzqh/2025/202401xzqh.html,行政区划覆盖任务，不是已确认公安机构；区划变更及一对多机构关系须核实
police-350605,福建,350605,长泰区,county,police,pending_discovery,福建 长泰区 公安局 公安分局 政府信息公开 官方网站,https://www.mca.gov.cn/mzsj/xzqh/2025/202401xzqh.html,行政区划覆盖任务，不是已确认公安机构；区划变更及一对多机构关系须核实
police-350622,福建,350622,云霄县,county,police,pending_discovery,福建 云霄县 公安局 公安分局 政府信息公开 官方网站,https://www.mca.gov.cn/mzsj/xzqh/2025/202401xzqh.html,行政区划覆盖任务，不是已确认公安机构；区划变更及一对多机构关系须核实
police-350623,福建,350623,漳浦县,county,police,pending_discovery,福建 漳浦县 公安局 公安分局 政府信息公开 官方网站,https://www.mca.gov.cn/mzsj/xzqh/2025/202401xzqh.html,行政区划覆盖任务，不是已确认公安机构；区划变更及一对多机构关系须核实
police-350624,福建,350624,诏安县,county,police,pending_discovery,福建 诏安县 公安局 公安分局 政府信息公开 官方网站,https://www.mca.gov.cn/mzsj/xzqh/2025/202401xzqh.html,行政区划覆盖任务，不是已确认公安机构；区划变更及一对多机构关系须核实
police-350626,福建,350626,东山县,county,police,pending_discovery,福建 东山县 公安局 公安分局 政府信息公开 官方网站,https://www.mca.gov.cn/mzsj/xzqh/2025/202401xzqh.html,行政区划覆盖任务，不是已确认公安机构；区划变更及一对多机构关系须核实
police-350627,福建,350627,南靖县,county,police,pending_discovery,福建 南靖县 公安局 公安分局 政府信息公开 官方网站,https://www.mca.gov.cn/mzsj/xzqh/2025/202401xzqh.html,行政区划覆盖任务，不是已确认公安机构；区划变更及一对多机构关系须核实
police-350628,福建,350628,平和县,county,police,pending_discovery,福建 平和县 公安局 公安分局 政府信息公开 官方网站,https://www.mca.gov.cn/mzsj/xzqh/2025/202401xzqh.html,行政区划覆盖任务，不是已确认公安机构；区划变更及一对多机构关系须核实
police-350629,福建,350629,华安县,county,police,pending_discovery,福建 华安县 公安局 公安分局 政府信息公开 官方网站,https://www.mca.gov.cn/mzsj/xzqh/2025/202401xzqh.html,行政区划覆盖任务，不是已确认公安机构；区划变更及一对多机构关系须核实
police-350700,福建,350700,南平市,prefecture,police,pending_discovery,福建 南平市 公安局 公安分局 政府信息公开 官方网站,https://www.mca.gov.cn/mzsj/xzqh/2025/202401xzqh.html,行政区划覆盖任务，不是已确认公安机构；区划变更及一对多机构关系须核实
police-350702,福建,350702,延平区,county,police,pending_discovery,福建 延平区 公安局 公安分局 政府信息公开 官方网站,https://www.mca.gov.cn/mzsj/xzqh/2025/202401xzqh.html,行政区划覆盖任务，不是已确认公安机构；区划变更及一对多机构关系须核实
police-350703,福建,350703,建阳区,county,police,pending_discovery,福建 建阳区 公安局 公安分局 政府信息公开 官方网站,https://www.mca.gov.cn/mzsj/xzqh/2025/202401xzqh.html,行政区划覆盖任务，不是已确认公安机构；区划变更及一对多机构关系须核实
police-350721,福建,350721,顺昌县,county,police,pending_discovery,福建 顺昌县 公安局 公安分局 政府信息公开 官方网站,https://www.mca.gov.cn/mzsj/xzqh/2025/202401xzqh.html,行政区划覆盖任务，不是已确认公安机构；区划变更及一对多机构关系须核实
police-350722,福建,350722,浦城县,county,police,pending_discovery,福建 浦城县 公安局 公安分局 政府信息公开 官方网站,https://www.mca.gov.cn/mzsj/xzqh/2025/202401xzqh.html,行政区划覆盖任务，不是已确认公安机构；区划变更及一对多机构关系须核实
police-350723,福建,350723,光泽县,county,police,pending_discovery,福建 光泽县 公安局 公安分局 政府信息公开 官方网站,https://www.mca.gov.cn/mzsj/xzqh/2025/202401xzqh.html,行政区划覆盖任务，不是已确认公安机构；区划变更及一对多机构关系须核实
police-350724,福建,350724,松溪县,county,police,pending_discovery,福建 松溪县 公安局 公安分局 政府信息公开 官方网站,https://www.mca.gov.cn/mzsj/xzqh/2025/202401xzqh.html,行政区划覆盖任务，不是已确认公安机构；区划变更及一对多机构关系须核实
police-350725,福建,350725,政和县,county,police,pending_discovery,福建 政和县 公安局 公安分局 政府信息公开 官方网站,https://www.mca.gov.cn/mzsj/xzqh/2025/202401xzqh.html,行政区划覆盖任务，不是已确认公安机构；区划变更及一对多机构关系须核实
police-350781,福建,350781,邵武市,county,police,pending_discovery,福建 邵武市 公安局 公安分局 政府信息公开 官方网站,https://www.mca.gov.cn/mzsj/xzqh/2025/202401xzqh.html,行政区划覆盖任务，不是已确认公安机构；区划变更及一对多机构关系须核实
police-350782,福建,350782,武夷山市,county,police,pending_discovery,福建 武夷山市 公安局 公安分局 政府信息公开 官方网站,https://www.mca.gov.cn/mzsj/xzqh/2025/202401xzqh.html,行政区划覆盖任务，不是已确认公安机构；区划变更及一对多机构关系须核实
police-350783,福建,350783,建瓯市,county,police,pending_discovery,福建 建瓯市 公安局 公安分局 政府信息公开 官方网站,https://www.mca.gov.cn/mzsj/xzqh/2025/202401xzqh.html,行政区划覆盖任务，不是已确认公安机构；区划变更及一对多机构关系须核实
police-350800,福建,350800,龙岩市,prefecture,police,pending_discovery,福建 龙岩市 公安局 公安分局 政府信息公开 官方网站,https://www.mca.gov.cn/mzsj/xzqh/2025/202401xzqh.html,行政区划覆盖任务，不是已确认公安机构；区划变更及一对多机构关系须核实
police-350802,福建,350802,新罗区,county,police,pending_discovery,福建 新罗区 公安局 公安分局 政府信息公开 官方网站,https://www.mca.gov.cn/mzsj/xzqh/2025/202401xzqh.html,行政区划覆盖任务，不是已确认公安机构；区划变更及一对多机构关系须核实
police-350803,福建,350803,永定区,county,police,pending_discovery,福建 永定区 公安局 公安分局 政府信息公开 官方网站,https://www.mca.gov.cn/mzsj/xzqh/2025/202401xzqh.html,行政区划覆盖任务，不是已确认公安机构；区划变更及一对多机构关系须核实
police-350821,福建,350821,长汀县,county,police,pending_discovery,福建 长汀县 公安局 公安分局 政府信息公开 官方网站,https://www.mca.gov.cn/mzsj/xzqh/2025/202401xzqh.html,行政区划覆盖任务，不是已确认公安机构；区划变更及一对多机构关系须核实
police-350823,福建,350823,上杭县,county,police,pending_discovery,福建 上杭县 公安局 公安分局 政府信息公开 官方网站,https://www.mca.gov.cn/mzsj/xzqh/2025/202401xzqh.html,行政区划覆盖任务，不是已确认公安机构；区划变更及一对多机构关系须核实
police-350824,福建,350824,武平县,county,police,pending_discovery,福建 武平县 公安局 公安分局 政府信息公开 官方网站,https://www.mca.gov.cn/mzsj/xzqh/2025/202401xzqh.html,行政区划覆盖任务，不是已确认公安机构；区划变更及一对多机构关系须核实
police-350825,福建,350825,连城县,county,police,pending_discovery,福建 连城县 公安局 公安分局 政府信息公开 官方网站,https://www.mca.gov.cn/mzsj/xzqh/2025/202401xzqh.html,行政区划覆盖任务，不是已确认公安机构；区划变更及一对多机构关系须核实
police-350881,福建,350881,漳平市,county,police,pending_discovery,福建 漳平市 公安局 公安分局 政府信息公开 官方网站,https://www.mca.gov.cn/mzsj/xzqh/2025/202401xzqh.html,行政区划覆盖任务，不是已确认公安机构；区划变更及一对多机构关系须核实
police-350900,福建,350900,宁德市,prefecture,police,pending_discovery,福建 宁德市 公安局 公安分局 政府信息公开 官方网站,https://www.mca.gov.cn/mzsj/xzqh/2025/202401xzqh.html,行政区划覆盖任务，不是已确认公安机构；区划变更及一对多机构关系须核实
police-350902,福建,350902,蕉城区,county,police,pending_discovery,福建 蕉城区 公安局 公安分局 政府信息公开 官方网站,https://www.mca.gov.cn/mzsj/xzqh/2025/202401xzqh.html,行政区划覆盖任务，不是已确认公安机构；区划变更及一对多机构关系须核实
police-350921,福建,350921,霞浦县,county,police,pending_discovery,福建 霞浦县 公安局 公安分局 政府信息公开 官方网站,https://www.mca.gov.cn/mzsj/xzqh/2025/202401xzqh.html,行政区划覆盖任务，不是已确认公安机构；区划变更及一对多机构关系须核实
police-350922,福建,350922,古田县,county,police,pending_discovery,福建 古田县 公安局 公安分局 政府信息公开 官方网站,https://www.mca.gov.cn/mzsj/xzqh/2025/202401xzqh.html,行政区划覆盖任务，不是已确认公安机构；区划变更及一对多机构关系须核实
police-350923,福建,350923,屏南县,county,police,pending_discovery,福建 屏南县 公安局 公安分局 政府信息公开 官方网站,https://www.mca.gov.cn/mzsj/xzqh/2025/202401xzqh.html,行政区划覆盖任务，不是已确认公安机构；区划变更及一对多机构关系须核实
police-350924,福建,350924,寿宁县,county,police,pending_discovery,福建 寿宁县 公安局 公安分局 政府信息公开 官方网站,https://www.mca.gov.cn/mzsj/xzqh/2025/202401xzqh.html,行政区划覆盖任务，不是已确认公安机构；区划变更及一对多机构关系须核实
police-350925,福建,350925,周宁县,county,police,pending_discovery,福建 周宁县 公安局 公安分局 政府信息公开 官方网站,https://www.mca.gov.cn/mzsj/xzqh/2025/202401xzqh.html,行政区划覆盖任务，不是已确认公安机构；区划变更及一对多机构关系须核实
police-350926,福建,350926,柘荣县,county,police,pending_discovery,福建 柘荣县 公安局 公安分局 政府信息公开 官方网站,https://www.mca.gov.cn/mzsj/xzqh/2025/202401xzqh.html,行政区划覆盖任务，不是已确认公安机构；区划变更及一对多机构关系须核实
police-350981,福建,350981,福安市,county,police,pending_discovery,福建 福安市 公安局 公安分局 政府信息公开 官方网站,https://www.mca.gov.cn/mzsj/xzqh/2025/202401xzqh.html,行政区划覆盖任务，不是已确认公安机构；区划变更及一对多机构关系须核实
police-350982,福建,350982,福鼎市,county,police,pending_discovery,福建 福鼎市 公安局 公安分局 政府信息公开 官方网站,https://www.mca.gov.cn/mzsj/xzqh/2025/202401xzqh.html,行政区划覆盖任务，不是已确认公安机构；区划变更及一对多机构关系须核实
police-360000,江西,360000,江西省,province,police,pending_discovery,江西 江西省 公安局 公安分局 政府信息公开 官方网站,https://www.mca.gov.cn/mzsj/xzqh/2025/202401xzqh.html,行政区划覆盖任务，不是已确认公安机构；区划变更及一对多机构关系须核实
police-360100,江西,360100,南昌市,prefecture,police,pending_discovery,江西 南昌市 公安局 公安分局 政府信息公开 官方网站,https://www.mca.gov.cn/mzsj/xzqh/2025/202401xzqh.html,行政区划覆盖任务，不是已确认公安机构；区划变更及一对多机构关系须核实
police-360102,江西,360102,东湖区,county,police,pending_discovery,江西 东湖区 公安局 公安分局 政府信息公开 官方网站,https://www.mca.gov.cn/mzsj/xzqh/2025/202401xzqh.html,行政区划覆盖任务，不是已确认公安机构；区划变更及一对多机构关系须核实
police-360103,江西,360103,西湖区,county,police,pending_discovery,江西 西湖区 公安局 公安分局 政府信息公开 官方网站,https://www.mca.gov.cn/mzsj/xzqh/2025/202401xzqh.html,行政区划覆盖任务，不是已确认公安机构；区划变更及一对多机构关系须核实
police-360104,江西,360104,青云谱区,county,police,pending_discovery,江西 青云谱区 公安局 公安分局 政府信息公开 官方网站,https://www.mca.gov.cn/mzsj/xzqh/2025/202401xzqh.html,行政区划覆盖任务，不是已确认公安机构；区划变更及一对多机构关系须核实
police-360111,江西,360111,青山湖区,county,police,pending_discovery,江西 青山湖区 公安局 公安分局 政府信息公开 官方网站,https://www.mca.gov.cn/mzsj/xzqh/2025/202401xzqh.html,行政区划覆盖任务，不是已确认公安机构；区划变更及一对多机构关系须核实
police-360112,江西,360112,新建区,county,police,pending_discovery,江西 新建区 公安局 公安分局 政府信息公开 官方网站,https://www.mca.gov.cn/mzsj/xzqh/2025/202401xzqh.html,行政区划覆盖任务，不是已确认公安机构；区划变更及一对多机构关系须核实
police-360113,江西,360113,红谷滩区,county,police,pending_discovery,江西 红谷滩区 公安局 公安分局 政府信息公开 官方网站,https://www.mca.gov.cn/mzsj/xzqh/2025/202401xzqh.html,行政区划覆盖任务，不是已确认公安机构；区划变更及一对多机构关系须核实
police-360121,江西,360121,南昌县,county,police,pending_discovery,江西 南昌县 公安局 公安分局 政府信息公开 官方网站,https://www.mca.gov.cn/mzsj/xzqh/2025/202401xzqh.html,行政区划覆盖任务，不是已确认公安机构；区划变更及一对多机构关系须核实
police-360123,江西,360123,安义县,county,police,pending_discovery,江西 安义县 公安局 公安分局 政府信息公开 官方网站,https://www.mca.gov.cn/mzsj/xzqh/2025/202401xzqh.html,行政区划覆盖任务，不是已确认公安机构；区划变更及一对多机构关系须核实
police-360124,江西,360124,进贤县,county,police,pending_discovery,江西 进贤县 公安局 公安分局 政府信息公开 官方网站,https://www.mca.gov.cn/mzsj/xzqh/2025/202401xzqh.html,行政区划覆盖任务，不是已确认公安机构；区划变更及一对多机构关系须核实
police-360200,江西,360200,景德镇市,prefecture,police,pending_discovery,江西 景德镇市 公安局 公安分局 政府信息公开 官方网站,https://www.mca.gov.cn/mzsj/xzqh/2025/202401xzqh.html,行政区划覆盖任务，不是已确认公安机构；区划变更及一对多机构关系须核实
police-360202,江西,360202,昌江区,county,police,pending_discovery,江西 昌江区 公安局 公安分局 政府信息公开 官方网站,https://www.mca.gov.cn/mzsj/xzqh/2025/202401xzqh.html,行政区划覆盖任务，不是已确认公安机构；区划变更及一对多机构关系须核实
police-360203,江西,360203,珠山区,county,police,pending_discovery,江西 珠山区 公安局 公安分局 政府信息公开 官方网站,https://www.mca.gov.cn/mzsj/xzqh/2025/202401xzqh.html,行政区划覆盖任务，不是已确认公安机构；区划变更及一对多机构关系须核实
police-360222,江西,360222,浮梁县,county,police,pending_discovery,江西 浮梁县 公安局 公安分局 政府信息公开 官方网站,https://www.mca.gov.cn/mzsj/xzqh/2025/202401xzqh.html,行政区划覆盖任务，不是已确认公安机构；区划变更及一对多机构关系须核实
police-360281,江西,360281,乐平市,county,police,pending_discovery,江西 乐平市 公安局 公安分局 政府信息公开 官方网站,https://www.mca.gov.cn/mzsj/xzqh/2025/202401xzqh.html,行政区划覆盖任务，不是已确认公安机构；区划变更及一对多机构关系须核实
police-360300,江西,360300,萍乡市,prefecture,police,pending_discovery,江西 萍乡市 公安局 公安分局 政府信息公开 官方网站,https://www.mca.gov.cn/mzsj/xzqh/2025/202401xzqh.html,行政区划覆盖任务，不是已确认公安机构；区划变更及一对多机构关系须核实
police-360302,江西,360302,安源区,county,police,pending_discovery,江西 安源区 公安局 公安分局 政府信息公开 官方网站,https://www.mca.gov.cn/mzsj/xzqh/2025/202401xzqh.html,行政区划覆盖任务，不是已确认公安机构；区划变更及一对多机构关系须核实
police-360313,江西,360313,湘东区,county,police,pending_discovery,江西 湘东区 公安局 公安分局 政府信息公开 官方网站,https://www.mca.gov.cn/mzsj/xzqh/2025/202401xzqh.html,行政区划覆盖任务，不是已确认公安机构；区划变更及一对多机构关系须核实
police-360321,江西,360321,莲花县,county,police,pending_discovery,江西 莲花县 公安局 公安分局 政府信息公开 官方网站,https://www.mca.gov.cn/mzsj/xzqh/2025/202401xzqh.html,行政区划覆盖任务，不是已确认公安机构；区划变更及一对多机构关系须核实
police-360322,江西,360322,上栗县,county,police,pending_discovery,江西 上栗县 公安局 公安分局 政府信息公开 官方网站,https://www.mca.gov.cn/mzsj/xzqh/2025/202401xzqh.html,行政区划覆盖任务，不是已确认公安机构；区划变更及一对多机构关系须核实
police-360323,江西,360323,芦溪县,county,police,pending_discovery,江西 芦溪县 公安局 公安分局 政府信息公开 官方网站,https://www.mca.gov.cn/mzsj/xzqh/2025/202401xzqh.html,行政区划覆盖任务，不是已确认公安机构；区划变更及一对多机构关系须核实
police-360400,江西,360400,九江市,prefecture,police,pending_discovery,江西 九江市 公安局 公安分局 政府信息公开 官方网站,https://www.mca.gov.cn/mzsj/xzqh/2025/202401xzqh.html,行政区划覆盖任务，不是已确认公安机构；区划变更及一对多机构关系须核实
police-360402,江西,360402,濂溪区,county,police,pending_discovery,江西 濂溪区 公安局 公安分局 政府信息公开 官方网站,https://www.mca.gov.cn/mzsj/xzqh/2025/202401xzqh.html,行政区划覆盖任务，不是已确认公安机构；区划变更及一对多机构关系须核实
police-360403,江西,360403,浔阳区,county,police,pending_discovery,江西 浔阳区 公安局 公安分局 政府信息公开 官方网站,https://www.mca.gov.cn/mzsj/xzqh/2025/202401xzqh.html,行政区划覆盖任务，不是已确认公安机构；区划变更及一对多机构关系须核实
police-360404,江西,360404,柴桑区,county,police,pending_discovery,江西 柴桑区 公安局 公安分局 政府信息公开 官方网站,https://www.mca.gov.cn/mzsj/xzqh/2025/202401xzqh.html,行政区划覆盖任务，不是已确认公安机构；区划变更及一对多机构关系须核实
police-360423,江西,360423,武宁县,county,police,pending_discovery,江西 武宁县 公安局 公安分局 政府信息公开 官方网站,https://www.mca.gov.cn/mzsj/xzqh/2025/202401xzqh.html,行政区划覆盖任务，不是已确认公安机构；区划变更及一对多机构关系须核实
police-360424,江西,360424,修水县,county,police,pending_discovery,江西 修水县 公安局 公安分局 政府信息公开 官方网站,https://www.mca.gov.cn/mzsj/xzqh/2025/202401xzqh.html,行政区划覆盖任务，不是已确认公安机构；区划变更及一对多机构关系须核实
police-360425,江西,360425,永修县,county,police,pending_discovery,江西 永修县 公安局 公安分局 政府信息公开 官方网站,https://www.mca.gov.cn/mzsj/xzqh/2025/202401xzqh.html,行政区划覆盖任务，不是已确认公安机构；区划变更及一对多机构关系须核实
police-360426,江西,360426,德安县,county,police,pending_discovery,江西 德安县 公安局 公安分局 政府信息公开 官方网站,https://www.mca.gov.cn/mzsj/xzqh/2025/202401xzqh.html,行政区划覆盖任务，不是已确认公安机构；区划变更及一对多机构关系须核实
police-360428,江西,360428,都昌县,county,police,pending_discovery,江西 都昌县 公安局 公安分局 政府信息公开 官方网站,https://www.mca.gov.cn/mzsj/xzqh/2025/202401xzqh.html,行政区划覆盖任务，不是已确认公安机构；区划变更及一对多机构关系须核实
police-360429,江西,360429,湖口县,county,police,pending_discovery,江西 湖口县 公安局 公安分局 政府信息公开 官方网站,https://www.mca.gov.cn/mzsj/xzqh/2025/202401xzqh.html,行政区划覆盖任务，不是已确认公安机构；区划变更及一对多机构关系须核实
police-360430,江西,360430,彭泽县,county,police,pending_discovery,江西 彭泽县 公安局 公安分局 政府信息公开 官方网站,https://www.mca.gov.cn/mzsj/xzqh/2025/202401xzqh.html,行政区划覆盖任务，不是已确认公安机构；区划变更及一对多机构关系须核实
police-360481,江西,360481,瑞昌市,county,police,pending_discovery,江西 瑞昌市 公安局 公安分局 政府信息公开 官方网站,https://www.mca.gov.cn/mzsj/xzqh/2025/202401xzqh.html,行政区划覆盖任务，不是已确认公安机构；区划变更及一对多机构关系须核实
police-360482,江西,360482,共青城市,county,police,pending_discovery,江西 共青城市 公安局 公安分局 政府信息公开 官方网站,https://www.mca.gov.cn/mzsj/xzqh/2025/202401xzqh.html,行政区划覆盖任务，不是已确认公安机构；区划变更及一对多机构关系须核实
police-360483,江西,360483,庐山市,county,police,pending_discovery,江西 庐山市 公安局 公安分局 政府信息公开 官方网站,https://www.mca.gov.cn/mzsj/xzqh/2025/202401xzqh.html,行政区划覆盖任务，不是已确认公安机构；区划变更及一对多机构关系须核实
police-360500,江西,360500,新余市,prefecture,police,pending_discovery,江西 新余市 公安局 公安分局 政府信息公开 官方网站,https://www.mca.gov.cn/mzsj/xzqh/2025/202401xzqh.html,行政区划覆盖任务，不是已确认公安机构；区划变更及一对多机构关系须核实
police-360502,江西,360502,渝水区,county,police,pending_discovery,江西 渝水区 公安局 公安分局 政府信息公开 官方网站,https://www.mca.gov.cn/mzsj/xzqh/2025/202401xzqh.html,行政区划覆盖任务，不是已确认公安机构；区划变更及一对多机构关系须核实
police-360521,江西,360521,分宜县,county,police,pending_discovery,江西 分宜县 公安局 公安分局 政府信息公开 官方网站,https://www.mca.gov.cn/mzsj/xzqh/2025/202401xzqh.html,行政区划覆盖任务，不是已确认公安机构；区划变更及一对多机构关系须核实
police-360600,江西,360600,鹰潭市,prefecture,police,pending_discovery,江西 鹰潭市 公安局 公安分局 政府信息公开 官方网站,https://www.mca.gov.cn/mzsj/xzqh/2025/202401xzqh.html,行政区划覆盖任务，不是已确认公安机构；区划变更及一对多机构关系须核实
police-360602,江西,360602,月湖区,county,police,pending_discovery,江西 月湖区 公安局 公安分局 政府信息公开 官方网站,https://www.mca.gov.cn/mzsj/xzqh/2025/202401xzqh.html,行政区划覆盖任务，不是已确认公安机构；区划变更及一对多机构关系须核实
police-360603,江西,360603,余江区,county,police,pending_discovery,江西 余江区 公安局 公安分局 政府信息公开 官方网站,https://www.mca.gov.cn/mzsj/xzqh/2025/202401xzqh.html,行政区划覆盖任务，不是已确认公安机构；区划变更及一对多机构关系须核实
police-360681,江西,360681,贵溪市,county,police,pending_discovery,江西 贵溪市 公安局 公安分局 政府信息公开 官方网站,https://www.mca.gov.cn/mzsj/xzqh/2025/202401xzqh.html,行政区划覆盖任务，不是已确认公安机构；区划变更及一对多机构关系须核实
police-360700,江西,360700,赣州市,prefecture,police,pending_discovery,江西 赣州市 公安局 公安分局 政府信息公开 官方网站,https://www.mca.gov.cn/mzsj/xzqh/2025/202401xzqh.html,行政区划覆盖任务，不是已确认公安机构；区划变更及一对多机构关系须核实
police-360702,江西,360702,章贡区,county,police,pending_discovery,江西 章贡区 公安局 公安分局 政府信息公开 官方网站,https://www.mca.gov.cn/mzsj/xzqh/2025/202401xzqh.html,行政区划覆盖任务，不是已确认公安机构；区划变更及一对多机构关系须核实
police-360703,江西,360703,南康区,county,police,pending_discovery,江西 南康区 公安局 公安分局 政府信息公开 官方网站,https://www.mca.gov.cn/mzsj/xzqh/2025/202401xzqh.html,行政区划覆盖任务，不是已确认公安机构；区划变更及一对多机构关系须核实
police-360704,江西,360704,赣县区,county,police,pending_discovery,江西 赣县区 公安局 公安分局 政府信息公开 官方网站,https://www.mca.gov.cn/mzsj/xzqh/2025/202401xzqh.html,行政区划覆盖任务，不是已确认公安机构；区划变更及一对多机构关系须核实
police-360722,江西,360722,信丰县,county,police,pending_discovery,江西 信丰县 公安局 公安分局 政府信息公开 官方网站,https://www.mca.gov.cn/mzsj/xzqh/2025/202401xzqh.html,行政区划覆盖任务，不是已确认公安机构；区划变更及一对多机构关系须核实
police-360723,江西,360723,大余县,county,police,pending_discovery,江西 大余县 公安局 公安分局 政府信息公开 官方网站,https://www.mca.gov.cn/mzsj/xzqh/2025/202401xzqh.html,行政区划覆盖任务，不是已确认公安机构；区划变更及一对多机构关系须核实
police-360724,江西,360724,上犹县,county,police,pending_discovery,江西 上犹县 公安局 公安分局 政府信息公开 官方网站,https://www.mca.gov.cn/mzsj/xzqh/2025/202401xzqh.html,行政区划覆盖任务，不是已确认公安机构；区划变更及一对多机构关系须核实
police-360725,江西,360725,崇义县,county,police,pending_discovery,江西 崇义县 公安局 公安分局 政府信息公开 官方网站,https://www.mca.gov.cn/mzsj/xzqh/2025/202401xzqh.html,行政区划覆盖任务，不是已确认公安机构；区划变更及一对多机构关系须核实
police-360726,江西,360726,安远县,county,police,pending_discovery,江西 安远县 公安局 公安分局 政府信息公开 官方网站,https://www.mca.gov.cn/mzsj/xzqh/2025/202401xzqh.html,行政区划覆盖任务，不是已确认公安机构；区划变更及一对多机构关系须核实
police-360728,江西,360728,定南县,county,police,pending_discovery,江西 定南县 公安局 公安分局 政府信息公开 官方网站,https://www.mca.gov.cn/mzsj/xzqh/2025/202401xzqh.html,行政区划覆盖任务，不是已确认公安机构；区划变更及一对多机构关系须核实
police-360729,江西,360729,全南县,county,police,pending_discovery,江西 全南县 公安局 公安分局 政府信息公开 官方网站,https://www.mca.gov.cn/mzsj/xzqh/2025/202401xzqh.html,行政区划覆盖任务，不是已确认公安机构；区划变更及一对多机构关系须核实
police-360730,江西,360730,宁都县,county,police,pending_discovery,江西 宁都县 公安局 公安分局 政府信息公开 官方网站,https://www.mca.gov.cn/mzsj/xzqh/2025/202401xzqh.html,行政区划覆盖任务，不是已确认公安机构；区划变更及一对多机构关系须核实
police-360731,江西,360731,于都县,county,police,pending_discovery,江西 于都县 公安局 公安分局 政府信息公开 官方网站,https://www.mca.gov.cn/mzsj/xzqh/2025/202401xzqh.html,行政区划覆盖任务，不是已确认公安机构；区划变更及一对多机构关系须核实
police-360732,江西,360732,兴国县,county,police,pending_discovery,江西 兴国县 公安局 公安分局 政府信息公开 官方网站,https://www.mca.gov.cn/mzsj/xzqh/2025/202401xzqh.html,行政区划覆盖任务，不是已确认公安机构；区划变更及一对多机构关系须核实
police-360733,江西,360733,会昌县,county,police,pending_discovery,江西 会昌县 公安局 公安分局 政府信息公开 官方网站,https://www.mca.gov.cn/mzsj/xzqh/2025/202401xzqh.html,行政区划覆盖任务，不是已确认公安机构；区划变更及一对多机构关系须核实
police-360734,江西,360734,寻乌县,county,police,pending_discovery,江西 寻乌县 公安局 公安分局 政府信息公开 官方网站,https://www.mca.gov.cn/mzsj/xzqh/2025/202401xzqh.html,行政区划覆盖任务，不是已确认公安机构；区划变更及一对多机构关系须核实
police-360735,江西,360735,石城县,county,police,pending_discovery,江西 石城县 公安局 公安分局 政府信息公开 官方网站,https://www.mca.gov.cn/mzsj/xzqh/2025/202401xzqh.html,行政区划覆盖任务，不是已确认公安机构；区划变更及一对多机构关系须核实
police-360781,江西,360781,瑞金市,county,police,pending_discovery,江西 瑞金市 公安局 公安分局 政府信息公开 官方网站,https://www.mca.gov.cn/mzsj/xzqh/2025/202401xzqh.html,行政区划覆盖任务，不是已确认公安机构；区划变更及一对多机构关系须核实
police-360783,江西,360783,龙南市,county,police,pending_discovery,江西 龙南市 公安局 公安分局 政府信息公开 官方网站,https://www.mca.gov.cn/mzsj/xzqh/2025/202401xzqh.html,行政区划覆盖任务，不是已确认公安机构；区划变更及一对多机构关系须核实
police-360800,江西,360800,吉安市,prefecture,police,pending_discovery,江西 吉安市 公安局 公安分局 政府信息公开 官方网站,https://www.mca.gov.cn/mzsj/xzqh/2025/202401xzqh.html,行政区划覆盖任务，不是已确认公安机构；区划变更及一对多机构关系须核实
police-360802,江西,360802,吉州区,county,police,pending_discovery,江西 吉州区 公安局 公安分局 政府信息公开 官方网站,https://www.mca.gov.cn/mzsj/xzqh/2025/202401xzqh.html,行政区划覆盖任务，不是已确认公安机构；区划变更及一对多机构关系须核实
police-360803,江西,360803,青原区,county,police,pending_discovery,江西 青原区 公安局 公安分局 政府信息公开 官方网站,https://www.mca.gov.cn/mzsj/xzqh/2025/202401xzqh.html,行政区划覆盖任务，不是已确认公安机构；区划变更及一对多机构关系须核实
police-360821,江西,360821,吉安县,county,police,pending_discovery,江西 吉安县 公安局 公安分局 政府信息公开 官方网站,https://www.mca.gov.cn/mzsj/xzqh/2025/202401xzqh.html,行政区划覆盖任务，不是已确认公安机构；区划变更及一对多机构关系须核实
police-360822,江西,360822,吉水县,county,police,pending_discovery,江西 吉水县 公安局 公安分局 政府信息公开 官方网站,https://www.mca.gov.cn/mzsj/xzqh/2025/202401xzqh.html,行政区划覆盖任务，不是已确认公安机构；区划变更及一对多机构关系须核实
police-360823,江西,360823,峡江县,county,police,pending_discovery,江西 峡江县 公安局 公安分局 政府信息公开 官方网站,https://www.mca.gov.cn/mzsj/xzqh/2025/202401xzqh.html,行政区划覆盖任务，不是已确认公安机构；区划变更及一对多机构关系须核实
police-360824,江西,360824,新干县,county,police,pending_discovery,江西 新干县 公安局 公安分局 政府信息公开 官方网站,https://www.mca.gov.cn/mzsj/xzqh/2025/202401xzqh.html,行政区划覆盖任务，不是已确认公安机构；区划变更及一对多机构关系须核实
police-360825,江西,360825,永丰县,county,police,pending_discovery,江西 永丰县 公安局 公安分局 政府信息公开 官方网站,https://www.mca.gov.cn/mzsj/xzqh/2025/202401xzqh.html,行政区划覆盖任务，不是已确认公安机构；区划变更及一对多机构关系须核实
police-360826,江西,360826,泰和县,county,police,pending_discovery,江西 泰和县 公安局 公安分局 政府信息公开 官方网站,https://www.mca.gov.cn/mzsj/xzqh/2025/202401xzqh.html,行政区划覆盖任务，不是已确认公安机构；区划变更及一对多机构关系须核实
police-360827,江西,360827,遂川县,county,police,pending_discovery,江西 遂川县 公安局 公安分局 政府信息公开 官方网站,https://www.mca.gov.cn/mzsj/xzqh/2025/202401xzqh.html,行政区划覆盖任务，不是已确认公安机构；区划变更及一对多机构关系须核实
police-360828,江西,360828,万安县,county,police,pending_discovery,江西 万安县 公安局 公安分局 政府信息公开 官方网站,https://www.mca.gov.cn/mzsj/xzqh/2025/202401xzqh.html,行政区划覆盖任务，不是已确认公安机构；区划变更及一对多机构关系须核实
police-360829,江西,360829,安福县,county,police,pending_discovery,江西 安福县 公安局 公安分局 政府信息公开 官方网站,https://www.mca.gov.cn/mzsj/xzqh/2025/202401xzqh.html,行政区划覆盖任务，不是已确认公安机构；区划变更及一对多机构关系须核实
police-360830,江西,360830,永新县,county,police,pending_discovery,江西 永新县 公安局 公安分局 政府信息公开 官方网站,https://www.mca.gov.cn/mzsj/xzqh/2025/202401xzqh.html,行政区划覆盖任务，不是已确认公安机构；区划变更及一对多机构关系须核实
police-360881,江西,360881,井冈山市,county,police,pending_discovery,江西 井冈山市 公安局 公安分局 政府信息公开 官方网站,https://www.mca.gov.cn/mzsj/xzqh/2025/202401xzqh.html,行政区划覆盖任务，不是已确认公安机构；区划变更及一对多机构关系须核实
police-360900,江西,360900,宜春市,prefecture,police,pending_discovery,江西 宜春市 公安局 公安分局 政府信息公开 官方网站,https://www.mca.gov.cn/mzsj/xzqh/2025/202401xzqh.html,行政区划覆盖任务，不是已确认公安机构；区划变更及一对多机构关系须核实
police-360902,江西,360902,袁州区,county,police,pending_discovery,江西 袁州区 公安局 公安分局 政府信息公开 官方网站,https://www.mca.gov.cn/mzsj/xzqh/2025/202401xzqh.html,行政区划覆盖任务，不是已确认公安机构；区划变更及一对多机构关系须核实
police-360921,江西,360921,奉新县,county,police,pending_discovery,江西 奉新县 公安局 公安分局 政府信息公开 官方网站,https://www.mca.gov.cn/mzsj/xzqh/2025/202401xzqh.html,行政区划覆盖任务，不是已确认公安机构；区划变更及一对多机构关系须核实
police-360922,江西,360922,万载县,county,police,pending_discovery,江西 万载县 公安局 公安分局 政府信息公开 官方网站,https://www.mca.gov.cn/mzsj/xzqh/2025/202401xzqh.html,行政区划覆盖任务，不是已确认公安机构；区划变更及一对多机构关系须核实
police-360923,江西,360923,上高县,county,police,pending_discovery,江西 上高县 公安局 公安分局 政府信息公开 官方网站,https://www.mca.gov.cn/mzsj/xzqh/2025/202401xzqh.html,行政区划覆盖任务，不是已确认公安机构；区划变更及一对多机构关系须核实
police-360924,江西,360924,宜丰县,county,police,pending_discovery,江西 宜丰县 公安局 公安分局 政府信息公开 官方网站,https://www.mca.gov.cn/mzsj/xzqh/2025/202401xzqh.html,行政区划覆盖任务，不是已确认公安机构；区划变更及一对多机构关系须核实
police-360925,江西,360925,靖安县,county,police,pending_discovery,江西 靖安县 公安局 公安分局 政府信息公开 官方网站,https://www.mca.gov.cn/mzsj/xzqh/2025/202401xzqh.html,行政区划覆盖任务，不是已确认公安机构；区划变更及一对多机构关系须核实
police-360926,江西,360926,铜鼓县,county,police,pending_discovery,江西 铜鼓县 公安局 公安分局 政府信息公开 官方网站,https://www.mca.gov.cn/mzsj/xzqh/2025/202401xzqh.html,行政区划覆盖任务，不是已确认公安机构；区划变更及一对多机构关系须核实
police-360981,江西,360981,丰城市,county,police,pending_discovery,江西 丰城市 公安局 公安分局 政府信息公开 官方网站,https://www.mca.gov.cn/mzsj/xzqh/2025/202401xzqh.html,行政区划覆盖任务，不是已确认公安机构；区划变更及一对多机构关系须核实
police-360982,江西,360982,樟树市,county,police,pending_discovery,江西 樟树市 公安局 公安分局 政府信息公开 官方网站,https://www.mca.gov.cn/mzsj/xzqh/2025/202401xzqh.html,行政区划覆盖任务，不是已确认公安机构；区划变更及一对多机构关系须核实
police-360983,江西,360983,高安市,county,police,pending_discovery,江西 高安市 公安局 公安分局 政府信息公开 官方网站,https://www.mca.gov.cn/mzsj/xzqh/2025/202401xzqh.html,行政区划覆盖任务，不是已确认公安机构；区划变更及一对多机构关系须核实
police-361000,江西,361000,抚州市,prefecture,police,pending_discovery,江西 抚州市 公安局 公安分局 政府信息公开 官方网站,https://www.mca.gov.cn/mzsj/xzqh/2025/202401xzqh.html,行政区划覆盖任务，不是已确认公安机构；区划变更及一对多机构关系须核实
police-361002,江西,361002,临川区,county,police,pending_discovery,江西 临川区 公安局 公安分局 政府信息公开 官方网站,https://www.mca.gov.cn/mzsj/xzqh/2025/202401xzqh.html,行政区划覆盖任务，不是已确认公安机构；区划变更及一对多机构关系须核实
police-361003,江西,361003,东乡区,county,police,pending_discovery,江西 东乡区 公安局 公安分局 政府信息公开 官方网站,https://www.mca.gov.cn/mzsj/xzqh/2025/202401xzqh.html,行政区划覆盖任务，不是已确认公安机构；区划变更及一对多机构关系须核实
police-361021,江西,361021,南城县,county,police,pending_discovery,江西 南城县 公安局 公安分局 政府信息公开 官方网站,https://www.mca.gov.cn/mzsj/xzqh/2025/202401xzqh.html,行政区划覆盖任务，不是已确认公安机构；区划变更及一对多机构关系须核实
police-361022,江西,361022,黎川县,county,police,pending_discovery,江西 黎川县 公安局 公安分局 政府信息公开 官方网站,https://www.mca.gov.cn/mzsj/xzqh/2025/202401xzqh.html,行政区划覆盖任务，不是已确认公安机构；区划变更及一对多机构关系须核实
police-361023,江西,361023,南丰县,county,police,pending_discovery,江西 南丰县 公安局 公安分局 政府信息公开 官方网站,https://www.mca.gov.cn/mzsj/xzqh/2025/202401xzqh.html,行政区划覆盖任务，不是已确认公安机构；区划变更及一对多机构关系须核实
police-361024,江西,361024,崇仁县,county,police,pending_discovery,江西 崇仁县 公安局 公安分局 政府信息公开 官方网站,https://www.mca.gov.cn/mzsj/xzqh/2025/202401xzqh.html,行政区划覆盖任务，不是已确认公安机构；区划变更及一对多机构关系须核实
police-361025,江西,361025,乐安县,county,police,pending_discovery,江西 乐安县 公安局 公安分局 政府信息公开 官方网站,https://www.mca.gov.cn/mzsj/xzqh/2025/202401xzqh.html,行政区划覆盖任务，不是已确认公安机构；区划变更及一对多机构关系须核实
police-361026,江西,361026,宜黄县,county,police,pending_discovery,江西 宜黄县 公安局 公安分局 政府信息公开 官方网站,https://www.mca.gov.cn/mzsj/xzqh/2025/202401xzqh.html,行政区划覆盖任务，不是已确认公安机构；区划变更及一对多机构关系须核实
police-361027,江西,361027,金溪县,county,police,pending_discovery,江西 金溪县 公安局 公安分局 政府信息公开 官方网站,https://www.mca.gov.cn/mzsj/xzqh/2025/202401xzqh.html,行政区划覆盖任务，不是已确认公安机构；区划变更及一对多机构关系须核实
police-361028,江西,361028,资溪县,county,police,pending_discovery,江西 资溪县 公安局 公安分局 政府信息公开 官方网站,https://www.mca.gov.cn/mzsj/xzqh/2025/202401xzqh.html,行政区划覆盖任务，不是已确认公安机构；区划变更及一对多机构关系须核实
police-361030,江西,361030,广昌县,county,police,pending_discovery,江西 广昌县 公安局 公安分局 政府信息公开 官方网站,https://www.mca.gov.cn/mzsj/xzqh/2025/202401xzqh.html,行政区划覆盖任务，不是已确认公安机构；区划变更及一对多机构关系须核实
police-361100,江西,361100,上饶市,prefecture,police,pending_discovery,江西 上饶市 公安局 公安分局 政府信息公开 官方网站,https://www.mca.gov.cn/mzsj/xzqh/2025/202401xzqh.html,行政区划覆盖任务，不是已确认公安机构；区划变更及一对多机构关系须核实
police-361102,江西,361102,信州区,county,police,pending_discovery,江西 信州区 公安局 公安分局 政府信息公开 官方网站,https://www.mca.gov.cn/mzsj/xzqh/2025/202401xzqh.html,行政区划覆盖任务，不是已确认公安机构；区划变更及一对多机构关系须核实
police-361103,江西,361103,广丰区,county,police,pending_discovery,江西 广丰区 公安局 公安分局 政府信息公开 官方网站,https://www.mca.gov.cn/mzsj/xzqh/2025/202401xzqh.html,行政区划覆盖任务，不是已确认公安机构；区划变更及一对多机构关系须核实
police-361104,江西,361104,广信区,county,police,pending_discovery,江西 广信区 公安局 公安分局 政府信息公开 官方网站,https://www.mca.gov.cn/mzsj/xzqh/2025/202401xzqh.html,行政区划覆盖任务，不是已确认公安机构；区划变更及一对多机构关系须核实
police-361123,江西,361123,玉山县,county,police,pending_discovery,江西 玉山县 公安局 公安分局 政府信息公开 官方网站,https://www.mca.gov.cn/mzsj/xzqh/2025/202401xzqh.html,行政区划覆盖任务，不是已确认公安机构；区划变更及一对多机构关系须核实
police-361124,江西,361124,铅山县,county,police,pending_discovery,江西 铅山县 公安局 公安分局 政府信息公开 官方网站,https://www.mca.gov.cn/mzsj/xzqh/2025/202401xzqh.html,行政区划覆盖任务，不是已确认公安机构；区划变更及一对多机构关系须核实
police-361125,江西,361125,横峰县,county,police,pending_discovery,江西 横峰县 公安局 公安分局 政府信息公开 官方网站,https://www.mca.gov.cn/mzsj/xzqh/2025/202401xzqh.html,行政区划覆盖任务，不是已确认公安机构；区划变更及一对多机构关系须核实
police-361126,江西,361126,弋阳县,county,police,pending_discovery,江西 弋阳县 公安局 公安分局 政府信息公开 官方网站,https://www.mca.gov.cn/mzsj/xzqh/2025/202401xzqh.html,行政区划覆盖任务，不是已确认公安机构；区划变更及一对多机构关系须核实
police-361127,江西,361127,余干县,county,police,pending_discovery,江西 余干县 公安局 公安分局 政府信息公开 官方网站,https://www.mca.gov.cn/mzsj/xzqh/2025/202401xzqh.html,行政区划覆盖任务，不是已确认公安机构；区划变更及一对多机构关系须核实
police-361128,江西,361128,鄱阳县,county,police,pending_discovery,江西 鄱阳县 公安局 公安分局 政府信息公开 官方网站,https://www.mca.gov.cn/mzsj/xzqh/2025/202401xzqh.html,行政区划覆盖任务，不是已确认公安机构；区划变更及一对多机构关系须核实
police-361129,江西,361129,万年县,county,police,pending_discovery,江西 万年县 公安局 公安分局 政府信息公开 官方网站,https://www.mca.gov.cn/mzsj/xzqh/2025/202401xzqh.html,行政区划覆盖任务，不是已确认公安机构；区划变更及一对多机构关系须核实
police-361130,江西,361130,婺源县,county,police,pending_discovery,江西 婺源县 公安局 公安分局 政府信息公开 官方网站,https://www.mca.gov.cn/mzsj/xzqh/2025/202401xzqh.html,行政区划覆盖任务，不是已确认公安机构；区划变更及一对多机构关系须核实
police-361181,江西,361181,德兴市,county,police,pending_discovery,江西 德兴市 公安局 公安分局 政府信息公开 官方网站,https://www.mca.gov.cn/mzsj/xzqh/2025/202401xzqh.html,行政区划覆盖任务，不是已确认公安机构；区划变更及一对多机构关系须核实
police-370000,山东,370000,山东省,province,police,pending_discovery,山东 山东省 公安局 公安分局 政府信息公开 官方网站,https://www.mca.gov.cn/mzsj/xzqh/2025/202401xzqh.html,行政区划覆盖任务，不是已确认公安机构；区划变更及一对多机构关系须核实
police-370100,山东,370100,济南市,prefecture,police,pending_discovery,山东 济南市 公安局 公安分局 政府信息公开 官方网站,https://www.mca.gov.cn/mzsj/xzqh/2025/202401xzqh.html,行政区划覆盖任务，不是已确认公安机构；区划变更及一对多机构关系须核实
police-370102,山东,370102,历下区,county,police,pending_discovery,山东 历下区 公安局 公安分局 政府信息公开 官方网站,https://www.mca.gov.cn/mzsj/xzqh/2025/202401xzqh.html,行政区划覆盖任务，不是已确认公安机构；区划变更及一对多机构关系须核实
police-370103,山东,370103,市中区,county,police,pending_discovery,山东 市中区 公安局 公安分局 政府信息公开 官方网站,https://www.mca.gov.cn/mzsj/xzqh/2025/202401xzqh.html,行政区划覆盖任务，不是已确认公安机构；区划变更及一对多机构关系须核实
police-370104,山东,370104,槐荫区,county,police,pending_discovery,山东 槐荫区 公安局 公安分局 政府信息公开 官方网站,https://www.mca.gov.cn/mzsj/xzqh/2025/202401xzqh.html,行政区划覆盖任务，不是已确认公安机构；区划变更及一对多机构关系须核实
police-370105,山东,370105,天桥区,county,police,pending_discovery,山东 天桥区 公安局 公安分局 政府信息公开 官方网站,https://www.mca.gov.cn/mzsj/xzqh/2025/202401xzqh.html,行政区划覆盖任务，不是已确认公安机构；区划变更及一对多机构关系须核实
police-370112,山东,370112,历城区,county,police,pending_discovery,山东 历城区 公安局 公安分局 政府信息公开 官方网站,https://www.mca.gov.cn/mzsj/xzqh/2025/202401xzqh.html,行政区划覆盖任务，不是已确认公安机构；区划变更及一对多机构关系须核实
police-370113,山东,370113,长清区,county,police,pending_discovery,山东 长清区 公安局 公安分局 政府信息公开 官方网站,https://www.mca.gov.cn/mzsj/xzqh/2025/202401xzqh.html,行政区划覆盖任务，不是已确认公安机构；区划变更及一对多机构关系须核实
police-370114,山东,370114,章丘区,county,police,pending_discovery,山东 章丘区 公安局 公安分局 政府信息公开 官方网站,https://www.mca.gov.cn/mzsj/xzqh/2025/202401xzqh.html,行政区划覆盖任务，不是已确认公安机构；区划变更及一对多机构关系须核实
police-370115,山东,370115,济阳区,county,police,pending_discovery,山东 济阳区 公安局 公安分局 政府信息公开 官方网站,https://www.mca.gov.cn/mzsj/xzqh/2025/202401xzqh.html,行政区划覆盖任务，不是已确认公安机构；区划变更及一对多机构关系须核实
police-370116,山东,370116,莱芜区,county,police,pending_discovery,山东 莱芜区 公安局 公安分局 政府信息公开 官方网站,https://www.mca.gov.cn/mzsj/xzqh/2025/202401xzqh.html,行政区划覆盖任务，不是已确认公安机构；区划变更及一对多机构关系须核实
police-370117,山东,370117,钢城区,county,police,pending_discovery,山东 钢城区 公安局 公安分局 政府信息公开 官方网站,https://www.mca.gov.cn/mzsj/xzqh/2025/202401xzqh.html,行政区划覆盖任务，不是已确认公安机构；区划变更及一对多机构关系须核实
police-370124,山东,370124,平阴县,county,police,pending_discovery,山东 平阴县 公安局 公安分局 政府信息公开 官方网站,https://www.mca.gov.cn/mzsj/xzqh/2025/202401xzqh.html,行政区划覆盖任务，不是已确认公安机构；区划变更及一对多机构关系须核实
police-370126,山东,370126,商河县,county,police,pending_discovery,山东 商河县 公安局 公安分局 政府信息公开 官方网站,https://www.mca.gov.cn/mzsj/xzqh/2025/202401xzqh.html,行政区划覆盖任务，不是已确认公安机构；区划变更及一对多机构关系须核实
police-370200,山东,370200,青岛市,prefecture,police,pending_discovery,山东 青岛市 公安局 公安分局 政府信息公开 官方网站,https://www.mca.gov.cn/mzsj/xzqh/2025/202401xzqh.html,行政区划覆盖任务，不是已确认公安机构；区划变更及一对多机构关系须核实
police-370202,山东,370202,市南区,county,police,pending_discovery,山东 市南区 公安局 公安分局 政府信息公开 官方网站,https://www.mca.gov.cn/mzsj/xzqh/2025/202401xzqh.html,行政区划覆盖任务，不是已确认公安机构；区划变更及一对多机构关系须核实
police-370203,山东,370203,市北区,county,police,pending_discovery,山东 市北区 公安局 公安分局 政府信息公开 官方网站,https://www.mca.gov.cn/mzsj/xzqh/2025/202401xzqh.html,行政区划覆盖任务，不是已确认公安机构；区划变更及一对多机构关系须核实
police-370211,山东,370211,黄岛区,county,police,pending_discovery,山东 黄岛区 公安局 公安分局 政府信息公开 官方网站,https://www.mca.gov.cn/mzsj/xzqh/2025/202401xzqh.html,行政区划覆盖任务，不是已确认公安机构；区划变更及一对多机构关系须核实
police-370212,山东,370212,崂山区,county,police,pending_discovery,山东 崂山区 公安局 公安分局 政府信息公开 官方网站,https://www.mca.gov.cn/mzsj/xzqh/2025/202401xzqh.html,行政区划覆盖任务，不是已确认公安机构；区划变更及一对多机构关系须核实
police-370213,山东,370213,李沧区,county,police,pending_discovery,山东 李沧区 公安局 公安分局 政府信息公开 官方网站,https://www.mca.gov.cn/mzsj/xzqh/2025/202401xzqh.html,行政区划覆盖任务，不是已确认公安机构；区划变更及一对多机构关系须核实
police-370214,山东,370214,城阳区,county,police,pending_discovery,山东 城阳区 公安局 公安分局 政府信息公开 官方网站,https://www.mca.gov.cn/mzsj/xzqh/2025/202401xzqh.html,行政区划覆盖任务，不是已确认公安机构；区划变更及一对多机构关系须核实
police-370215,山东,370215,即墨区,county,police,pending_discovery,山东 即墨区 公安局 公安分局 政府信息公开 官方网站,https://www.mca.gov.cn/mzsj/xzqh/2025/202401xzqh.html,行政区划覆盖任务，不是已确认公安机构；区划变更及一对多机构关系须核实
police-370281,山东,370281,胶州市,county,police,pending_discovery,山东 胶州市 公安局 公安分局 政府信息公开 官方网站,https://www.mca.gov.cn/mzsj/xzqh/2025/202401xzqh.html,行政区划覆盖任务，不是已确认公安机构；区划变更及一对多机构关系须核实
police-370283,山东,370283,平度市,county,police,pending_discovery,山东 平度市 公安局 公安分局 政府信息公开 官方网站,https://www.mca.gov.cn/mzsj/xzqh/2025/202401xzqh.html,行政区划覆盖任务，不是已确认公安机构；区划变更及一对多机构关系须核实
police-370285,山东,370285,莱西市,county,police,pending_discovery,山东 莱西市 公安局 公安分局 政府信息公开 官方网站,https://www.mca.gov.cn/mzsj/xzqh/2025/202401xzqh.html,行政区划覆盖任务，不是已确认公安机构；区划变更及一对多机构关系须核实
police-370300,山东,370300,淄博市,prefecture,police,pending_discovery,山东 淄博市 公安局 公安分局 政府信息公开 官方网站,https://www.mca.gov.cn/mzsj/xzqh/2025/202401xzqh.html,行政区划覆盖任务，不是已确认公安机构；区划变更及一对多机构关系须核实
police-370302,山东,370302,淄川区,county,police,pending_discovery,山东 淄川区 公安局 公安分局 政府信息公开 官方网站,https://www.mca.gov.cn/mzsj/xzqh/2025/202401xzqh.html,行政区划覆盖任务，不是已确认公安机构；区划变更及一对多机构关系须核实
police-370303,山东,370303,张店区,county,police,pending_discovery,山东 张店区 公安局 公安分局 政府信息公开 官方网站,https://www.mca.gov.cn/mzsj/xzqh/2025/202401xzqh.html,行政区划覆盖任务，不是已确认公安机构；区划变更及一对多机构关系须核实
police-370304,山东,370304,博山区,county,police,pending_discovery,山东 博山区 公安局 公安分局 政府信息公开 官方网站,https://www.mca.gov.cn/mzsj/xzqh/2025/202401xzqh.html,行政区划覆盖任务，不是已确认公安机构；区划变更及一对多机构关系须核实
police-370305,山东,370305,临淄区,county,police,pending_discovery,山东 临淄区 公安局 公安分局 政府信息公开 官方网站,https://www.mca.gov.cn/mzsj/xzqh/2025/202401xzqh.html,行政区划覆盖任务，不是已确认公安机构；区划变更及一对多机构关系须核实
police-370306,山东,370306,周村区,county,police,pending_discovery,山东 周村区 公安局 公安分局 政府信息公开 官方网站,https://www.mca.gov.cn/mzsj/xzqh/2025/202401xzqh.html,行政区划覆盖任务，不是已确认公安机构；区划变更及一对多机构关系须核实
police-370321,山东,370321,桓台县,county,police,pending_discovery,山东 桓台县 公安局 公安分局 政府信息公开 官方网站,https://www.mca.gov.cn/mzsj/xzqh/2025/202401xzqh.html,行政区划覆盖任务，不是已确认公安机构；区划变更及一对多机构关系须核实
police-370322,山东,370322,高青县,county,police,pending_discovery,山东 高青县 公安局 公安分局 政府信息公开 官方网站,https://www.mca.gov.cn/mzsj/xzqh/2025/202401xzqh.html,行政区划覆盖任务，不是已确认公安机构；区划变更及一对多机构关系须核实
police-370323,山东,370323,沂源县,county,police,pending_discovery,山东 沂源县 公安局 公安分局 政府信息公开 官方网站,https://www.mca.gov.cn/mzsj/xzqh/2025/202401xzqh.html,行政区划覆盖任务，不是已确认公安机构；区划变更及一对多机构关系须核实
police-370400,山东,370400,枣庄市,prefecture,police,pending_discovery,山东 枣庄市 公安局 公安分局 政府信息公开 官方网站,https://www.mca.gov.cn/mzsj/xzqh/2025/202401xzqh.html,行政区划覆盖任务，不是已确认公安机构；区划变更及一对多机构关系须核实
police-370402,山东,370402,市中区,county,police,pending_discovery,山东 市中区 公安局 公安分局 政府信息公开 官方网站,https://www.mca.gov.cn/mzsj/xzqh/2025/202401xzqh.html,行政区划覆盖任务，不是已确认公安机构；区划变更及一对多机构关系须核实
police-370403,山东,370403,薛城区,county,police,pending_discovery,山东 薛城区 公安局 公安分局 政府信息公开 官方网站,https://www.mca.gov.cn/mzsj/xzqh/2025/202401xzqh.html,行政区划覆盖任务，不是已确认公安机构；区划变更及一对多机构关系须核实
police-370404,山东,370404,峄城区,county,police,pending_discovery,山东 峄城区 公安局 公安分局 政府信息公开 官方网站,https://www.mca.gov.cn/mzsj/xzqh/2025/202401xzqh.html,行政区划覆盖任务，不是已确认公安机构；区划变更及一对多机构关系须核实
police-370405,山东,370405,台儿庄区,county,police,pending_discovery,山东 台儿庄区 公安局 公安分局 政府信息公开 官方网站,https://www.mca.gov.cn/mzsj/xzqh/2025/202401xzqh.html,行政区划覆盖任务，不是已确认公安机构；区划变更及一对多机构关系须核实
police-370406,山东,370406,山亭区,county,police,pending_discovery,山东 山亭区 公安局 公安分局 政府信息公开 官方网站,https://www.mca.gov.cn/mzsj/xzqh/2025/202401xzqh.html,行政区划覆盖任务，不是已确认公安机构；区划变更及一对多机构关系须核实
police-370481,山东,370481,滕州市,county,police,pending_discovery,山东 滕州市 公安局 公安分局 政府信息公开 官方网站,https://www.mca.gov.cn/mzsj/xzqh/2025/202401xzqh.html,行政区划覆盖任务，不是已确认公安机构；区划变更及一对多机构关系须核实
police-370500,山东,370500,东营市,prefecture,police,pending_discovery,山东 东营市 公安局 公安分局 政府信息公开 官方网站,https://www.mca.gov.cn/mzsj/xzqh/2025/202401xzqh.html,行政区划覆盖任务，不是已确认公安机构；区划变更及一对多机构关系须核实
police-370502,山东,370502,东营区,county,police,pending_discovery,山东 东营区 公安局 公安分局 政府信息公开 官方网站,https://www.mca.gov.cn/mzsj/xzqh/2025/202401xzqh.html,行政区划覆盖任务，不是已确认公安机构；区划变更及一对多机构关系须核实
police-370503,山东,370503,河口区,county,police,pending_discovery,山东 河口区 公安局 公安分局 政府信息公开 官方网站,https://www.mca.gov.cn/mzsj/xzqh/2025/202401xzqh.html,行政区划覆盖任务，不是已确认公安机构；区划变更及一对多机构关系须核实
police-370505,山东,370505,垦利区,county,police,pending_discovery,山东 垦利区 公安局 公安分局 政府信息公开 官方网站,https://www.mca.gov.cn/mzsj/xzqh/2025/202401xzqh.html,行政区划覆盖任务，不是已确认公安机构；区划变更及一对多机构关系须核实
police-370522,山东,370522,利津县,county,police,pending_discovery,山东 利津县 公安局 公安分局 政府信息公开 官方网站,https://www.mca.gov.cn/mzsj/xzqh/2025/202401xzqh.html,行政区划覆盖任务，不是已确认公安机构；区划变更及一对多机构关系须核实
police-370523,山东,370523,广饶县,county,police,pending_discovery,山东 广饶县 公安局 公安分局 政府信息公开 官方网站,https://www.mca.gov.cn/mzsj/xzqh/2025/202401xzqh.html,行政区划覆盖任务，不是已确认公安机构；区划变更及一对多机构关系须核实
police-370600,山东,370600,烟台市,prefecture,police,pending_discovery,山东 烟台市 公安局 公安分局 政府信息公开 官方网站,https://www.mca.gov.cn/mzsj/xzqh/2025/202401xzqh.html,行政区划覆盖任务，不是已确认公安机构；区划变更及一对多机构关系须核实
police-370602,山东,370602,芝罘区,county,police,pending_discovery,山东 芝罘区 公安局 公安分局 政府信息公开 官方网站,https://www.mca.gov.cn/mzsj/xzqh/2025/202401xzqh.html,行政区划覆盖任务，不是已确认公安机构；区划变更及一对多机构关系须核实
police-370611,山东,370611,福山区,county,police,pending_discovery,山东 福山区 公安局 公安分局 政府信息公开 官方网站,https://www.mca.gov.cn/mzsj/xzqh/2025/202401xzqh.html,行政区划覆盖任务，不是已确认公安机构；区划变更及一对多机构关系须核实
police-370612,山东,370612,牟平区,county,police,pending_discovery,山东 牟平区 公安局 公安分局 政府信息公开 官方网站,https://www.mca.gov.cn/mzsj/xzqh/2025/202401xzqh.html,行政区划覆盖任务，不是已确认公安机构；区划变更及一对多机构关系须核实
police-370613,山东,370613,莱山区,county,police,pending_discovery,山东 莱山区 公安局 公安分局 政府信息公开 官方网站,https://www.mca.gov.cn/mzsj/xzqh/2025/202401xzqh.html,行政区划覆盖任务，不是已确认公安机构；区划变更及一对多机构关系须核实
police-370614,山东,370614,蓬莱区,county,police,pending_discovery,山东 蓬莱区 公安局 公安分局 政府信息公开 官方网站,https://www.mca.gov.cn/mzsj/xzqh/2025/202401xzqh.html,行政区划覆盖任务，不是已确认公安机构；区划变更及一对多机构关系须核实
police-370681,山东,370681,龙口市,county,police,pending_discovery,山东 龙口市 公安局 公安分局 政府信息公开 官方网站,https://www.mca.gov.cn/mzsj/xzqh/2025/202401xzqh.html,行政区划覆盖任务，不是已确认公安机构；区划变更及一对多机构关系须核实
police-370682,山东,370682,莱阳市,county,police,pending_discovery,山东 莱阳市 公安局 公安分局 政府信息公开 官方网站,https://www.mca.gov.cn/mzsj/xzqh/2025/202401xzqh.html,行政区划覆盖任务，不是已确认公安机构；区划变更及一对多机构关系须核实
police-370683,山东,370683,莱州市,county,police,pending_discovery,山东 莱州市 公安局 公安分局 政府信息公开 官方网站,https://www.mca.gov.cn/mzsj/xzqh/2025/202401xzqh.html,行政区划覆盖任务，不是已确认公安机构；区划变更及一对多机构关系须核实
police-370685,山东,370685,招远市,county,police,pending_discovery,山东 招远市 公安局 公安分局 政府信息公开 官方网站,https://www.mca.gov.cn/mzsj/xzqh/2025/202401xzqh.html,行政区划覆盖任务，不是已确认公安机构；区划变更及一对多机构关系须核实
police-370686,山东,370686,栖霞市,county,police,pending_discovery,山东 栖霞市 公安局 公安分局 政府信息公开 官方网站,https://www.mca.gov.cn/mzsj/xzqh/2025/202401xzqh.html,行政区划覆盖任务，不是已确认公安机构；区划变更及一对多机构关系须核实
police-370687,山东,370687,海阳市,county,police,pending_discovery,山东 海阳市 公安局 公安分局 政府信息公开 官方网站,https://www.mca.gov.cn/mzsj/xzqh/2025/202401xzqh.html,行政区划覆盖任务，不是已确认公安机构；区划变更及一对多机构关系须核实
police-370700,山东,370700,潍坊市,prefecture,police,pending_discovery,山东 潍坊市 公安局 公安分局 政府信息公开 官方网站,https://www.mca.gov.cn/mzsj/xzqh/2025/202401xzqh.html,行政区划覆盖任务，不是已确认公安机构；区划变更及一对多机构关系须核实
police-370702,山东,370702,潍城区,county,police,pending_discovery,山东 潍城区 公安局 公安分局 政府信息公开 官方网站,https://www.mca.gov.cn/mzsj/xzqh/2025/202401xzqh.html,行政区划覆盖任务，不是已确认公安机构；区划变更及一对多机构关系须核实
police-370703,山东,370703,寒亭区,county,police,pending_discovery,山东 寒亭区 公安局 公安分局 政府信息公开 官方网站,https://www.mca.gov.cn/mzsj/xzqh/2025/202401xzqh.html,行政区划覆盖任务，不是已确认公安机构；区划变更及一对多机构关系须核实
police-370704,山东,370704,坊子区,county,police,pending_discovery,山东 坊子区 公安局 公安分局 政府信息公开 官方网站,https://www.mca.gov.cn/mzsj/xzqh/2025/202401xzqh.html,行政区划覆盖任务，不是已确认公安机构；区划变更及一对多机构关系须核实
police-370705,山东,370705,奎文区,county,police,pending_discovery,山东 奎文区 公安局 公安分局 政府信息公开 官方网站,https://www.mca.gov.cn/mzsj/xzqh/2025/202401xzqh.html,行政区划覆盖任务，不是已确认公安机构；区划变更及一对多机构关系须核实
police-370724,山东,370724,临朐县,county,police,pending_discovery,山东 临朐县 公安局 公安分局 政府信息公开 官方网站,https://www.mca.gov.cn/mzsj/xzqh/2025/202401xzqh.html,行政区划覆盖任务，不是已确认公安机构；区划变更及一对多机构关系须核实
police-370725,山东,370725,昌乐县,county,police,pending_discovery,山东 昌乐县 公安局 公安分局 政府信息公开 官方网站,https://www.mca.gov.cn/mzsj/xzqh/2025/202401xzqh.html,行政区划覆盖任务，不是已确认公安机构；区划变更及一对多机构关系须核实
police-370781,山东,370781,青州市,county,police,pending_discovery,山东 青州市 公安局 公安分局 政府信息公开 官方网站,https://www.mca.gov.cn/mzsj/xzqh/2025/202401xzqh.html,行政区划覆盖任务，不是已确认公安机构；区划变更及一对多机构关系须核实
police-370782,山东,370782,诸城市,county,police,pending_discovery,山东 诸城市 公安局 公安分局 政府信息公开 官方网站,https://www.mca.gov.cn/mzsj/xzqh/2025/202401xzqh.html,行政区划覆盖任务，不是已确认公安机构；区划变更及一对多机构关系须核实
police-370783,山东,370783,寿光市,county,police,pending_discovery,山东 寿光市 公安局 公安分局 政府信息公开 官方网站,https://www.mca.gov.cn/mzsj/xzqh/2025/202401xzqh.html,行政区划覆盖任务，不是已确认公安机构；区划变更及一对多机构关系须核实
police-370784,山东,370784,安丘市,county,police,pending_discovery,山东 安丘市 公安局 公安分局 政府信息公开 官方网站,https://www.mca.gov.cn/mzsj/xzqh/2025/202401xzqh.html,行政区划覆盖任务，不是已确认公安机构；区划变更及一对多机构关系须核实
police-370785,山东,370785,高密市,county,police,pending_discovery,山东 高密市 公安局 公安分局 政府信息公开 官方网站,https://www.mca.gov.cn/mzsj/xzqh/2025/202401xzqh.html,行政区划覆盖任务，不是已确认公安机构；区划变更及一对多机构关系须核实
police-370786,山东,370786,昌邑市,county,police,pending_discovery,山东 昌邑市 公安局 公安分局 政府信息公开 官方网站,https://www.mca.gov.cn/mzsj/xzqh/2025/202401xzqh.html,行政区划覆盖任务，不是已确认公安机构；区划变更及一对多机构关系须核实
police-370800,山东,370800,济宁市,prefecture,police,pending_discovery,山东 济宁市 公安局 公安分局 政府信息公开 官方网站,https://www.mca.gov.cn/mzsj/xzqh/2025/202401xzqh.html,行政区划覆盖任务，不是已确认公安机构；区划变更及一对多机构关系须核实
police-370811,山东,370811,任城区,county,police,pending_discovery,山东 任城区 公安局 公安分局 政府信息公开 官方网站,https://www.mca.gov.cn/mzsj/xzqh/2025/202401xzqh.html,行政区划覆盖任务，不是已确认公安机构；区划变更及一对多机构关系须核实
police-370812,山东,370812,兖州区,county,police,pending_discovery,山东 兖州区 公安局 公安分局 政府信息公开 官方网站,https://www.mca.gov.cn/mzsj/xzqh/2025/202401xzqh.html,行政区划覆盖任务，不是已确认公安机构；区划变更及一对多机构关系须核实
police-370826,山东,370826,微山县,county,police,pending_discovery,山东 微山县 公安局 公安分局 政府信息公开 官方网站,https://www.mca.gov.cn/mzsj/xzqh/2025/202401xzqh.html,行政区划覆盖任务，不是已确认公安机构；区划变更及一对多机构关系须核实
police-370827,山东,370827,鱼台县,county,police,pending_discovery,山东 鱼台县 公安局 公安分局 政府信息公开 官方网站,https://www.mca.gov.cn/mzsj/xzqh/2025/202401xzqh.html,行政区划覆盖任务，不是已确认公安机构；区划变更及一对多机构关系须核实
police-370828,山东,370828,金乡县,county,police,pending_discovery,山东 金乡县 公安局 公安分局 政府信息公开 官方网站,https://www.mca.gov.cn/mzsj/xzqh/2025/202401xzqh.html,行政区划覆盖任务，不是已确认公安机构；区划变更及一对多机构关系须核实
police-370829,山东,370829,嘉祥县,county,police,pending_discovery,山东 嘉祥县 公安局 公安分局 政府信息公开 官方网站,https://www.mca.gov.cn/mzsj/xzqh/2025/202401xzqh.html,行政区划覆盖任务，不是已确认公安机构；区划变更及一对多机构关系须核实
police-370830,山东,370830,汶上县,county,police,pending_discovery,山东 汶上县 公安局 公安分局 政府信息公开 官方网站,https://www.mca.gov.cn/mzsj/xzqh/2025/202401xzqh.html,行政区划覆盖任务，不是已确认公安机构；区划变更及一对多机构关系须核实
police-370831,山东,370831,泗水县,county,police,pending_discovery,山东 泗水县 公安局 公安分局 政府信息公开 官方网站,https://www.mca.gov.cn/mzsj/xzqh/2025/202401xzqh.html,行政区划覆盖任务，不是已确认公安机构；区划变更及一对多机构关系须核实
police-370832,山东,370832,梁山县,county,police,pending_discovery,山东 梁山县 公安局 公安分局 政府信息公开 官方网站,https://www.mca.gov.cn/mzsj/xzqh/2025/202401xzqh.html,行政区划覆盖任务，不是已确认公安机构；区划变更及一对多机构关系须核实
police-370881,山东,370881,曲阜市,county,police,pending_discovery,山东 曲阜市 公安局 公安分局 政府信息公开 官方网站,https://www.mca.gov.cn/mzsj/xzqh/2025/202401xzqh.html,行政区划覆盖任务，不是已确认公安机构；区划变更及一对多机构关系须核实
police-370883,山东,370883,邹城市,county,police,pending_discovery,山东 邹城市 公安局 公安分局 政府信息公开 官方网站,https://www.mca.gov.cn/mzsj/xzqh/2025/202401xzqh.html,行政区划覆盖任务，不是已确认公安机构；区划变更及一对多机构关系须核实
police-370900,山东,370900,泰安市,prefecture,police,pending_discovery,山东 泰安市 公安局 公安分局 政府信息公开 官方网站,https://www.mca.gov.cn/mzsj/xzqh/2025/202401xzqh.html,行政区划覆盖任务，不是已确认公安机构；区划变更及一对多机构关系须核实
police-370902,山东,370902,泰山区,county,police,pending_discovery,山东 泰山区 公安局 公安分局 政府信息公开 官方网站,https://www.mca.gov.cn/mzsj/xzqh/2025/202401xzqh.html,行政区划覆盖任务，不是已确认公安机构；区划变更及一对多机构关系须核实
police-370911,山东,370911,岱岳区,county,police,pending_discovery,山东 岱岳区 公安局 公安分局 政府信息公开 官方网站,https://www.mca.gov.cn/mzsj/xzqh/2025/202401xzqh.html,行政区划覆盖任务，不是已确认公安机构；区划变更及一对多机构关系须核实
police-370921,山东,370921,宁阳县,county,police,pending_discovery,山东 宁阳县 公安局 公安分局 政府信息公开 官方网站,https://www.mca.gov.cn/mzsj/xzqh/2025/202401xzqh.html,行政区划覆盖任务，不是已确认公安机构；区划变更及一对多机构关系须核实
police-370923,山东,370923,东平县,county,police,pending_discovery,山东 东平县 公安局 公安分局 政府信息公开 官方网站,https://www.mca.gov.cn/mzsj/xzqh/2025/202401xzqh.html,行政区划覆盖任务，不是已确认公安机构；区划变更及一对多机构关系须核实
police-370982,山东,370982,新泰市,county,police,pending_discovery,山东 新泰市 公安局 公安分局 政府信息公开 官方网站,https://www.mca.gov.cn/mzsj/xzqh/2025/202401xzqh.html,行政区划覆盖任务，不是已确认公安机构；区划变更及一对多机构关系须核实
police-370983,山东,370983,肥城市,county,police,pending_discovery,山东 肥城市 公安局 公安分局 政府信息公开 官方网站,https://www.mca.gov.cn/mzsj/xzqh/2025/202401xzqh.html,行政区划覆盖任务，不是已确认公安机构；区划变更及一对多机构关系须核实
police-371000,山东,371000,威海市,prefecture,police,pending_discovery,山东 威海市 公安局 公安分局 政府信息公开 官方网站,https://www.mca.gov.cn/mzsj/xzqh/2025/202401xzqh.html,行政区划覆盖任务，不是已确认公安机构；区划变更及一对多机构关系须核实
police-371002,山东,371002,环翠区,county,police,pending_discovery,山东 环翠区 公安局 公安分局 政府信息公开 官方网站,https://www.mca.gov.cn/mzsj/xzqh/2025/202401xzqh.html,行政区划覆盖任务，不是已确认公安机构；区划变更及一对多机构关系须核实
police-371003,山东,371003,文登区,county,police,pending_discovery,山东 文登区 公安局 公安分局 政府信息公开 官方网站,https://www.mca.gov.cn/mzsj/xzqh/2025/202401xzqh.html,行政区划覆盖任务，不是已确认公安机构；区划变更及一对多机构关系须核实
police-371082,山东,371082,荣成市,county,police,pending_discovery,山东 荣成市 公安局 公安分局 政府信息公开 官方网站,https://www.mca.gov.cn/mzsj/xzqh/2025/202401xzqh.html,行政区划覆盖任务，不是已确认公安机构；区划变更及一对多机构关系须核实
police-371083,山东,371083,乳山市,county,police,pending_discovery,山东 乳山市 公安局 公安分局 政府信息公开 官方网站,https://www.mca.gov.cn/mzsj/xzqh/2025/202401xzqh.html,行政区划覆盖任务，不是已确认公安机构；区划变更及一对多机构关系须核实
police-371100,山东,371100,日照市,prefecture,police,pending_discovery,山东 日照市 公安局 公安分局 政府信息公开 官方网站,https://www.mca.gov.cn/mzsj/xzqh/2025/202401xzqh.html,行政区划覆盖任务，不是已确认公安机构；区划变更及一对多机构关系须核实
police-371102,山东,371102,东港区,county,police,pending_discovery,山东 东港区 公安局 公安分局 政府信息公开 官方网站,https://www.mca.gov.cn/mzsj/xzqh/2025/202401xzqh.html,行政区划覆盖任务，不是已确认公安机构；区划变更及一对多机构关系须核实
police-371103,山东,371103,岚山区,county,police,pending_discovery,山东 岚山区 公安局 公安分局 政府信息公开 官方网站,https://www.mca.gov.cn/mzsj/xzqh/2025/202401xzqh.html,行政区划覆盖任务，不是已确认公安机构；区划变更及一对多机构关系须核实
police-371121,山东,371121,五莲县,county,police,pending_discovery,山东 五莲县 公安局 公安分局 政府信息公开 官方网站,https://www.mca.gov.cn/mzsj/xzqh/2025/202401xzqh.html,行政区划覆盖任务，不是已确认公安机构；区划变更及一对多机构关系须核实
police-371122,山东,371122,莒县,county,police,pending_discovery,山东 莒县 公安局 公安分局 政府信息公开 官方网站,https://www.mca.gov.cn/mzsj/xzqh/2025/202401xzqh.html,行政区划覆盖任务，不是已确认公安机构；区划变更及一对多机构关系须核实
police-371300,山东,371300,临沂市,prefecture,police,pending_discovery,山东 临沂市 公安局 公安分局 政府信息公开 官方网站,https://www.mca.gov.cn/mzsj/xzqh/2025/202401xzqh.html,行政区划覆盖任务，不是已确认公安机构；区划变更及一对多机构关系须核实
police-371302,山东,371302,兰山区,county,police,pending_discovery,山东 兰山区 公安局 公安分局 政府信息公开 官方网站,https://www.mca.gov.cn/mzsj/xzqh/2025/202401xzqh.html,行政区划覆盖任务，不是已确认公安机构；区划变更及一对多机构关系须核实
police-371311,山东,371311,罗庄区,county,police,pending_discovery,山东 罗庄区 公安局 公安分局 政府信息公开 官方网站,https://www.mca.gov.cn/mzsj/xzqh/2025/202401xzqh.html,行政区划覆盖任务，不是已确认公安机构；区划变更及一对多机构关系须核实
police-371312,山东,371312,河东区,county,police,pending_discovery,山东 河东区 公安局 公安分局 政府信息公开 官方网站,https://www.mca.gov.cn/mzsj/xzqh/2025/202401xzqh.html,行政区划覆盖任务，不是已确认公安机构；区划变更及一对多机构关系须核实
police-371321,山东,371321,沂南县,county,police,pending_discovery,山东 沂南县 公安局 公安分局 政府信息公开 官方网站,https://www.mca.gov.cn/mzsj/xzqh/2025/202401xzqh.html,行政区划覆盖任务，不是已确认公安机构；区划变更及一对多机构关系须核实
police-371322,山东,371322,郯城县,county,police,pending_discovery,山东 郯城县 公安局 公安分局 政府信息公开 官方网站,https://www.mca.gov.cn/mzsj/xzqh/2025/202401xzqh.html,行政区划覆盖任务，不是已确认公安机构；区划变更及一对多机构关系须核实
police-371323,山东,371323,沂水县,county,police,pending_discovery,山东 沂水县 公安局 公安分局 政府信息公开 官方网站,https://www.mca.gov.cn/mzsj/xzqh/2025/202401xzqh.html,行政区划覆盖任务，不是已确认公安机构；区划变更及一对多机构关系须核实
police-371324,山东,371324,兰陵县,county,police,pending_discovery,山东 兰陵县 公安局 公安分局 政府信息公开 官方网站,https://www.mca.gov.cn/mzsj/xzqh/2025/202401xzqh.html,行政区划覆盖任务，不是已确认公安机构；区划变更及一对多机构关系须核实
police-371325,山东,371325,费县,county,police,pending_discovery,山东 费县 公安局 公安分局 政府信息公开 官方网站,https://www.mca.gov.cn/mzsj/xzqh/2025/202401xzqh.html,行政区划覆盖任务，不是已确认公安机构；区划变更及一对多机构关系须核实
police-371326,山东,371326,平邑县,county,police,pending_discovery,山东 平邑县 公安局 公安分局 政府信息公开 官方网站,https://www.mca.gov.cn/mzsj/xzqh/2025/202401xzqh.html,行政区划覆盖任务，不是已确认公安机构；区划变更及一对多机构关系须核实
police-371327,山东,371327,莒南县,county,police,pending_discovery,山东 莒南县 公安局 公安分局 政府信息公开 官方网站,https://www.mca.gov.cn/mzsj/xzqh/2025/202401xzqh.html,行政区划覆盖任务，不是已确认公安机构；区划变更及一对多机构关系须核实
police-371328,山东,371328,蒙阴县,county,police,pending_discovery,山东 蒙阴县 公安局 公安分局 政府信息公开 官方网站,https://www.mca.gov.cn/mzsj/xzqh/2025/202401xzqh.html,行政区划覆盖任务，不是已确认公安机构；区划变更及一对多机构关系须核实
police-371329,山东,371329,临沭县,county,police,pending_discovery,山东 临沭县 公安局 公安分局 政府信息公开 官方网站,https://www.mca.gov.cn/mzsj/xzqh/2025/202401xzqh.html,行政区划覆盖任务，不是已确认公安机构；区划变更及一对多机构关系须核实
police-371400,山东,371400,德州市,prefecture,police,pending_discovery,山东 德州市 公安局 公安分局 政府信息公开 官方网站,https://www.mca.gov.cn/mzsj/xzqh/2025/202401xzqh.html,行政区划覆盖任务，不是已确认公安机构；区划变更及一对多机构关系须核实
police-371402,山东,371402,德城区,county,police,pending_discovery,山东 德城区 公安局 公安分局 政府信息公开 官方网站,https://www.mca.gov.cn/mzsj/xzqh/2025/202401xzqh.html,行政区划覆盖任务，不是已确认公安机构；区划变更及一对多机构关系须核实
police-371403,山东,371403,陵城区,county,police,pending_discovery,山东 陵城区 公安局 公安分局 政府信息公开 官方网站,https://www.mca.gov.cn/mzsj/xzqh/2025/202401xzqh.html,行政区划覆盖任务，不是已确认公安机构；区划变更及一对多机构关系须核实
police-371422,山东,371422,宁津县,county,police,pending_discovery,山东 宁津县 公安局 公安分局 政府信息公开 官方网站,https://www.mca.gov.cn/mzsj/xzqh/2025/202401xzqh.html,行政区划覆盖任务，不是已确认公安机构；区划变更及一对多机构关系须核实
police-371423,山东,371423,庆云县,county,police,pending_discovery,山东 庆云县 公安局 公安分局 政府信息公开 官方网站,https://www.mca.gov.cn/mzsj/xzqh/2025/202401xzqh.html,行政区划覆盖任务，不是已确认公安机构；区划变更及一对多机构关系须核实
police-371424,山东,371424,临邑县,county,police,pending_discovery,山东 临邑县 公安局 公安分局 政府信息公开 官方网站,https://www.mca.gov.cn/mzsj/xzqh/2025/202401xzqh.html,行政区划覆盖任务，不是已确认公安机构；区划变更及一对多机构关系须核实
police-371425,山东,371425,齐河县,county,police,pending_discovery,山东 齐河县 公安局 公安分局 政府信息公开 官方网站,https://www.mca.gov.cn/mzsj/xzqh/2025/202401xzqh.html,行政区划覆盖任务，不是已确认公安机构；区划变更及一对多机构关系须核实
police-371426,山东,371426,平原县,county,police,pending_discovery,山东 平原县 公安局 公安分局 政府信息公开 官方网站,https://www.mca.gov.cn/mzsj/xzqh/2025/202401xzqh.html,行政区划覆盖任务，不是已确认公安机构；区划变更及一对多机构关系须核实
police-371427,山东,371427,夏津县,county,police,pending_discovery,山东 夏津县 公安局 公安分局 政府信息公开 官方网站,https://www.mca.gov.cn/mzsj/xzqh/2025/202401xzqh.html,行政区划覆盖任务，不是已确认公安机构；区划变更及一对多机构关系须核实
police-371428,山东,371428,武城县,county,police,pending_discovery,山东 武城县 公安局 公安分局 政府信息公开 官方网站,https://www.mca.gov.cn/mzsj/xzqh/2025/202401xzqh.html,行政区划覆盖任务，不是已确认公安机构；区划变更及一对多机构关系须核实
police-371481,山东,371481,乐陵市,county,police,pending_discovery,山东 乐陵市 公安局 公安分局 政府信息公开 官方网站,https://www.mca.gov.cn/mzsj/xzqh/2025/202401xzqh.html,行政区划覆盖任务，不是已确认公安机构；区划变更及一对多机构关系须核实
police-371482,山东,371482,禹城市,county,police,pending_discovery,山东 禹城市 公安局 公安分局 政府信息公开 官方网站,https://www.mca.gov.cn/mzsj/xzqh/2025/202401xzqh.html,行政区划覆盖任务，不是已确认公安机构；区划变更及一对多机构关系须核实
police-371500,山东,371500,聊城市,prefecture,police,pending_discovery,山东 聊城市 公安局 公安分局 政府信息公开 官方网站,https://www.mca.gov.cn/mzsj/xzqh/2025/202401xzqh.html,行政区划覆盖任务，不是已确认公安机构；区划变更及一对多机构关系须核实
police-371502,山东,371502,东昌府区,county,police,pending_discovery,山东 东昌府区 公安局 公安分局 政府信息公开 官方网站,https://www.mca.gov.cn/mzsj/xzqh/2025/202401xzqh.html,行政区划覆盖任务，不是已确认公安机构；区划变更及一对多机构关系须核实
police-371503,山东,371503,茌平区,county,police,pending_discovery,山东 茌平区 公安局 公安分局 政府信息公开 官方网站,https://www.mca.gov.cn/mzsj/xzqh/2025/202401xzqh.html,行政区划覆盖任务，不是已确认公安机构；区划变更及一对多机构关系须核实
police-371521,山东,371521,阳谷县,county,police,pending_discovery,山东 阳谷县 公安局 公安分局 政府信息公开 官方网站,https://www.mca.gov.cn/mzsj/xzqh/2025/202401xzqh.html,行政区划覆盖任务，不是已确认公安机构；区划变更及一对多机构关系须核实
police-371522,山东,371522,莘县,county,police,pending_discovery,山东 莘县 公安局 公安分局 政府信息公开 官方网站,https://www.mca.gov.cn/mzsj/xzqh/2025/202401xzqh.html,行政区划覆盖任务，不是已确认公安机构；区划变更及一对多机构关系须核实
police-371524,山东,371524,东阿县,county,police,pending_discovery,山东 东阿县 公安局 公安分局 政府信息公开 官方网站,https://www.mca.gov.cn/mzsj/xzqh/2025/202401xzqh.html,行政区划覆盖任务，不是已确认公安机构；区划变更及一对多机构关系须核实
police-371525,山东,371525,冠县,county,police,pending_discovery,山东 冠县 公安局 公安分局 政府信息公开 官方网站,https://www.mca.gov.cn/mzsj/xzqh/2025/202401xzqh.html,行政区划覆盖任务，不是已确认公安机构；区划变更及一对多机构关系须核实
police-371526,山东,371526,高唐县,county,police,pending_discovery,山东 高唐县 公安局 公安分局 政府信息公开 官方网站,https://www.mca.gov.cn/mzsj/xzqh/2025/202401xzqh.html,行政区划覆盖任务，不是已确认公安机构；区划变更及一对多机构关系须核实
police-371581,山东,371581,临清市,county,police,pending_discovery,山东 临清市 公安局 公安分局 政府信息公开 官方网站,https://www.mca.gov.cn/mzsj/xzqh/2025/202401xzqh.html,行政区划覆盖任务，不是已确认公安机构；区划变更及一对多机构关系须核实
police-371600,山东,371600,滨州市,prefecture,police,pending_discovery,山东 滨州市 公安局 公安分局 政府信息公开 官方网站,https://www.mca.gov.cn/mzsj/xzqh/2025/202401xzqh.html,行政区划覆盖任务，不是已确认公安机构；区划变更及一对多机构关系须核实
police-371602,山东,371602,滨城区,county,police,pending_discovery,山东 滨城区 公安局 公安分局 政府信息公开 官方网站,https://www.mca.gov.cn/mzsj/xzqh/2025/202401xzqh.html,行政区划覆盖任务，不是已确认公安机构；区划变更及一对多机构关系须核实
police-371603,山东,371603,沾化区,county,police,pending_discovery,山东 沾化区 公安局 公安分局 政府信息公开 官方网站,https://www.mca.gov.cn/mzsj/xzqh/2025/202401xzqh.html,行政区划覆盖任务，不是已确认公安机构；区划变更及一对多机构关系须核实
police-371621,山东,371621,惠民县,county,police,pending_discovery,山东 惠民县 公安局 公安分局 政府信息公开 官方网站,https://www.mca.gov.cn/mzsj/xzqh/2025/202401xzqh.html,行政区划覆盖任务，不是已确认公安机构；区划变更及一对多机构关系须核实
police-371622,山东,371622,阳信县,county,police,pending_discovery,山东 阳信县 公安局 公安分局 政府信息公开 官方网站,https://www.mca.gov.cn/mzsj/xzqh/2025/202401xzqh.html,行政区划覆盖任务，不是已确认公安机构；区划变更及一对多机构关系须核实
police-371623,山东,371623,无棣县,county,police,pending_discovery,山东 无棣县 公安局 公安分局 政府信息公开 官方网站,https://www.mca.gov.cn/mzsj/xzqh/2025/202401xzqh.html,行政区划覆盖任务，不是已确认公安机构；区划变更及一对多机构关系须核实
police-371625,山东,371625,博兴县,county,police,pending_discovery,山东 博兴县 公安局 公安分局 政府信息公开 官方网站,https://www.mca.gov.cn/mzsj/xzqh/2025/202401xzqh.html,行政区划覆盖任务，不是已确认公安机构；区划变更及一对多机构关系须核实
police-371681,山东,371681,邹平市,county,police,pending_discovery,山东 邹平市 公安局 公安分局 政府信息公开 官方网站,https://www.mca.gov.cn/mzsj/xzqh/2025/202401xzqh.html,行政区划覆盖任务，不是已确认公安机构；区划变更及一对多机构关系须核实
police-371700,山东,371700,菏泽市,prefecture,police,pending_discovery,山东 菏泽市 公安局 公安分局 政府信息公开 官方网站,https://www.mca.gov.cn/mzsj/xzqh/2025/202401xzqh.html,行政区划覆盖任务，不是已确认公安机构；区划变更及一对多机构关系须核实
police-371702,山东,371702,牡丹区,county,police,pending_discovery,山东 牡丹区 公安局 公安分局 政府信息公开 官方网站,https://www.mca.gov.cn/mzsj/xzqh/2025/202401xzqh.html,行政区划覆盖任务，不是已确认公安机构；区划变更及一对多机构关系须核实
police-371703,山东,371703,定陶区,county,police,pending_discovery,山东 定陶区 公安局 公安分局 政府信息公开 官方网站,https://www.mca.gov.cn/mzsj/xzqh/2025/202401xzqh.html,行政区划覆盖任务，不是已确认公安机构；区划变更及一对多机构关系须核实
police-371721,山东,371721,曹县,county,police,pending_discovery,山东 曹县 公安局 公安分局 政府信息公开 官方网站,https://www.mca.gov.cn/mzsj/xzqh/2025/202401xzqh.html,行政区划覆盖任务，不是已确认公安机构；区划变更及一对多机构关系须核实
police-371722,山东,371722,单县,county,police,pending_discovery,山东 单县 公安局 公安分局 政府信息公开 官方网站,https://www.mca.gov.cn/mzsj/xzqh/2025/202401xzqh.html,行政区划覆盖任务，不是已确认公安机构；区划变更及一对多机构关系须核实
police-371723,山东,371723,成武县,county,police,pending_discovery,山东 成武县 公安局 公安分局 政府信息公开 官方网站,https://www.mca.gov.cn/mzsj/xzqh/2025/202401xzqh.html,行政区划覆盖任务，不是已确认公安机构；区划变更及一对多机构关系须核实
police-371724,山东,371724,巨野县,county,police,pending_discovery,山东 巨野县 公安局 公安分局 政府信息公开 官方网站,https://www.mca.gov.cn/mzsj/xzqh/2025/202401xzqh.html,行政区划覆盖任务，不是已确认公安机构；区划变更及一对多机构关系须核实
police-371725,山东,371725,郓城县,county,police,pending_discovery,山东 郓城县 公安局 公安分局 政府信息公开 官方网站,https://www.mca.gov.cn/mzsj/xzqh/2025/202401xzqh.html,行政区划覆盖任务，不是已确认公安机构；区划变更及一对多机构关系须核实
police-371726,山东,371726,鄄城县,county,police,pending_discovery,山东 鄄城县 公安局 公安分局 政府信息公开 官方网站,https://www.mca.gov.cn/mzsj/xzqh/2025/202401xzqh.html,行政区划覆盖任务，不是已确认公安机构；区划变更及一对多机构关系须核实
police-371728,山东,371728,东明县,county,police,pending_discovery,山东 东明县 公安局 公安分局 政府信息公开 官方网站,https://www.mca.gov.cn/mzsj/xzqh/2025/202401xzqh.html,行政区划覆盖任务，不是已确认公安机构；区划变更及一对多机构关系须核实
police-410000,河南,410000,河南省,province,police,pending_discovery,河南 河南省 公安局 公安分局 政府信息公开 官方网站,https://www.mca.gov.cn/mzsj/xzqh/2025/202401xzqh.html,行政区划覆盖任务，不是已确认公安机构；区划变更及一对多机构关系须核实
police-410100,河南,410100,郑州市,prefecture,police,pending_discovery,河南 郑州市 公安局 公安分局 政府信息公开 官方网站,https://www.mca.gov.cn/mzsj/xzqh/2025/202401xzqh.html,行政区划覆盖任务，不是已确认公安机构；区划变更及一对多机构关系须核实
police-410102,河南,410102,中原区,county,police,pending_discovery,河南 中原区 公安局 公安分局 政府信息公开 官方网站,https://www.mca.gov.cn/mzsj/xzqh/2025/202401xzqh.html,行政区划覆盖任务，不是已确认公安机构；区划变更及一对多机构关系须核实
police-410103,河南,410103,二七区,county,police,pending_discovery,河南 二七区 公安局 公安分局 政府信息公开 官方网站,https://www.mca.gov.cn/mzsj/xzqh/2025/202401xzqh.html,行政区划覆盖任务，不是已确认公安机构；区划变更及一对多机构关系须核实
police-410104,河南,410104,管城回族区,county,police,pending_discovery,河南 管城回族区 公安局 公安分局 政府信息公开 官方网站,https://www.mca.gov.cn/mzsj/xzqh/2025/202401xzqh.html,行政区划覆盖任务，不是已确认公安机构；区划变更及一对多机构关系须核实
police-410105,河南,410105,金水区,county,police,pending_discovery,河南 金水区 公安局 公安分局 政府信息公开 官方网站,https://www.mca.gov.cn/mzsj/xzqh/2025/202401xzqh.html,行政区划覆盖任务，不是已确认公安机构；区划变更及一对多机构关系须核实
police-410106,河南,410106,上街区,county,police,pending_discovery,河南 上街区 公安局 公安分局 政府信息公开 官方网站,https://www.mca.gov.cn/mzsj/xzqh/2025/202401xzqh.html,行政区划覆盖任务，不是已确认公安机构；区划变更及一对多机构关系须核实
police-410108,河南,410108,惠济区,county,police,pending_discovery,河南 惠济区 公安局 公安分局 政府信息公开 官方网站,https://www.mca.gov.cn/mzsj/xzqh/2025/202401xzqh.html,行政区划覆盖任务，不是已确认公安机构；区划变更及一对多机构关系须核实
police-410122,河南,410122,中牟县,county,police,pending_discovery,河南 中牟县 公安局 公安分局 政府信息公开 官方网站,https://www.mca.gov.cn/mzsj/xzqh/2025/202401xzqh.html,行政区划覆盖任务，不是已确认公安机构；区划变更及一对多机构关系须核实
police-410181,河南,410181,巩义市,county,police,pending_discovery,河南 巩义市 公安局 公安分局 政府信息公开 官方网站,https://www.mca.gov.cn/mzsj/xzqh/2025/202401xzqh.html,行政区划覆盖任务，不是已确认公安机构；区划变更及一对多机构关系须核实
police-410182,河南,410182,荥阳市,county,police,pending_discovery,河南 荥阳市 公安局 公安分局 政府信息公开 官方网站,https://www.mca.gov.cn/mzsj/xzqh/2025/202401xzqh.html,行政区划覆盖任务，不是已确认公安机构；区划变更及一对多机构关系须核实
police-410183,河南,410183,新密市,county,police,pending_discovery,河南 新密市 公安局 公安分局 政府信息公开 官方网站,https://www.mca.gov.cn/mzsj/xzqh/2025/202401xzqh.html,行政区划覆盖任务，不是已确认公安机构；区划变更及一对多机构关系须核实
police-410184,河南,410184,新郑市,county,police,pending_discovery,河南 新郑市 公安局 公安分局 政府信息公开 官方网站,https://www.mca.gov.cn/mzsj/xzqh/2025/202401xzqh.html,行政区划覆盖任务，不是已确认公安机构；区划变更及一对多机构关系须核实
police-410185,河南,410185,登封市,county,police,pending_discovery,河南 登封市 公安局 公安分局 政府信息公开 官方网站,https://www.mca.gov.cn/mzsj/xzqh/2025/202401xzqh.html,行政区划覆盖任务，不是已确认公安机构；区划变更及一对多机构关系须核实
police-410200,河南,410200,开封市,prefecture,police,pending_discovery,河南 开封市 公安局 公安分局 政府信息公开 官方网站,https://www.mca.gov.cn/mzsj/xzqh/2025/202401xzqh.html,行政区划覆盖任务，不是已确认公安机构；区划变更及一对多机构关系须核实
police-410202,河南,410202,龙亭区,county,police,pending_discovery,河南 龙亭区 公安局 公安分局 政府信息公开 官方网站,https://www.mca.gov.cn/mzsj/xzqh/2025/202401xzqh.html,行政区划覆盖任务，不是已确认公安机构；区划变更及一对多机构关系须核实
police-410203,河南,410203,顺河回族区,county,police,pending_discovery,河南 顺河回族区 公安局 公安分局 政府信息公开 官方网站,https://www.mca.gov.cn/mzsj/xzqh/2025/202401xzqh.html,行政区划覆盖任务，不是已确认公安机构；区划变更及一对多机构关系须核实
police-410204,河南,410204,鼓楼区,county,police,pending_discovery,河南 鼓楼区 公安局 公安分局 政府信息公开 官方网站,https://www.mca.gov.cn/mzsj/xzqh/2025/202401xzqh.html,行政区划覆盖任务，不是已确认公安机构；区划变更及一对多机构关系须核实
police-410205,河南,410205,禹王台区,county,police,pending_discovery,河南 禹王台区 公安局 公安分局 政府信息公开 官方网站,https://www.mca.gov.cn/mzsj/xzqh/2025/202401xzqh.html,行政区划覆盖任务，不是已确认公安机构；区划变更及一对多机构关系须核实
police-410212,河南,410212,祥符区,county,police,pending_discovery,河南 祥符区 公安局 公安分局 政府信息公开 官方网站,https://www.mca.gov.cn/mzsj/xzqh/2025/202401xzqh.html,行政区划覆盖任务，不是已确认公安机构；区划变更及一对多机构关系须核实
police-410221,河南,410221,杞县,county,police,pending_discovery,河南 杞县 公安局 公安分局 政府信息公开 官方网站,https://www.mca.gov.cn/mzsj/xzqh/2025/202401xzqh.html,行政区划覆盖任务，不是已确认公安机构；区划变更及一对多机构关系须核实
police-410222,河南,410222,通许县,county,police,pending_discovery,河南 通许县 公安局 公安分局 政府信息公开 官方网站,https://www.mca.gov.cn/mzsj/xzqh/2025/202401xzqh.html,行政区划覆盖任务，不是已确认公安机构；区划变更及一对多机构关系须核实
police-410223,河南,410223,尉氏县,county,police,pending_discovery,河南 尉氏县 公安局 公安分局 政府信息公开 官方网站,https://www.mca.gov.cn/mzsj/xzqh/2025/202401xzqh.html,行政区划覆盖任务，不是已确认公安机构；区划变更及一对多机构关系须核实
police-410225,河南,410225,兰考县,county,police,pending_discovery,河南 兰考县 公安局 公安分局 政府信息公开 官方网站,https://www.mca.gov.cn/mzsj/xzqh/2025/202401xzqh.html,行政区划覆盖任务，不是已确认公安机构；区划变更及一对多机构关系须核实
police-410300,河南,410300,洛阳市,prefecture,police,pending_discovery,河南 洛阳市 公安局 公安分局 政府信息公开 官方网站,https://www.mca.gov.cn/mzsj/xzqh/2025/202401xzqh.html,行政区划覆盖任务，不是已确认公安机构；区划变更及一对多机构关系须核实
police-410302,河南,410302,老城区,county,police,pending_discovery,河南 老城区 公安局 公安分局 政府信息公开 官方网站,https://www.mca.gov.cn/mzsj/xzqh/2025/202401xzqh.html,行政区划覆盖任务，不是已确认公安机构；区划变更及一对多机构关系须核实
police-410303,河南,410303,西工区,county,police,pending_discovery,河南 西工区 公安局 公安分局 政府信息公开 官方网站,https://www.mca.gov.cn/mzsj/xzqh/2025/202401xzqh.html,行政区划覆盖任务，不是已确认公安机构；区划变更及一对多机构关系须核实
police-410304,河南,410304,瀍河回族区,county,police,pending_discovery,河南 瀍河回族区 公安局 公安分局 政府信息公开 官方网站,https://www.mca.gov.cn/mzsj/xzqh/2025/202401xzqh.html,行政区划覆盖任务，不是已确认公安机构；区划变更及一对多机构关系须核实
police-410305,河南,410305,涧西区,county,police,pending_discovery,河南 涧西区 公安局 公安分局 政府信息公开 官方网站,https://www.mca.gov.cn/mzsj/xzqh/2025/202401xzqh.html,行政区划覆盖任务，不是已确认公安机构；区划变更及一对多机构关系须核实
police-410307,河南,410307,偃师区,county,police,pending_discovery,河南 偃师区 公安局 公安分局 政府信息公开 官方网站,https://www.mca.gov.cn/mzsj/xzqh/2025/202401xzqh.html,行政区划覆盖任务，不是已确认公安机构；区划变更及一对多机构关系须核实
police-410308,河南,410308,孟津区,county,police,pending_discovery,河南 孟津区 公安局 公安分局 政府信息公开 官方网站,https://www.mca.gov.cn/mzsj/xzqh/2025/202401xzqh.html,行政区划覆盖任务，不是已确认公安机构；区划变更及一对多机构关系须核实
police-410311,河南,410311,洛龙区,county,police,pending_discovery,河南 洛龙区 公安局 公安分局 政府信息公开 官方网站,https://www.mca.gov.cn/mzsj/xzqh/2025/202401xzqh.html,行政区划覆盖任务，不是已确认公安机构；区划变更及一对多机构关系须核实
police-410323,河南,410323,新安县,county,police,pending_discovery,河南 新安县 公安局 公安分局 政府信息公开 官方网站,https://www.mca.gov.cn/mzsj/xzqh/2025/202401xzqh.html,行政区划覆盖任务，不是已确认公安机构；区划变更及一对多机构关系须核实
police-410324,河南,410324,栾川县,county,police,pending_discovery,河南 栾川县 公安局 公安分局 政府信息公开 官方网站,https://www.mca.gov.cn/mzsj/xzqh/2025/202401xzqh.html,行政区划覆盖任务，不是已确认公安机构；区划变更及一对多机构关系须核实
police-410325,河南,410325,嵩县,county,police,pending_discovery,河南 嵩县 公安局 公安分局 政府信息公开 官方网站,https://www.mca.gov.cn/mzsj/xzqh/2025/202401xzqh.html,行政区划覆盖任务，不是已确认公安机构；区划变更及一对多机构关系须核实
police-410326,河南,410326,汝阳县,county,police,pending_discovery,河南 汝阳县 公安局 公安分局 政府信息公开 官方网站,https://www.mca.gov.cn/mzsj/xzqh/2025/202401xzqh.html,行政区划覆盖任务，不是已确认公安机构；区划变更及一对多机构关系须核实
police-410327,河南,410327,宜阳县,county,police,pending_discovery,河南 宜阳县 公安局 公安分局 政府信息公开 官方网站,https://www.mca.gov.cn/mzsj/xzqh/2025/202401xzqh.html,行政区划覆盖任务，不是已确认公安机构；区划变更及一对多机构关系须核实
police-410328,河南,410328,洛宁县,county,police,pending_discovery,河南 洛宁县 公安局 公安分局 政府信息公开 官方网站,https://www.mca.gov.cn/mzsj/xzqh/2025/202401xzqh.html,行政区划覆盖任务，不是已确认公安机构；区划变更及一对多机构关系须核实
police-410329,河南,410329,伊川县,county,police,pending_discovery,河南 伊川县 公安局 公安分局 政府信息公开 官方网站,https://www.mca.gov.cn/mzsj/xzqh/2025/202401xzqh.html,行政区划覆盖任务，不是已确认公安机构；区划变更及一对多机构关系须核实
police-410400,河南,410400,平顶山市,prefecture,police,pending_discovery,河南 平顶山市 公安局 公安分局 政府信息公开 官方网站,https://www.mca.gov.cn/mzsj/xzqh/2025/202401xzqh.html,行政区划覆盖任务，不是已确认公安机构；区划变更及一对多机构关系须核实
police-410402,河南,410402,新华区,county,police,pending_discovery,河南 新华区 公安局 公安分局 政府信息公开 官方网站,https://www.mca.gov.cn/mzsj/xzqh/2025/202401xzqh.html,行政区划覆盖任务，不是已确认公安机构；区划变更及一对多机构关系须核实
police-410403,河南,410403,卫东区,county,police,pending_discovery,河南 卫东区 公安局 公安分局 政府信息公开 官方网站,https://www.mca.gov.cn/mzsj/xzqh/2025/202401xzqh.html,行政区划覆盖任务，不是已确认公安机构；区划变更及一对多机构关系须核实
police-410404,河南,410404,石龙区,county,police,pending_discovery,河南 石龙区 公安局 公安分局 政府信息公开 官方网站,https://www.mca.gov.cn/mzsj/xzqh/2025/202401xzqh.html,行政区划覆盖任务，不是已确认公安机构；区划变更及一对多机构关系须核实
police-410411,河南,410411,湛河区,county,police,pending_discovery,河南 湛河区 公安局 公安分局 政府信息公开 官方网站,https://www.mca.gov.cn/mzsj/xzqh/2025/202401xzqh.html,行政区划覆盖任务，不是已确认公安机构；区划变更及一对多机构关系须核实
police-410421,河南,410421,宝丰县,county,police,pending_discovery,河南 宝丰县 公安局 公安分局 政府信息公开 官方网站,https://www.mca.gov.cn/mzsj/xzqh/2025/202401xzqh.html,行政区划覆盖任务，不是已确认公安机构；区划变更及一对多机构关系须核实
police-410422,河南,410422,叶县,county,police,pending_discovery,河南 叶县 公安局 公安分局 政府信息公开 官方网站,https://www.mca.gov.cn/mzsj/xzqh/2025/202401xzqh.html,行政区划覆盖任务，不是已确认公安机构；区划变更及一对多机构关系须核实
police-410423,河南,410423,鲁山县,county,police,pending_discovery,河南 鲁山县 公安局 公安分局 政府信息公开 官方网站,https://www.mca.gov.cn/mzsj/xzqh/2025/202401xzqh.html,行政区划覆盖任务，不是已确认公安机构；区划变更及一对多机构关系须核实
police-410425,河南,410425,郏县,county,police,pending_discovery,河南 郏县 公安局 公安分局 政府信息公开 官方网站,https://www.mca.gov.cn/mzsj/xzqh/2025/202401xzqh.html,行政区划覆盖任务，不是已确认公安机构；区划变更及一对多机构关系须核实
police-410481,河南,410481,舞钢市,county,police,pending_discovery,河南 舞钢市 公安局 公安分局 政府信息公开 官方网站,https://www.mca.gov.cn/mzsj/xzqh/2025/202401xzqh.html,行政区划覆盖任务，不是已确认公安机构；区划变更及一对多机构关系须核实
police-410482,河南,410482,汝州市,county,police,pending_discovery,河南 汝州市 公安局 公安分局 政府信息公开 官方网站,https://www.mca.gov.cn/mzsj/xzqh/2025/202401xzqh.html,行政区划覆盖任务，不是已确认公安机构；区划变更及一对多机构关系须核实
police-410500,河南,410500,安阳市,prefecture,police,pending_discovery,河南 安阳市 公安局 公安分局 政府信息公开 官方网站,https://www.mca.gov.cn/mzsj/xzqh/2025/202401xzqh.html,行政区划覆盖任务，不是已确认公安机构；区划变更及一对多机构关系须核实
police-410502,河南,410502,文峰区,county,police,pending_discovery,河南 文峰区 公安局 公安分局 政府信息公开 官方网站,https://www.mca.gov.cn/mzsj/xzqh/2025/202401xzqh.html,行政区划覆盖任务，不是已确认公安机构；区划变更及一对多机构关系须核实
police-410503,河南,410503,北关区,county,police,pending_discovery,河南 北关区 公安局 公安分局 政府信息公开 官方网站,https://www.mca.gov.cn/mzsj/xzqh/2025/202401xzqh.html,行政区划覆盖任务，不是已确认公安机构；区划变更及一对多机构关系须核实
police-410505,河南,410505,殷都区,county,police,pending_discovery,河南 殷都区 公安局 公安分局 政府信息公开 官方网站,https://www.mca.gov.cn/mzsj/xzqh/2025/202401xzqh.html,行政区划覆盖任务，不是已确认公安机构；区划变更及一对多机构关系须核实
police-410506,河南,410506,龙安区,county,police,pending_discovery,河南 龙安区 公安局 公安分局 政府信息公开 官方网站,https://www.mca.gov.cn/mzsj/xzqh/2025/202401xzqh.html,行政区划覆盖任务，不是已确认公安机构；区划变更及一对多机构关系须核实
police-410522,河南,410522,安阳县,county,police,pending_discovery,河南 安阳县 公安局 公安分局 政府信息公开 官方网站,https://www.mca.gov.cn/mzsj/xzqh/2025/202401xzqh.html,行政区划覆盖任务，不是已确认公安机构；区划变更及一对多机构关系须核实
police-410523,河南,410523,汤阴县,county,police,pending_discovery,河南 汤阴县 公安局 公安分局 政府信息公开 官方网站,https://www.mca.gov.cn/mzsj/xzqh/2025/202401xzqh.html,行政区划覆盖任务，不是已确认公安机构；区划变更及一对多机构关系须核实
police-410526,河南,410526,滑县,county,police,pending_discovery,河南 滑县 公安局 公安分局 政府信息公开 官方网站,https://www.mca.gov.cn/mzsj/xzqh/2025/202401xzqh.html,行政区划覆盖任务，不是已确认公安机构；区划变更及一对多机构关系须核实
police-410527,河南,410527,内黄县,county,police,pending_discovery,河南 内黄县 公安局 公安分局 政府信息公开 官方网站,https://www.mca.gov.cn/mzsj/xzqh/2025/202401xzqh.html,行政区划覆盖任务，不是已确认公安机构；区划变更及一对多机构关系须核实
police-410581,河南,410581,林州市,county,police,pending_discovery,河南 林州市 公安局 公安分局 政府信息公开 官方网站,https://www.mca.gov.cn/mzsj/xzqh/2025/202401xzqh.html,行政区划覆盖任务，不是已确认公安机构；区划变更及一对多机构关系须核实
police-410600,河南,410600,鹤壁市,prefecture,police,pending_discovery,河南 鹤壁市 公安局 公安分局 政府信息公开 官方网站,https://www.mca.gov.cn/mzsj/xzqh/2025/202401xzqh.html,行政区划覆盖任务，不是已确认公安机构；区划变更及一对多机构关系须核实
police-410602,河南,410602,鹤山区,county,police,pending_discovery,河南 鹤山区 公安局 公安分局 政府信息公开 官方网站,https://www.mca.gov.cn/mzsj/xzqh/2025/202401xzqh.html,行政区划覆盖任务，不是已确认公安机构；区划变更及一对多机构关系须核实
police-410603,河南,410603,山城区,county,police,pending_discovery,河南 山城区 公安局 公安分局 政府信息公开 官方网站,https://www.mca.gov.cn/mzsj/xzqh/2025/202401xzqh.html,行政区划覆盖任务，不是已确认公安机构；区划变更及一对多机构关系须核实
police-410611,河南,410611,淇滨区,county,police,pending_discovery,河南 淇滨区 公安局 公安分局 政府信息公开 官方网站,https://www.mca.gov.cn/mzsj/xzqh/2025/202401xzqh.html,行政区划覆盖任务，不是已确认公安机构；区划变更及一对多机构关系须核实
police-410621,河南,410621,浚县,county,police,pending_discovery,河南 浚县 公安局 公安分局 政府信息公开 官方网站,https://www.mca.gov.cn/mzsj/xzqh/2025/202401xzqh.html,行政区划覆盖任务，不是已确认公安机构；区划变更及一对多机构关系须核实
police-410622,河南,410622,淇县,county,police,pending_discovery,河南 淇县 公安局 公安分局 政府信息公开 官方网站,https://www.mca.gov.cn/mzsj/xzqh/2025/202401xzqh.html,行政区划覆盖任务，不是已确认公安机构；区划变更及一对多机构关系须核实
police-410700,河南,410700,新乡市,prefecture,police,pending_discovery,河南 新乡市 公安局 公安分局 政府信息公开 官方网站,https://www.mca.gov.cn/mzsj/xzqh/2025/202401xzqh.html,行政区划覆盖任务，不是已确认公安机构；区划变更及一对多机构关系须核实
police-410702,河南,410702,红旗区,county,police,pending_discovery,河南 红旗区 公安局 公安分局 政府信息公开 官方网站,https://www.mca.gov.cn/mzsj/xzqh/2025/202401xzqh.html,行政区划覆盖任务，不是已确认公安机构；区划变更及一对多机构关系须核实
police-410703,河南,410703,卫滨区,county,police,pending_discovery,河南 卫滨区 公安局 公安分局 政府信息公开 官方网站,https://www.mca.gov.cn/mzsj/xzqh/2025/202401xzqh.html,行政区划覆盖任务，不是已确认公安机构；区划变更及一对多机构关系须核实
police-410704,河南,410704,凤泉区,county,police,pending_discovery,河南 凤泉区 公安局 公安分局 政府信息公开 官方网站,https://www.mca.gov.cn/mzsj/xzqh/2025/202401xzqh.html,行政区划覆盖任务，不是已确认公安机构；区划变更及一对多机构关系须核实
police-410711,河南,410711,牧野区,county,police,pending_discovery,河南 牧野区 公安局 公安分局 政府信息公开 官方网站,https://www.mca.gov.cn/mzsj/xzqh/2025/202401xzqh.html,行政区划覆盖任务，不是已确认公安机构；区划变更及一对多机构关系须核实
police-410721,河南,410721,新乡县,county,police,pending_discovery,河南 新乡县 公安局 公安分局 政府信息公开 官方网站,https://www.mca.gov.cn/mzsj/xzqh/2025/202401xzqh.html,行政区划覆盖任务，不是已确认公安机构；区划变更及一对多机构关系须核实
police-410724,河南,410724,获嘉县,county,police,pending_discovery,河南 获嘉县 公安局 公安分局 政府信息公开 官方网站,https://www.mca.gov.cn/mzsj/xzqh/2025/202401xzqh.html,行政区划覆盖任务，不是已确认公安机构；区划变更及一对多机构关系须核实
police-410725,河南,410725,原阳县,county,police,pending_discovery,河南 原阳县 公安局 公安分局 政府信息公开 官方网站,https://www.mca.gov.cn/mzsj/xzqh/2025/202401xzqh.html,行政区划覆盖任务，不是已确认公安机构；区划变更及一对多机构关系须核实
police-410726,河南,410726,延津县,county,police,pending_discovery,河南 延津县 公安局 公安分局 政府信息公开 官方网站,https://www.mca.gov.cn/mzsj/xzqh/2025/202401xzqh.html,行政区划覆盖任务，不是已确认公安机构；区划变更及一对多机构关系须核实
police-410727,河南,410727,封丘县,county,police,pending_discovery,河南 封丘县 公安局 公安分局 政府信息公开 官方网站,https://www.mca.gov.cn/mzsj/xzqh/2025/202401xzqh.html,行政区划覆盖任务，不是已确认公安机构；区划变更及一对多机构关系须核实
police-410781,河南,410781,卫辉市,county,police,pending_discovery,河南 卫辉市 公安局 公安分局 政府信息公开 官方网站,https://www.mca.gov.cn/mzsj/xzqh/2025/202401xzqh.html,行政区划覆盖任务，不是已确认公安机构；区划变更及一对多机构关系须核实
police-410782,河南,410782,辉县市,county,police,pending_discovery,河南 辉县市 公安局 公安分局 政府信息公开 官方网站,https://www.mca.gov.cn/mzsj/xzqh/2025/202401xzqh.html,行政区划覆盖任务，不是已确认公安机构；区划变更及一对多机构关系须核实
police-410783,河南,410783,长垣市,county,police,pending_discovery,河南 长垣市 公安局 公安分局 政府信息公开 官方网站,https://www.mca.gov.cn/mzsj/xzqh/2025/202401xzqh.html,行政区划覆盖任务，不是已确认公安机构；区划变更及一对多机构关系须核实
police-410800,河南,410800,焦作市,prefecture,police,pending_discovery,河南 焦作市 公安局 公安分局 政府信息公开 官方网站,https://www.mca.gov.cn/mzsj/xzqh/2025/202401xzqh.html,行政区划覆盖任务，不是已确认公安机构；区划变更及一对多机构关系须核实
police-410802,河南,410802,解放区,county,police,pending_discovery,河南 解放区 公安局 公安分局 政府信息公开 官方网站,https://www.mca.gov.cn/mzsj/xzqh/2025/202401xzqh.html,行政区划覆盖任务，不是已确认公安机构；区划变更及一对多机构关系须核实
police-410803,河南,410803,中站区,county,police,pending_discovery,河南 中站区 公安局 公安分局 政府信息公开 官方网站,https://www.mca.gov.cn/mzsj/xzqh/2025/202401xzqh.html,行政区划覆盖任务，不是已确认公安机构；区划变更及一对多机构关系须核实
police-410804,河南,410804,马村区,county,police,pending_discovery,河南 马村区 公安局 公安分局 政府信息公开 官方网站,https://www.mca.gov.cn/mzsj/xzqh/2025/202401xzqh.html,行政区划覆盖任务，不是已确认公安机构；区划变更及一对多机构关系须核实
police-410811,河南,410811,山阳区,county,police,pending_discovery,河南 山阳区 公安局 公安分局 政府信息公开 官方网站,https://www.mca.gov.cn/mzsj/xzqh/2025/202401xzqh.html,行政区划覆盖任务，不是已确认公安机构；区划变更及一对多机构关系须核实
police-410821,河南,410821,修武县,county,police,pending_discovery,河南 修武县 公安局 公安分局 政府信息公开 官方网站,https://www.mca.gov.cn/mzsj/xzqh/2025/202401xzqh.html,行政区划覆盖任务，不是已确认公安机构；区划变更及一对多机构关系须核实
police-410822,河南,410822,博爱县,county,police,pending_discovery,河南 博爱县 公安局 公安分局 政府信息公开 官方网站,https://www.mca.gov.cn/mzsj/xzqh/2025/202401xzqh.html,行政区划覆盖任务，不是已确认公安机构；区划变更及一对多机构关系须核实
police-410823,河南,410823,武陟县,county,police,pending_discovery,河南 武陟县 公安局 公安分局 政府信息公开 官方网站,https://www.mca.gov.cn/mzsj/xzqh/2025/202401xzqh.html,行政区划覆盖任务，不是已确认公安机构；区划变更及一对多机构关系须核实
police-410825,河南,410825,温县,county,police,pending_discovery,河南 温县 公安局 公安分局 政府信息公开 官方网站,https://www.mca.gov.cn/mzsj/xzqh/2025/202401xzqh.html,行政区划覆盖任务，不是已确认公安机构；区划变更及一对多机构关系须核实
police-410882,河南,410882,沁阳市,county,police,pending_discovery,河南 沁阳市 公安局 公安分局 政府信息公开 官方网站,https://www.mca.gov.cn/mzsj/xzqh/2025/202401xzqh.html,行政区划覆盖任务，不是已确认公安机构；区划变更及一对多机构关系须核实
police-410883,河南,410883,孟州市,county,police,pending_discovery,河南 孟州市 公安局 公安分局 政府信息公开 官方网站,https://www.mca.gov.cn/mzsj/xzqh/2025/202401xzqh.html,行政区划覆盖任务，不是已确认公安机构；区划变更及一对多机构关系须核实
police-410900,河南,410900,濮阳市,prefecture,police,pending_discovery,河南 濮阳市 公安局 公安分局 政府信息公开 官方网站,https://www.mca.gov.cn/mzsj/xzqh/2025/202401xzqh.html,行政区划覆盖任务，不是已确认公安机构；区划变更及一对多机构关系须核实
police-410902,河南,410902,华龙区,county,police,pending_discovery,河南 华龙区 公安局 公安分局 政府信息公开 官方网站,https://www.mca.gov.cn/mzsj/xzqh/2025/202401xzqh.html,行政区划覆盖任务，不是已确认公安机构；区划变更及一对多机构关系须核实
police-410922,河南,410922,清丰县,county,police,pending_discovery,河南 清丰县 公安局 公安分局 政府信息公开 官方网站,https://www.mca.gov.cn/mzsj/xzqh/2025/202401xzqh.html,行政区划覆盖任务，不是已确认公安机构；区划变更及一对多机构关系须核实
police-410923,河南,410923,南乐县,county,police,pending_discovery,河南 南乐县 公安局 公安分局 政府信息公开 官方网站,https://www.mca.gov.cn/mzsj/xzqh/2025/202401xzqh.html,行政区划覆盖任务，不是已确认公安机构；区划变更及一对多机构关系须核实
police-410926,河南,410926,范县,county,police,pending_discovery,河南 范县 公安局 公安分局 政府信息公开 官方网站,https://www.mca.gov.cn/mzsj/xzqh/2025/202401xzqh.html,行政区划覆盖任务，不是已确认公安机构；区划变更及一对多机构关系须核实
police-410927,河南,410927,台前县,county,police,pending_discovery,河南 台前县 公安局 公安分局 政府信息公开 官方网站,https://www.mca.gov.cn/mzsj/xzqh/2025/202401xzqh.html,行政区划覆盖任务，不是已确认公安机构；区划变更及一对多机构关系须核实
police-410928,河南,410928,濮阳县,county,police,pending_discovery,河南 濮阳县 公安局 公安分局 政府信息公开 官方网站,https://www.mca.gov.cn/mzsj/xzqh/2025/202401xzqh.html,行政区划覆盖任务，不是已确认公安机构；区划变更及一对多机构关系须核实
police-411000,河南,411000,许昌市,prefecture,police,pending_discovery,河南 许昌市 公安局 公安分局 政府信息公开 官方网站,https://www.mca.gov.cn/mzsj/xzqh/2025/202401xzqh.html,行政区划覆盖任务，不是已确认公安机构；区划变更及一对多机构关系须核实
police-411002,河南,411002,魏都区,county,police,pending_discovery,河南 魏都区 公安局 公安分局 政府信息公开 官方网站,https://www.mca.gov.cn/mzsj/xzqh/2025/202401xzqh.html,行政区划覆盖任务，不是已确认公安机构；区划变更及一对多机构关系须核实
police-411003,河南,411003,建安区,county,police,pending_discovery,河南 建安区 公安局 公安分局 政府信息公开 官方网站,https://www.mca.gov.cn/mzsj/xzqh/2025/202401xzqh.html,行政区划覆盖任务，不是已确认公安机构；区划变更及一对多机构关系须核实
police-411024,河南,411024,鄢陵县,county,police,pending_discovery,河南 鄢陵县 公安局 公安分局 政府信息公开 官方网站,https://www.mca.gov.cn/mzsj/xzqh/2025/202401xzqh.html,行政区划覆盖任务，不是已确认公安机构；区划变更及一对多机构关系须核实
police-411025,河南,411025,襄城县,county,police,pending_discovery,河南 襄城县 公安局 公安分局 政府信息公开 官方网站,https://www.mca.gov.cn/mzsj/xzqh/2025/202401xzqh.html,行政区划覆盖任务，不是已确认公安机构；区划变更及一对多机构关系须核实
police-411081,河南,411081,禹州市,county,police,pending_discovery,河南 禹州市 公安局 公安分局 政府信息公开 官方网站,https://www.mca.gov.cn/mzsj/xzqh/2025/202401xzqh.html,行政区划覆盖任务，不是已确认公安机构；区划变更及一对多机构关系须核实
police-411082,河南,411082,长葛市,county,police,pending_discovery,河南 长葛市 公安局 公安分局 政府信息公开 官方网站,https://www.mca.gov.cn/mzsj/xzqh/2025/202401xzqh.html,行政区划覆盖任务，不是已确认公安机构；区划变更及一对多机构关系须核实
police-411100,河南,411100,漯河市,prefecture,police,pending_discovery,河南 漯河市 公安局 公安分局 政府信息公开 官方网站,https://www.mca.gov.cn/mzsj/xzqh/2025/202401xzqh.html,行政区划覆盖任务，不是已确认公安机构；区划变更及一对多机构关系须核实
police-411102,河南,411102,源汇区,county,police,pending_discovery,河南 源汇区 公安局 公安分局 政府信息公开 官方网站,https://www.mca.gov.cn/mzsj/xzqh/2025/202401xzqh.html,行政区划覆盖任务，不是已确认公安机构；区划变更及一对多机构关系须核实
police-411103,河南,411103,郾城区,county,police,pending_discovery,河南 郾城区 公安局 公安分局 政府信息公开 官方网站,https://www.mca.gov.cn/mzsj/xzqh/2025/202401xzqh.html,行政区划覆盖任务，不是已确认公安机构；区划变更及一对多机构关系须核实
police-411104,河南,411104,召陵区,county,police,pending_discovery,河南 召陵区 公安局 公安分局 政府信息公开 官方网站,https://www.mca.gov.cn/mzsj/xzqh/2025/202401xzqh.html,行政区划覆盖任务，不是已确认公安机构；区划变更及一对多机构关系须核实
police-411121,河南,411121,舞阳县,county,police,pending_discovery,河南 舞阳县 公安局 公安分局 政府信息公开 官方网站,https://www.mca.gov.cn/mzsj/xzqh/2025/202401xzqh.html,行政区划覆盖任务，不是已确认公安机构；区划变更及一对多机构关系须核实
police-411122,河南,411122,临颍县,county,police,pending_discovery,河南 临颍县 公安局 公安分局 政府信息公开 官方网站,https://www.mca.gov.cn/mzsj/xzqh/2025/202401xzqh.html,行政区划覆盖任务，不是已确认公安机构；区划变更及一对多机构关系须核实
police-411200,河南,411200,三门峡市,prefecture,police,pending_discovery,河南 三门峡市 公安局 公安分局 政府信息公开 官方网站,https://www.mca.gov.cn/mzsj/xzqh/2025/202401xzqh.html,行政区划覆盖任务，不是已确认公安机构；区划变更及一对多机构关系须核实
police-411202,河南,411202,湖滨区,county,police,pending_discovery,河南 湖滨区 公安局 公安分局 政府信息公开 官方网站,https://www.mca.gov.cn/mzsj/xzqh/2025/202401xzqh.html,行政区划覆盖任务，不是已确认公安机构；区划变更及一对多机构关系须核实
police-411203,河南,411203,陕州区,county,police,pending_discovery,河南 陕州区 公安局 公安分局 政府信息公开 官方网站,https://www.mca.gov.cn/mzsj/xzqh/2025/202401xzqh.html,行政区划覆盖任务，不是已确认公安机构；区划变更及一对多机构关系须核实
police-411221,河南,411221,渑池县,county,police,pending_discovery,河南 渑池县 公安局 公安分局 政府信息公开 官方网站,https://www.mca.gov.cn/mzsj/xzqh/2025/202401xzqh.html,行政区划覆盖任务，不是已确认公安机构；区划变更及一对多机构关系须核实
police-411224,河南,411224,卢氏县,county,police,pending_discovery,河南 卢氏县 公安局 公安分局 政府信息公开 官方网站,https://www.mca.gov.cn/mzsj/xzqh/2025/202401xzqh.html,行政区划覆盖任务，不是已确认公安机构；区划变更及一对多机构关系须核实
police-411281,河南,411281,义马市,county,police,pending_discovery,河南 义马市 公安局 公安分局 政府信息公开 官方网站,https://www.mca.gov.cn/mzsj/xzqh/2025/202401xzqh.html,行政区划覆盖任务，不是已确认公安机构；区划变更及一对多机构关系须核实
police-411282,河南,411282,灵宝市,county,police,pending_discovery,河南 灵宝市 公安局 公安分局 政府信息公开 官方网站,https://www.mca.gov.cn/mzsj/xzqh/2025/202401xzqh.html,行政区划覆盖任务，不是已确认公安机构；区划变更及一对多机构关系须核实
police-411300,河南,411300,南阳市,prefecture,police,pending_discovery,河南 南阳市 公安局 公安分局 政府信息公开 官方网站,https://www.mca.gov.cn/mzsj/xzqh/2025/202401xzqh.html,行政区划覆盖任务，不是已确认公安机构；区划变更及一对多机构关系须核实
police-411302,河南,411302,宛城区,county,police,pending_discovery,河南 宛城区 公安局 公安分局 政府信息公开 官方网站,https://www.mca.gov.cn/mzsj/xzqh/2025/202401xzqh.html,行政区划覆盖任务，不是已确认公安机构；区划变更及一对多机构关系须核实
police-411303,河南,411303,卧龙区,county,police,pending_discovery,河南 卧龙区 公安局 公安分局 政府信息公开 官方网站,https://www.mca.gov.cn/mzsj/xzqh/2025/202401xzqh.html,行政区划覆盖任务，不是已确认公安机构；区划变更及一对多机构关系须核实
police-411321,河南,411321,南召县,county,police,pending_discovery,河南 南召县 公安局 公安分局 政府信息公开 官方网站,https://www.mca.gov.cn/mzsj/xzqh/2025/202401xzqh.html,行政区划覆盖任务，不是已确认公安机构；区划变更及一对多机构关系须核实
police-411322,河南,411322,方城县,county,police,pending_discovery,河南 方城县 公安局 公安分局 政府信息公开 官方网站,https://www.mca.gov.cn/mzsj/xzqh/2025/202401xzqh.html,行政区划覆盖任务，不是已确认公安机构；区划变更及一对多机构关系须核实
police-411323,河南,411323,西峡县,county,police,pending_discovery,河南 西峡县 公安局 公安分局 政府信息公开 官方网站,https://www.mca.gov.cn/mzsj/xzqh/2025/202401xzqh.html,行政区划覆盖任务，不是已确认公安机构；区划变更及一对多机构关系须核实
police-411324,河南,411324,镇平县,county,police,pending_discovery,河南 镇平县 公安局 公安分局 政府信息公开 官方网站,https://www.mca.gov.cn/mzsj/xzqh/2025/202401xzqh.html,行政区划覆盖任务，不是已确认公安机构；区划变更及一对多机构关系须核实
police-411325,河南,411325,内乡县,county,police,pending_discovery,河南 内乡县 公安局 公安分局 政府信息公开 官方网站,https://www.mca.gov.cn/mzsj/xzqh/2025/202401xzqh.html,行政区划覆盖任务，不是已确认公安机构；区划变更及一对多机构关系须核实
police-411326,河南,411326,淅川县,county,police,pending_discovery,河南 淅川县 公安局 公安分局 政府信息公开 官方网站,https://www.mca.gov.cn/mzsj/xzqh/2025/202401xzqh.html,行政区划覆盖任务，不是已确认公安机构；区划变更及一对多机构关系须核实
police-411327,河南,411327,社旗县,county,police,pending_discovery,河南 社旗县 公安局 公安分局 政府信息公开 官方网站,https://www.mca.gov.cn/mzsj/xzqh/2025/202401xzqh.html,行政区划覆盖任务，不是已确认公安机构；区划变更及一对多机构关系须核实
police-411328,河南,411328,唐河县,county,police,pending_discovery,河南 唐河县 公安局 公安分局 政府信息公开 官方网站,https://www.mca.gov.cn/mzsj/xzqh/2025/202401xzqh.html,行政区划覆盖任务，不是已确认公安机构；区划变更及一对多机构关系须核实
police-411329,河南,411329,新野县,county,police,pending_discovery,河南 新野县 公安局 公安分局 政府信息公开 官方网站,https://www.mca.gov.cn/mzsj/xzqh/2025/202401xzqh.html,行政区划覆盖任务，不是已确认公安机构；区划变更及一对多机构关系须核实
police-411330,河南,411330,桐柏县,county,police,pending_discovery,河南 桐柏县 公安局 公安分局 政府信息公开 官方网站,https://www.mca.gov.cn/mzsj/xzqh/2025/202401xzqh.html,行政区划覆盖任务，不是已确认公安机构；区划变更及一对多机构关系须核实
police-411381,河南,411381,邓州市,county,police,pending_discovery,河南 邓州市 公安局 公安分局 政府信息公开 官方网站,https://www.mca.gov.cn/mzsj/xzqh/2025/202401xzqh.html,行政区划覆盖任务，不是已确认公安机构；区划变更及一对多机构关系须核实
police-411400,河南,411400,商丘市,prefecture,police,pending_discovery,河南 商丘市 公安局 公安分局 政府信息公开 官方网站,https://www.mca.gov.cn/mzsj/xzqh/2025/202401xzqh.html,行政区划覆盖任务，不是已确认公安机构；区划变更及一对多机构关系须核实
police-411402,河南,411402,梁园区,county,police,pending_discovery,河南 梁园区 公安局 公安分局 政府信息公开 官方网站,https://www.mca.gov.cn/mzsj/xzqh/2025/202401xzqh.html,行政区划覆盖任务，不是已确认公安机构；区划变更及一对多机构关系须核实
police-411403,河南,411403,睢阳区,county,police,pending_discovery,河南 睢阳区 公安局 公安分局 政府信息公开 官方网站,https://www.mca.gov.cn/mzsj/xzqh/2025/202401xzqh.html,行政区划覆盖任务，不是已确认公安机构；区划变更及一对多机构关系须核实
police-411421,河南,411421,民权县,county,police,pending_discovery,河南 民权县 公安局 公安分局 政府信息公开 官方网站,https://www.mca.gov.cn/mzsj/xzqh/2025/202401xzqh.html,行政区划覆盖任务，不是已确认公安机构；区划变更及一对多机构关系须核实
police-411422,河南,411422,睢县,county,police,pending_discovery,河南 睢县 公安局 公安分局 政府信息公开 官方网站,https://www.mca.gov.cn/mzsj/xzqh/2025/202401xzqh.html,行政区划覆盖任务，不是已确认公安机构；区划变更及一对多机构关系须核实
police-411423,河南,411423,宁陵县,county,police,pending_discovery,河南 宁陵县 公安局 公安分局 政府信息公开 官方网站,https://www.mca.gov.cn/mzsj/xzqh/2025/202401xzqh.html,行政区划覆盖任务，不是已确认公安机构；区划变更及一对多机构关系须核实
police-411424,河南,411424,柘城县,county,police,pending_discovery,河南 柘城县 公安局 公安分局 政府信息公开 官方网站,https://www.mca.gov.cn/mzsj/xzqh/2025/202401xzqh.html,行政区划覆盖任务，不是已确认公安机构；区划变更及一对多机构关系须核实
police-411425,河南,411425,虞城县,county,police,pending_discovery,河南 虞城县 公安局 公安分局 政府信息公开 官方网站,https://www.mca.gov.cn/mzsj/xzqh/2025/202401xzqh.html,行政区划覆盖任务，不是已确认公安机构；区划变更及一对多机构关系须核实
police-411426,河南,411426,夏邑县,county,police,pending_discovery,河南 夏邑县 公安局 公安分局 政府信息公开 官方网站,https://www.mca.gov.cn/mzsj/xzqh/2025/202401xzqh.html,行政区划覆盖任务，不是已确认公安机构；区划变更及一对多机构关系须核实
police-411481,河南,411481,永城市,county,police,pending_discovery,河南 永城市 公安局 公安分局 政府信息公开 官方网站,https://www.mca.gov.cn/mzsj/xzqh/2025/202401xzqh.html,行政区划覆盖任务，不是已确认公安机构；区划变更及一对多机构关系须核实
police-411500,河南,411500,信阳市,prefecture,police,pending_discovery,河南 信阳市 公安局 公安分局 政府信息公开 官方网站,https://www.mca.gov.cn/mzsj/xzqh/2025/202401xzqh.html,行政区划覆盖任务，不是已确认公安机构；区划变更及一对多机构关系须核实
police-411502,河南,411502,浉河区,county,police,pending_discovery,河南 浉河区 公安局 公安分局 政府信息公开 官方网站,https://www.mca.gov.cn/mzsj/xzqh/2025/202401xzqh.html,行政区划覆盖任务，不是已确认公安机构；区划变更及一对多机构关系须核实
police-411503,河南,411503,平桥区,county,police,pending_discovery,河南 平桥区 公安局 公安分局 政府信息公开 官方网站,https://www.mca.gov.cn/mzsj/xzqh/2025/202401xzqh.html,行政区划覆盖任务，不是已确认公安机构；区划变更及一对多机构关系须核实
police-411521,河南,411521,罗山县,county,police,pending_discovery,河南 罗山县 公安局 公安分局 政府信息公开 官方网站,https://www.mca.gov.cn/mzsj/xzqh/2025/202401xzqh.html,行政区划覆盖任务，不是已确认公安机构；区划变更及一对多机构关系须核实
police-411522,河南,411522,光山县,county,police,pending_discovery,河南 光山县 公安局 公安分局 政府信息公开 官方网站,https://www.mca.gov.cn/mzsj/xzqh/2025/202401xzqh.html,行政区划覆盖任务，不是已确认公安机构；区划变更及一对多机构关系须核实
police-411523,河南,411523,新县,county,police,pending_discovery,河南 新县 公安局 公安分局 政府信息公开 官方网站,https://www.mca.gov.cn/mzsj/xzqh/2025/202401xzqh.html,行政区划覆盖任务，不是已确认公安机构；区划变更及一对多机构关系须核实
police-411524,河南,411524,商城县,county,police,pending_discovery,河南 商城县 公安局 公安分局 政府信息公开 官方网站,https://www.mca.gov.cn/mzsj/xzqh/2025/202401xzqh.html,行政区划覆盖任务，不是已确认公安机构；区划变更及一对多机构关系须核实
police-411525,河南,411525,固始县,county,police,pending_discovery,河南 固始县 公安局 公安分局 政府信息公开 官方网站,https://www.mca.gov.cn/mzsj/xzqh/2025/202401xzqh.html,行政区划覆盖任务，不是已确认公安机构；区划变更及一对多机构关系须核实
police-411526,河南,411526,潢川县,county,police,pending_discovery,河南 潢川县 公安局 公安分局 政府信息公开 官方网站,https://www.mca.gov.cn/mzsj/xzqh/2025/202401xzqh.html,行政区划覆盖任务，不是已确认公安机构；区划变更及一对多机构关系须核实
police-411527,河南,411527,淮滨县,county,police,pending_discovery,河南 淮滨县 公安局 公安分局 政府信息公开 官方网站,https://www.mca.gov.cn/mzsj/xzqh/2025/202401xzqh.html,行政区划覆盖任务，不是已确认公安机构；区划变更及一对多机构关系须核实
police-411528,河南,411528,息县,county,police,pending_discovery,河南 息县 公安局 公安分局 政府信息公开 官方网站,https://www.mca.gov.cn/mzsj/xzqh/2025/202401xzqh.html,行政区划覆盖任务，不是已确认公安机构；区划变更及一对多机构关系须核实
police-411600,河南,411600,周口市,prefecture,police,pending_discovery,河南 周口市 公安局 公安分局 政府信息公开 官方网站,https://www.mca.gov.cn/mzsj/xzqh/2025/202401xzqh.html,行政区划覆盖任务，不是已确认公安机构；区划变更及一对多机构关系须核实
police-411602,河南,411602,川汇区,county,police,pending_discovery,河南 川汇区 公安局 公安分局 政府信息公开 官方网站,https://www.mca.gov.cn/mzsj/xzqh/2025/202401xzqh.html,行政区划覆盖任务，不是已确认公安机构；区划变更及一对多机构关系须核实
police-411603,河南,411603,淮阳区,county,police,pending_discovery,河南 淮阳区 公安局 公安分局 政府信息公开 官方网站,https://www.mca.gov.cn/mzsj/xzqh/2025/202401xzqh.html,行政区划覆盖任务，不是已确认公安机构；区划变更及一对多机构关系须核实
police-411621,河南,411621,扶沟县,county,police,pending_discovery,河南 扶沟县 公安局 公安分局 政府信息公开 官方网站,https://www.mca.gov.cn/mzsj/xzqh/2025/202401xzqh.html,行政区划覆盖任务，不是已确认公安机构；区划变更及一对多机构关系须核实
police-411622,河南,411622,西华县,county,police,pending_discovery,河南 西华县 公安局 公安分局 政府信息公开 官方网站,https://www.mca.gov.cn/mzsj/xzqh/2025/202401xzqh.html,行政区划覆盖任务，不是已确认公安机构；区划变更及一对多机构关系须核实
police-411623,河南,411623,商水县,county,police,pending_discovery,河南 商水县 公安局 公安分局 政府信息公开 官方网站,https://www.mca.gov.cn/mzsj/xzqh/2025/202401xzqh.html,行政区划覆盖任务，不是已确认公安机构；区划变更及一对多机构关系须核实
police-411624,河南,411624,沈丘县,county,police,pending_discovery,河南 沈丘县 公安局 公安分局 政府信息公开 官方网站,https://www.mca.gov.cn/mzsj/xzqh/2025/202401xzqh.html,行政区划覆盖任务，不是已确认公安机构；区划变更及一对多机构关系须核实
police-411625,河南,411625,郸城县,county,police,pending_discovery,河南 郸城县 公安局 公安分局 政府信息公开 官方网站,https://www.mca.gov.cn/mzsj/xzqh/2025/202401xzqh.html,行政区划覆盖任务，不是已确认公安机构；区划变更及一对多机构关系须核实
police-411627,河南,411627,太康县,county,police,pending_discovery,河南 太康县 公安局 公安分局 政府信息公开 官方网站,https://www.mca.gov.cn/mzsj/xzqh/2025/202401xzqh.html,行政区划覆盖任务，不是已确认公安机构；区划变更及一对多机构关系须核实
police-411628,河南,411628,鹿邑县,county,police,pending_discovery,河南 鹿邑县 公安局 公安分局 政府信息公开 官方网站,https://www.mca.gov.cn/mzsj/xzqh/2025/202401xzqh.html,行政区划覆盖任务，不是已确认公安机构；区划变更及一对多机构关系须核实
police-411681,河南,411681,项城市,county,police,pending_discovery,河南 项城市 公安局 公安分局 政府信息公开 官方网站,https://www.mca.gov.cn/mzsj/xzqh/2025/202401xzqh.html,行政区划覆盖任务，不是已确认公安机构；区划变更及一对多机构关系须核实
police-411700,河南,411700,驻马店市,prefecture,police,pending_discovery,河南 驻马店市 公安局 公安分局 政府信息公开 官方网站,https://www.mca.gov.cn/mzsj/xzqh/2025/202401xzqh.html,行政区划覆盖任务，不是已确认公安机构；区划变更及一对多机构关系须核实
police-411702,河南,411702,驿城区,county,police,pending_discovery,河南 驿城区 公安局 公安分局 政府信息公开 官方网站,https://www.mca.gov.cn/mzsj/xzqh/2025/202401xzqh.html,行政区划覆盖任务，不是已确认公安机构；区划变更及一对多机构关系须核实
police-411721,河南,411721,西平县,county,police,pending_discovery,河南 西平县 公安局 公安分局 政府信息公开 官方网站,https://www.mca.gov.cn/mzsj/xzqh/2025/202401xzqh.html,行政区划覆盖任务，不是已确认公安机构；区划变更及一对多机构关系须核实
police-411722,河南,411722,上蔡县,county,police,pending_discovery,河南 上蔡县 公安局 公安分局 政府信息公开 官方网站,https://www.mca.gov.cn/mzsj/xzqh/2025/202401xzqh.html,行政区划覆盖任务，不是已确认公安机构；区划变更及一对多机构关系须核实
police-411723,河南,411723,平舆县,county,police,pending_discovery,河南 平舆县 公安局 公安分局 政府信息公开 官方网站,https://www.mca.gov.cn/mzsj/xzqh/2025/202401xzqh.html,行政区划覆盖任务，不是已确认公安机构；区划变更及一对多机构关系须核实
police-411724,河南,411724,正阳县,county,police,pending_discovery,河南 正阳县 公安局 公安分局 政府信息公开 官方网站,https://www.mca.gov.cn/mzsj/xzqh/2025/202401xzqh.html,行政区划覆盖任务，不是已确认公安机构；区划变更及一对多机构关系须核实
police-411725,河南,411725,确山县,county,police,pending_discovery,河南 确山县 公安局 公安分局 政府信息公开 官方网站,https://www.mca.gov.cn/mzsj/xzqh/2025/202401xzqh.html,行政区划覆盖任务，不是已确认公安机构；区划变更及一对多机构关系须核实
police-411726,河南,411726,泌阳县,county,police,pending_discovery,河南 泌阳县 公安局 公安分局 政府信息公开 官方网站,https://www.mca.gov.cn/mzsj/xzqh/2025/202401xzqh.html,行政区划覆盖任务，不是已确认公安机构；区划变更及一对多机构关系须核实
police-411727,河南,411727,汝南县,county,police,pending_discovery,河南 汝南县 公安局 公安分局 政府信息公开 官方网站,https://www.mca.gov.cn/mzsj/xzqh/2025/202401xzqh.html,行政区划覆盖任务，不是已确认公安机构；区划变更及一对多机构关系须核实
police-411728,河南,411728,遂平县,county,police,pending_discovery,河南 遂平县 公安局 公安分局 政府信息公开 官方网站,https://www.mca.gov.cn/mzsj/xzqh/2025/202401xzqh.html,行政区划覆盖任务，不是已确认公安机构；区划变更及一对多机构关系须核实
police-411729,河南,411729,新蔡县,county,police,pending_discovery,河南 新蔡县 公安局 公安分局 政府信息公开 官方网站,https://www.mca.gov.cn/mzsj/xzqh/2025/202401xzqh.html,行政区划覆盖任务，不是已确认公安机构；区划变更及一对多机构关系须核实
police-419001,河南,419001,济源市*,county,police,pending_discovery,河南 济源市* 公安局 公安分局 政府信息公开 官方网站,https://www.mca.gov.cn/mzsj/xzqh/2025/202401xzqh.html,行政区划覆盖任务，不是已确认公安机构；区划变更及一对多机构关系须核实
police-420000,湖北,420000,湖北省,province,police,pending_discovery,湖北 湖北省 公安局 公安分局 政府信息公开 官方网站,https://www.mca.gov.cn/mzsj/xzqh/2025/202401xzqh.html,行政区划覆盖任务，不是已确认公安机构；区划变更及一对多机构关系须核实
police-420100,湖北,420100,武汉市,prefecture,police,pending_discovery,湖北 武汉市 公安局 公安分局 政府信息公开 官方网站,https://www.mca.gov.cn/mzsj/xzqh/2025/202401xzqh.html,行政区划覆盖任务，不是已确认公安机构；区划变更及一对多机构关系须核实
police-420102,湖北,420102,江岸区,county,police,pending_discovery,湖北 江岸区 公安局 公安分局 政府信息公开 官方网站,https://www.mca.gov.cn/mzsj/xzqh/2025/202401xzqh.html,行政区划覆盖任务，不是已确认公安机构；区划变更及一对多机构关系须核实
police-420103,湖北,420103,江汉区,county,police,pending_discovery,湖北 江汉区 公安局 公安分局 政府信息公开 官方网站,https://www.mca.gov.cn/mzsj/xzqh/2025/202401xzqh.html,行政区划覆盖任务，不是已确认公安机构；区划变更及一对多机构关系须核实
police-420104,湖北,420104,硚口区,county,police,pending_discovery,湖北 硚口区 公安局 公安分局 政府信息公开 官方网站,https://www.mca.gov.cn/mzsj/xzqh/2025/202401xzqh.html,行政区划覆盖任务，不是已确认公安机构；区划变更及一对多机构关系须核实
police-420105,湖北,420105,汉阳区,county,police,pending_discovery,湖北 汉阳区 公安局 公安分局 政府信息公开 官方网站,https://www.mca.gov.cn/mzsj/xzqh/2025/202401xzqh.html,行政区划覆盖任务，不是已确认公安机构；区划变更及一对多机构关系须核实
police-420106,湖北,420106,武昌区,county,police,pending_discovery,湖北 武昌区 公安局 公安分局 政府信息公开 官方网站,https://www.mca.gov.cn/mzsj/xzqh/2025/202401xzqh.html,行政区划覆盖任务，不是已确认公安机构；区划变更及一对多机构关系须核实
police-420107,湖北,420107,青山区,county,police,pending_discovery,湖北 青山区 公安局 公安分局 政府信息公开 官方网站,https://www.mca.gov.cn/mzsj/xzqh/2025/202401xzqh.html,行政区划覆盖任务，不是已确认公安机构；区划变更及一对多机构关系须核实
police-420111,湖北,420111,洪山区,county,police,pending_discovery,湖北 洪山区 公安局 公安分局 政府信息公开 官方网站,https://www.mca.gov.cn/mzsj/xzqh/2025/202401xzqh.html,行政区划覆盖任务，不是已确认公安机构；区划变更及一对多机构关系须核实
police-420112,湖北,420112,东西湖区,county,police,pending_discovery,湖北 东西湖区 公安局 公安分局 政府信息公开 官方网站,https://www.mca.gov.cn/mzsj/xzqh/2025/202401xzqh.html,行政区划覆盖任务，不是已确认公安机构；区划变更及一对多机构关系须核实
police-420113,湖北,420113,汉南区,county,police,pending_discovery,湖北 汉南区 公安局 公安分局 政府信息公开 官方网站,https://www.mca.gov.cn/mzsj/xzqh/2025/202401xzqh.html,行政区划覆盖任务，不是已确认公安机构；区划变更及一对多机构关系须核实
police-420114,湖北,420114,蔡甸区,county,police,pending_discovery,湖北 蔡甸区 公安局 公安分局 政府信息公开 官方网站,https://www.mca.gov.cn/mzsj/xzqh/2025/202401xzqh.html,行政区划覆盖任务，不是已确认公安机构；区划变更及一对多机构关系须核实
police-420115,湖北,420115,江夏区,county,police,pending_discovery,湖北 江夏区 公安局 公安分局 政府信息公开 官方网站,https://www.mca.gov.cn/mzsj/xzqh/2025/202401xzqh.html,行政区划覆盖任务，不是已确认公安机构；区划变更及一对多机构关系须核实
police-420116,湖北,420116,黄陂区,county,police,pending_discovery,湖北 黄陂区 公安局 公安分局 政府信息公开 官方网站,https://www.mca.gov.cn/mzsj/xzqh/2025/202401xzqh.html,行政区划覆盖任务，不是已确认公安机构；区划变更及一对多机构关系须核实
police-420117,湖北,420117,新洲区,county,police,pending_discovery,湖北 新洲区 公安局 公安分局 政府信息公开 官方网站,https://www.mca.gov.cn/mzsj/xzqh/2025/202401xzqh.html,行政区划覆盖任务，不是已确认公安机构；区划变更及一对多机构关系须核实
police-420200,湖北,420200,黄石市,prefecture,police,pending_discovery,湖北 黄石市 公安局 公安分局 政府信息公开 官方网站,https://www.mca.gov.cn/mzsj/xzqh/2025/202401xzqh.html,行政区划覆盖任务，不是已确认公安机构；区划变更及一对多机构关系须核实
police-420202,湖北,420202,黄石港区,county,police,pending_discovery,湖北 黄石港区 公安局 公安分局 政府信息公开 官方网站,https://www.mca.gov.cn/mzsj/xzqh/2025/202401xzqh.html,行政区划覆盖任务，不是已确认公安机构；区划变更及一对多机构关系须核实
police-420203,湖北,420203,西塞山区,county,police,pending_discovery,湖北 西塞山区 公安局 公安分局 政府信息公开 官方网站,https://www.mca.gov.cn/mzsj/xzqh/2025/202401xzqh.html,行政区划覆盖任务，不是已确认公安机构；区划变更及一对多机构关系须核实
police-420204,湖北,420204,下陆区,county,police,pending_discovery,湖北 下陆区 公安局 公安分局 政府信息公开 官方网站,https://www.mca.gov.cn/mzsj/xzqh/2025/202401xzqh.html,行政区划覆盖任务，不是已确认公安机构；区划变更及一对多机构关系须核实
police-420205,湖北,420205,铁山区,county,police,pending_discovery,湖北 铁山区 公安局 公安分局 政府信息公开 官方网站,https://www.mca.gov.cn/mzsj/xzqh/2025/202401xzqh.html,行政区划覆盖任务，不是已确认公安机构；区划变更及一对多机构关系须核实
police-420222,湖北,420222,阳新县,county,police,pending_discovery,湖北 阳新县 公安局 公安分局 政府信息公开 官方网站,https://www.mca.gov.cn/mzsj/xzqh/2025/202401xzqh.html,行政区划覆盖任务，不是已确认公安机构；区划变更及一对多机构关系须核实
police-420281,湖北,420281,大冶市,county,police,pending_discovery,湖北 大冶市 公安局 公安分局 政府信息公开 官方网站,https://www.mca.gov.cn/mzsj/xzqh/2025/202401xzqh.html,行政区划覆盖任务，不是已确认公安机构；区划变更及一对多机构关系须核实
police-420300,湖北,420300,十堰市,prefecture,police,pending_discovery,湖北 十堰市 公安局 公安分局 政府信息公开 官方网站,https://www.mca.gov.cn/mzsj/xzqh/2025/202401xzqh.html,行政区划覆盖任务，不是已确认公安机构；区划变更及一对多机构关系须核实
police-420302,湖北,420302,茅箭区,county,police,pending_discovery,湖北 茅箭区 公安局 公安分局 政府信息公开 官方网站,https://www.mca.gov.cn/mzsj/xzqh/2025/202401xzqh.html,行政区划覆盖任务，不是已确认公安机构；区划变更及一对多机构关系须核实
police-420303,湖北,420303,张湾区,county,police,pending_discovery,湖北 张湾区 公安局 公安分局 政府信息公开 官方网站,https://www.mca.gov.cn/mzsj/xzqh/2025/202401xzqh.html,行政区划覆盖任务，不是已确认公安机构；区划变更及一对多机构关系须核实
police-420304,湖北,420304,郧阳区,county,police,pending_discovery,湖北 郧阳区 公安局 公安分局 政府信息公开 官方网站,https://www.mca.gov.cn/mzsj/xzqh/2025/202401xzqh.html,行政区划覆盖任务，不是已确认公安机构；区划变更及一对多机构关系须核实
police-420322,湖北,420322,郧西县,county,police,pending_discovery,湖北 郧西县 公安局 公安分局 政府信息公开 官方网站,https://www.mca.gov.cn/mzsj/xzqh/2025/202401xzqh.html,行政区划覆盖任务，不是已确认公安机构；区划变更及一对多机构关系须核实
police-420323,湖北,420323,竹山县,county,police,pending_discovery,湖北 竹山县 公安局 公安分局 政府信息公开 官方网站,https://www.mca.gov.cn/mzsj/xzqh/2025/202401xzqh.html,行政区划覆盖任务，不是已确认公安机构；区划变更及一对多机构关系须核实
police-420324,湖北,420324,竹溪县,county,police,pending_discovery,湖北 竹溪县 公安局 公安分局 政府信息公开 官方网站,https://www.mca.gov.cn/mzsj/xzqh/2025/202401xzqh.html,行政区划覆盖任务，不是已确认公安机构；区划变更及一对多机构关系须核实
police-420325,湖北,420325,房县,county,police,pending_discovery,湖北 房县 公安局 公安分局 政府信息公开 官方网站,https://www.mca.gov.cn/mzsj/xzqh/2025/202401xzqh.html,行政区划覆盖任务，不是已确认公安机构；区划变更及一对多机构关系须核实
police-420381,湖北,420381,丹江口市,county,police,pending_discovery,湖北 丹江口市 公安局 公安分局 政府信息公开 官方网站,https://www.mca.gov.cn/mzsj/xzqh/2025/202401xzqh.html,行政区划覆盖任务，不是已确认公安机构；区划变更及一对多机构关系须核实
police-420500,湖北,420500,宜昌市,prefecture,police,pending_discovery,湖北 宜昌市 公安局 公安分局 政府信息公开 官方网站,https://www.mca.gov.cn/mzsj/xzqh/2025/202401xzqh.html,行政区划覆盖任务，不是已确认公安机构；区划变更及一对多机构关系须核实
police-420502,湖北,420502,西陵区,county,police,pending_discovery,湖北 西陵区 公安局 公安分局 政府信息公开 官方网站,https://www.mca.gov.cn/mzsj/xzqh/2025/202401xzqh.html,行政区划覆盖任务，不是已确认公安机构；区划变更及一对多机构关系须核实
police-420503,湖北,420503,伍家岗区,county,police,pending_discovery,湖北 伍家岗区 公安局 公安分局 政府信息公开 官方网站,https://www.mca.gov.cn/mzsj/xzqh/2025/202401xzqh.html,行政区划覆盖任务，不是已确认公安机构；区划变更及一对多机构关系须核实
police-420504,湖北,420504,点军区,county,police,pending_discovery,湖北 点军区 公安局 公安分局 政府信息公开 官方网站,https://www.mca.gov.cn/mzsj/xzqh/2025/202401xzqh.html,行政区划覆盖任务，不是已确认公安机构；区划变更及一对多机构关系须核实
police-420505,湖北,420505,猇亭区,county,police,pending_discovery,湖北 猇亭区 公安局 公安分局 政府信息公开 官方网站,https://www.mca.gov.cn/mzsj/xzqh/2025/202401xzqh.html,行政区划覆盖任务，不是已确认公安机构；区划变更及一对多机构关系须核实
police-420506,湖北,420506,夷陵区,county,police,pending_discovery,湖北 夷陵区 公安局 公安分局 政府信息公开 官方网站,https://www.mca.gov.cn/mzsj/xzqh/2025/202401xzqh.html,行政区划覆盖任务，不是已确认公安机构；区划变更及一对多机构关系须核实
police-420525,湖北,420525,远安县,county,police,pending_discovery,湖北 远安县 公安局 公安分局 政府信息公开 官方网站,https://www.mca.gov.cn/mzsj/xzqh/2025/202401xzqh.html,行政区划覆盖任务，不是已确认公安机构；区划变更及一对多机构关系须核实
police-420526,湖北,420526,兴山县,county,police,pending_discovery,湖北 兴山县 公安局 公安分局 政府信息公开 官方网站,https://www.mca.gov.cn/mzsj/xzqh/2025/202401xzqh.html,行政区划覆盖任务，不是已确认公安机构；区划变更及一对多机构关系须核实
police-420527,湖北,420527,秭归县,county,police,pending_discovery,湖北 秭归县 公安局 公安分局 政府信息公开 官方网站,https://www.mca.gov.cn/mzsj/xzqh/2025/202401xzqh.html,行政区划覆盖任务，不是已确认公安机构；区划变更及一对多机构关系须核实
police-420528,湖北,420528,长阳土家族自治县,county,police,pending_discovery,湖北 长阳土家族自治县 公安局 公安分局 政府信息公开 官方网站,https://www.mca.gov.cn/mzsj/xzqh/2025/202401xzqh.html,行政区划覆盖任务，不是已确认公安机构；区划变更及一对多机构关系须核实
police-420529,湖北,420529,五峰土家族自治县,county,police,pending_discovery,湖北 五峰土家族自治县 公安局 公安分局 政府信息公开 官方网站,https://www.mca.gov.cn/mzsj/xzqh/2025/202401xzqh.html,行政区划覆盖任务，不是已确认公安机构；区划变更及一对多机构关系须核实
police-420581,湖北,420581,宜都市,county,police,pending_discovery,湖北 宜都市 公安局 公安分局 政府信息公开 官方网站,https://www.mca.gov.cn/mzsj/xzqh/2025/202401xzqh.html,行政区划覆盖任务，不是已确认公安机构；区划变更及一对多机构关系须核实
police-420582,湖北,420582,当阳市,county,police,pending_discovery,湖北 当阳市 公安局 公安分局 政府信息公开 官方网站,https://www.mca.gov.cn/mzsj/xzqh/2025/202401xzqh.html,行政区划覆盖任务，不是已确认公安机构；区划变更及一对多机构关系须核实
police-420583,湖北,420583,枝江市,county,police,pending_discovery,湖北 枝江市 公安局 公安分局 政府信息公开 官方网站,https://www.mca.gov.cn/mzsj/xzqh/2025/202401xzqh.html,行政区划覆盖任务，不是已确认公安机构；区划变更及一对多机构关系须核实
police-420600,湖北,420600,襄阳市,prefecture,police,pending_discovery,湖北 襄阳市 公安局 公安分局 政府信息公开 官方网站,https://www.mca.gov.cn/mzsj/xzqh/2025/202401xzqh.html,行政区划覆盖任务，不是已确认公安机构；区划变更及一对多机构关系须核实
police-420602,湖北,420602,襄城区,county,police,pending_discovery,湖北 襄城区 公安局 公安分局 政府信息公开 官方网站,https://www.mca.gov.cn/mzsj/xzqh/2025/202401xzqh.html,行政区划覆盖任务，不是已确认公安机构；区划变更及一对多机构关系须核实
police-420606,湖北,420606,樊城区,county,police,pending_discovery,湖北 樊城区 公安局 公安分局 政府信息公开 官方网站,https://www.mca.gov.cn/mzsj/xzqh/2025/202401xzqh.html,行政区划覆盖任务，不是已确认公安机构；区划变更及一对多机构关系须核实
police-420607,湖北,420607,襄州区,county,police,pending_discovery,湖北 襄州区 公安局 公安分局 政府信息公开 官方网站,https://www.mca.gov.cn/mzsj/xzqh/2025/202401xzqh.html,行政区划覆盖任务，不是已确认公安机构；区划变更及一对多机构关系须核实
police-420624,湖北,420624,南漳县,county,police,pending_discovery,湖北 南漳县 公安局 公安分局 政府信息公开 官方网站,https://www.mca.gov.cn/mzsj/xzqh/2025/202401xzqh.html,行政区划覆盖任务，不是已确认公安机构；区划变更及一对多机构关系须核实
police-420625,湖北,420625,谷城县,county,police,pending_discovery,湖北 谷城县 公安局 公安分局 政府信息公开 官方网站,https://www.mca.gov.cn/mzsj/xzqh/2025/202401xzqh.html,行政区划覆盖任务，不是已确认公安机构；区划变更及一对多机构关系须核实
police-420626,湖北,420626,保康县,county,police,pending_discovery,湖北 保康县 公安局 公安分局 政府信息公开 官方网站,https://www.mca.gov.cn/mzsj/xzqh/2025/202401xzqh.html,行政区划覆盖任务，不是已确认公安机构；区划变更及一对多机构关系须核实
police-420682,湖北,420682,老河口市,county,police,pending_discovery,湖北 老河口市 公安局 公安分局 政府信息公开 官方网站,https://www.mca.gov.cn/mzsj/xzqh/2025/202401xzqh.html,行政区划覆盖任务，不是已确认公安机构；区划变更及一对多机构关系须核实
police-420683,湖北,420683,枣阳市,county,police,pending_discovery,湖北 枣阳市 公安局 公安分局 政府信息公开 官方网站,https://www.mca.gov.cn/mzsj/xzqh/2025/202401xzqh.html,行政区划覆盖任务，不是已确认公安机构；区划变更及一对多机构关系须核实
police-420684,湖北,420684,宜城市,county,police,pending_discovery,湖北 宜城市 公安局 公安分局 政府信息公开 官方网站,https://www.mca.gov.cn/mzsj/xzqh/2025/202401xzqh.html,行政区划覆盖任务，不是已确认公安机构；区划变更及一对多机构关系须核实
police-420700,湖北,420700,鄂州市,prefecture,police,pending_discovery,湖北 鄂州市 公安局 公安分局 政府信息公开 官方网站,https://www.mca.gov.cn/mzsj/xzqh/2025/202401xzqh.html,行政区划覆盖任务，不是已确认公安机构；区划变更及一对多机构关系须核实
police-420702,湖北,420702,梁子湖区,county,police,pending_discovery,湖北 梁子湖区 公安局 公安分局 政府信息公开 官方网站,https://www.mca.gov.cn/mzsj/xzqh/2025/202401xzqh.html,行政区划覆盖任务，不是已确认公安机构；区划变更及一对多机构关系须核实
police-420703,湖北,420703,华容区,county,police,pending_discovery,湖北 华容区 公安局 公安分局 政府信息公开 官方网站,https://www.mca.gov.cn/mzsj/xzqh/2025/202401xzqh.html,行政区划覆盖任务，不是已确认公安机构；区划变更及一对多机构关系须核实
police-420704,湖北,420704,鄂城区,county,police,pending_discovery,湖北 鄂城区 公安局 公安分局 政府信息公开 官方网站,https://www.mca.gov.cn/mzsj/xzqh/2025/202401xzqh.html,行政区划覆盖任务，不是已确认公安机构；区划变更及一对多机构关系须核实
police-420800,湖北,420800,荆门市,prefecture,police,pending_discovery,湖北 荆门市 公安局 公安分局 政府信息公开 官方网站,https://www.mca.gov.cn/mzsj/xzqh/2025/202401xzqh.html,行政区划覆盖任务，不是已确认公安机构；区划变更及一对多机构关系须核实
police-420802,湖北,420802,东宝区,county,police,pending_discovery,湖北 东宝区 公安局 公安分局 政府信息公开 官方网站,https://www.mca.gov.cn/mzsj/xzqh/2025/202401xzqh.html,行政区划覆盖任务，不是已确认公安机构；区划变更及一对多机构关系须核实
police-420804,湖北,420804,掇刀区,county,police,pending_discovery,湖北 掇刀区 公安局 公安分局 政府信息公开 官方网站,https://www.mca.gov.cn/mzsj/xzqh/2025/202401xzqh.html,行政区划覆盖任务，不是已确认公安机构；区划变更及一对多机构关系须核实
police-420822,湖北,420822,沙洋县,county,police,pending_discovery,湖北 沙洋县 公安局 公安分局 政府信息公开 官方网站,https://www.mca.gov.cn/mzsj/xzqh/2025/202401xzqh.html,行政区划覆盖任务，不是已确认公安机构；区划变更及一对多机构关系须核实
police-420881,湖北,420881,钟祥市,county,police,pending_discovery,湖北 钟祥市 公安局 公安分局 政府信息公开 官方网站,https://www.mca.gov.cn/mzsj/xzqh/2025/202401xzqh.html,行政区划覆盖任务，不是已确认公安机构；区划变更及一对多机构关系须核实
police-420882,湖北,420882,京山市,county,police,pending_discovery,湖北 京山市 公安局 公安分局 政府信息公开 官方网站,https://www.mca.gov.cn/mzsj/xzqh/2025/202401xzqh.html,行政区划覆盖任务，不是已确认公安机构；区划变更及一对多机构关系须核实
police-420900,湖北,420900,孝感市,prefecture,police,pending_discovery,湖北 孝感市 公安局 公安分局 政府信息公开 官方网站,https://www.mca.gov.cn/mzsj/xzqh/2025/202401xzqh.html,行政区划覆盖任务，不是已确认公安机构；区划变更及一对多机构关系须核实
police-420902,湖北,420902,孝南区,county,police,pending_discovery,湖北 孝南区 公安局 公安分局 政府信息公开 官方网站,https://www.mca.gov.cn/mzsj/xzqh/2025/202401xzqh.html,行政区划覆盖任务，不是已确认公安机构；区划变更及一对多机构关系须核实
police-420921,湖北,420921,孝昌县,county,police,pending_discovery,湖北 孝昌县 公安局 公安分局 政府信息公开 官方网站,https://www.mca.gov.cn/mzsj/xzqh/2025/202401xzqh.html,行政区划覆盖任务，不是已确认公安机构；区划变更及一对多机构关系须核实
police-420922,湖北,420922,大悟县,county,police,pending_discovery,湖北 大悟县 公安局 公安分局 政府信息公开 官方网站,https://www.mca.gov.cn/mzsj/xzqh/2025/202401xzqh.html,行政区划覆盖任务，不是已确认公安机构；区划变更及一对多机构关系须核实
police-420923,湖北,420923,云梦县,county,police,pending_discovery,湖北 云梦县 公安局 公安分局 政府信息公开 官方网站,https://www.mca.gov.cn/mzsj/xzqh/2025/202401xzqh.html,行政区划覆盖任务，不是已确认公安机构；区划变更及一对多机构关系须核实
police-420981,湖北,420981,应城市,county,police,pending_discovery,湖北 应城市 公安局 公安分局 政府信息公开 官方网站,https://www.mca.gov.cn/mzsj/xzqh/2025/202401xzqh.html,行政区划覆盖任务，不是已确认公安机构；区划变更及一对多机构关系须核实
police-420982,湖北,420982,安陆市,county,police,pending_discovery,湖北 安陆市 公安局 公安分局 政府信息公开 官方网站,https://www.mca.gov.cn/mzsj/xzqh/2025/202401xzqh.html,行政区划覆盖任务，不是已确认公安机构；区划变更及一对多机构关系须核实
police-420984,湖北,420984,汉川市,county,police,pending_discovery,湖北 汉川市 公安局 公安分局 政府信息公开 官方网站,https://www.mca.gov.cn/mzsj/xzqh/2025/202401xzqh.html,行政区划覆盖任务，不是已确认公安机构；区划变更及一对多机构关系须核实
police-421000,湖北,421000,荆州市,prefecture,police,pending_discovery,湖北 荆州市 公安局 公安分局 政府信息公开 官方网站,https://www.mca.gov.cn/mzsj/xzqh/2025/202401xzqh.html,行政区划覆盖任务，不是已确认公安机构；区划变更及一对多机构关系须核实
police-421002,湖北,421002,沙市区,county,police,pending_discovery,湖北 沙市区 公安局 公安分局 政府信息公开 官方网站,https://www.mca.gov.cn/mzsj/xzqh/2025/202401xzqh.html,行政区划覆盖任务，不是已确认公安机构；区划变更及一对多机构关系须核实
police-421003,湖北,421003,荆州区,county,police,pending_discovery,湖北 荆州区 公安局 公安分局 政府信息公开 官方网站,https://www.mca.gov.cn/mzsj/xzqh/2025/202401xzqh.html,行政区划覆盖任务，不是已确认公安机构；区划变更及一对多机构关系须核实
police-421022,湖北,421022,公安县,county,police,pending_discovery,湖北 公安县 公安局 公安分局 政府信息公开 官方网站,https://www.mca.gov.cn/mzsj/xzqh/2025/202401xzqh.html,行政区划覆盖任务，不是已确认公安机构；区划变更及一对多机构关系须核实
police-421024,湖北,421024,江陵县,county,police,pending_discovery,湖北 江陵县 公安局 公安分局 政府信息公开 官方网站,https://www.mca.gov.cn/mzsj/xzqh/2025/202401xzqh.html,行政区划覆盖任务，不是已确认公安机构；区划变更及一对多机构关系须核实
police-421081,湖北,421081,石首市,county,police,pending_discovery,湖北 石首市 公安局 公安分局 政府信息公开 官方网站,https://www.mca.gov.cn/mzsj/xzqh/2025/202401xzqh.html,行政区划覆盖任务，不是已确认公安机构；区划变更及一对多机构关系须核实
police-421083,湖北,421083,洪湖市,county,police,pending_discovery,湖北 洪湖市 公安局 公安分局 政府信息公开 官方网站,https://www.mca.gov.cn/mzsj/xzqh/2025/202401xzqh.html,行政区划覆盖任务，不是已确认公安机构；区划变更及一对多机构关系须核实
police-421087,湖北,421087,松滋市,county,police,pending_discovery,湖北 松滋市 公安局 公安分局 政府信息公开 官方网站,https://www.mca.gov.cn/mzsj/xzqh/2025/202401xzqh.html,行政区划覆盖任务，不是已确认公安机构；区划变更及一对多机构关系须核实
police-421088,湖北,421088,监利市,county,police,pending_discovery,湖北 监利市 公安局 公安分局 政府信息公开 官方网站,https://www.mca.gov.cn/mzsj/xzqh/2025/202401xzqh.html,行政区划覆盖任务，不是已确认公安机构；区划变更及一对多机构关系须核实
police-421100,湖北,421100,黄冈市,prefecture,police,pending_discovery,湖北 黄冈市 公安局 公安分局 政府信息公开 官方网站,https://www.mca.gov.cn/mzsj/xzqh/2025/202401xzqh.html,行政区划覆盖任务，不是已确认公安机构；区划变更及一对多机构关系须核实
police-421102,湖北,421102,黄州区,county,police,pending_discovery,湖北 黄州区 公安局 公安分局 政府信息公开 官方网站,https://www.mca.gov.cn/mzsj/xzqh/2025/202401xzqh.html,行政区划覆盖任务，不是已确认公安机构；区划变更及一对多机构关系须核实
police-421121,湖北,421121,团风县,county,police,pending_discovery,湖北 团风县 公安局 公安分局 政府信息公开 官方网站,https://www.mca.gov.cn/mzsj/xzqh/2025/202401xzqh.html,行政区划覆盖任务，不是已确认公安机构；区划变更及一对多机构关系须核实
police-421122,湖北,421122,红安县,county,police,pending_discovery,湖北 红安县 公安局 公安分局 政府信息公开 官方网站,https://www.mca.gov.cn/mzsj/xzqh/2025/202401xzqh.html,行政区划覆盖任务，不是已确认公安机构；区划变更及一对多机构关系须核实
police-421123,湖北,421123,罗田县,county,police,pending_discovery,湖北 罗田县 公安局 公安分局 政府信息公开 官方网站,https://www.mca.gov.cn/mzsj/xzqh/2025/202401xzqh.html,行政区划覆盖任务，不是已确认公安机构；区划变更及一对多机构关系须核实
police-421124,湖北,421124,英山县,county,police,pending_discovery,湖北 英山县 公安局 公安分局 政府信息公开 官方网站,https://www.mca.gov.cn/mzsj/xzqh/2025/202401xzqh.html,行政区划覆盖任务，不是已确认公安机构；区划变更及一对多机构关系须核实
police-421125,湖北,421125,浠水县,county,police,pending_discovery,湖北 浠水县 公安局 公安分局 政府信息公开 官方网站,https://www.mca.gov.cn/mzsj/xzqh/2025/202401xzqh.html,行政区划覆盖任务，不是已确认公安机构；区划变更及一对多机构关系须核实
police-421126,湖北,421126,蕲春县,county,police,pending_discovery,湖北 蕲春县 公安局 公安分局 政府信息公开 官方网站,https://www.mca.gov.cn/mzsj/xzqh/2025/202401xzqh.html,行政区划覆盖任务，不是已确认公安机构；区划变更及一对多机构关系须核实
police-421127,湖北,421127,黄梅县,county,police,pending_discovery,湖北 黄梅县 公安局 公安分局 政府信息公开 官方网站,https://www.mca.gov.cn/mzsj/xzqh/2025/202401xzqh.html,行政区划覆盖任务，不是已确认公安机构；区划变更及一对多机构关系须核实
police-421181,湖北,421181,麻城市,county,police,pending_discovery,湖北 麻城市 公安局 公安分局 政府信息公开 官方网站,https://www.mca.gov.cn/mzsj/xzqh/2025/202401xzqh.html,行政区划覆盖任务，不是已确认公安机构；区划变更及一对多机构关系须核实
police-421182,湖北,421182,武穴市,county,police,pending_discovery,湖北 武穴市 公安局 公安分局 政府信息公开 官方网站,https://www.mca.gov.cn/mzsj/xzqh/2025/202401xzqh.html,行政区划覆盖任务，不是已确认公安机构；区划变更及一对多机构关系须核实
police-421200,湖北,421200,咸宁市,prefecture,police,pending_discovery,湖北 咸宁市 公安局 公安分局 政府信息公开 官方网站,https://www.mca.gov.cn/mzsj/xzqh/2025/202401xzqh.html,行政区划覆盖任务，不是已确认公安机构；区划变更及一对多机构关系须核实
police-421202,湖北,421202,咸安区,county,police,pending_discovery,湖北 咸安区 公安局 公安分局 政府信息公开 官方网站,https://www.mca.gov.cn/mzsj/xzqh/2025/202401xzqh.html,行政区划覆盖任务，不是已确认公安机构；区划变更及一对多机构关系须核实
police-421221,湖北,421221,嘉鱼县,county,police,pending_discovery,湖北 嘉鱼县 公安局 公安分局 政府信息公开 官方网站,https://www.mca.gov.cn/mzsj/xzqh/2025/202401xzqh.html,行政区划覆盖任务，不是已确认公安机构；区划变更及一对多机构关系须核实
police-421222,湖北,421222,通城县,county,police,pending_discovery,湖北 通城县 公安局 公安分局 政府信息公开 官方网站,https://www.mca.gov.cn/mzsj/xzqh/2025/202401xzqh.html,行政区划覆盖任务，不是已确认公安机构；区划变更及一对多机构关系须核实
police-421223,湖北,421223,崇阳县,county,police,pending_discovery,湖北 崇阳县 公安局 公安分局 政府信息公开 官方网站,https://www.mca.gov.cn/mzsj/xzqh/2025/202401xzqh.html,行政区划覆盖任务，不是已确认公安机构；区划变更及一对多机构关系须核实
police-421224,湖北,421224,通山县,county,police,pending_discovery,湖北 通山县 公安局 公安分局 政府信息公开 官方网站,https://www.mca.gov.cn/mzsj/xzqh/2025/202401xzqh.html,行政区划覆盖任务，不是已确认公安机构；区划变更及一对多机构关系须核实
police-421281,湖北,421281,赤壁市,county,police,pending_discovery,湖北 赤壁市 公安局 公安分局 政府信息公开 官方网站,https://www.mca.gov.cn/mzsj/xzqh/2025/202401xzqh.html,行政区划覆盖任务，不是已确认公安机构；区划变更及一对多机构关系须核实
police-421300,湖北,421300,随州市,prefecture,police,pending_discovery,湖北 随州市 公安局 公安分局 政府信息公开 官方网站,https://www.mca.gov.cn/mzsj/xzqh/2025/202401xzqh.html,行政区划覆盖任务，不是已确认公安机构；区划变更及一对多机构关系须核实
police-421303,湖北,421303,曾都区,county,police,pending_discovery,湖北 曾都区 公安局 公安分局 政府信息公开 官方网站,https://www.mca.gov.cn/mzsj/xzqh/2025/202401xzqh.html,行政区划覆盖任务，不是已确认公安机构；区划变更及一对多机构关系须核实
police-421321,湖北,421321,随县,county,police,pending_discovery,湖北 随县 公安局 公安分局 政府信息公开 官方网站,https://www.mca.gov.cn/mzsj/xzqh/2025/202401xzqh.html,行政区划覆盖任务，不是已确认公安机构；区划变更及一对多机构关系须核实
police-421381,湖北,421381,广水市,county,police,pending_discovery,湖北 广水市 公安局 公安分局 政府信息公开 官方网站,https://www.mca.gov.cn/mzsj/xzqh/2025/202401xzqh.html,行政区划覆盖任务，不是已确认公安机构；区划变更及一对多机构关系须核实
police-422800,湖北,422800,恩施土家族苗族自治州,prefecture,police,pending_discovery,湖北 恩施土家族苗族自治州 公安局 公安分局 政府信息公开 官方网站,https://www.mca.gov.cn/mzsj/xzqh/2025/202401xzqh.html,行政区划覆盖任务，不是已确认公安机构；区划变更及一对多机构关系须核实
police-422801,湖北,422801,恩施市,county,police,pending_discovery,湖北 恩施市 公安局 公安分局 政府信息公开 官方网站,https://www.mca.gov.cn/mzsj/xzqh/2025/202401xzqh.html,行政区划覆盖任务，不是已确认公安机构；区划变更及一对多机构关系须核实
police-422802,湖北,422802,利川市,county,police,pending_discovery,湖北 利川市 公安局 公安分局 政府信息公开 官方网站,https://www.mca.gov.cn/mzsj/xzqh/2025/202401xzqh.html,行政区划覆盖任务，不是已确认公安机构；区划变更及一对多机构关系须核实
police-422822,湖北,422822,建始县,county,police,pending_discovery,湖北 建始县 公安局 公安分局 政府信息公开 官方网站,https://www.mca.gov.cn/mzsj/xzqh/2025/202401xzqh.html,行政区划覆盖任务，不是已确认公安机构；区划变更及一对多机构关系须核实
police-422823,湖北,422823,巴东县,county,police,pending_discovery,湖北 巴东县 公安局 公安分局 政府信息公开 官方网站,https://www.mca.gov.cn/mzsj/xzqh/2025/202401xzqh.html,行政区划覆盖任务，不是已确认公安机构；区划变更及一对多机构关系须核实
police-422825,湖北,422825,宣恩县,county,police,pending_discovery,湖北 宣恩县 公安局 公安分局 政府信息公开 官方网站,https://www.mca.gov.cn/mzsj/xzqh/2025/202401xzqh.html,行政区划覆盖任务，不是已确认公安机构；区划变更及一对多机构关系须核实
police-422826,湖北,422826,咸丰县,county,police,pending_discovery,湖北 咸丰县 公安局 公安分局 政府信息公开 官方网站,https://www.mca.gov.cn/mzsj/xzqh/2025/202401xzqh.html,行政区划覆盖任务，不是已确认公安机构；区划变更及一对多机构关系须核实
police-422827,湖北,422827,来凤县,county,police,pending_discovery,湖北 来凤县 公安局 公安分局 政府信息公开 官方网站,https://www.mca.gov.cn/mzsj/xzqh/2025/202401xzqh.html,行政区划覆盖任务，不是已确认公安机构；区划变更及一对多机构关系须核实
police-422828,湖北,422828,鹤峰县,county,police,pending_discovery,湖北 鹤峰县 公安局 公安分局 政府信息公开 官方网站,https://www.mca.gov.cn/mzsj/xzqh/2025/202401xzqh.html,行政区划覆盖任务，不是已确认公安机构；区划变更及一对多机构关系须核实
police-429004,湖北,429004,仙桃市*,county,police,pending_discovery,湖北 仙桃市* 公安局 公安分局 政府信息公开 官方网站,https://www.mca.gov.cn/mzsj/xzqh/2025/202401xzqh.html,行政区划覆盖任务，不是已确认公安机构；区划变更及一对多机构关系须核实
police-429005,湖北,429005,潜江市*,county,police,pending_discovery,湖北 潜江市* 公安局 公安分局 政府信息公开 官方网站,https://www.mca.gov.cn/mzsj/xzqh/2025/202401xzqh.html,行政区划覆盖任务，不是已确认公安机构；区划变更及一对多机构关系须核实
police-429006,湖北,429006,天门市*,county,police,pending_discovery,湖北 天门市* 公安局 公安分局 政府信息公开 官方网站,https://www.mca.gov.cn/mzsj/xzqh/2025/202401xzqh.html,行政区划覆盖任务，不是已确认公安机构；区划变更及一对多机构关系须核实
police-429021,湖北,429021,神农架林区*,county,police,pending_discovery,湖北 神农架林区* 公安局 公安分局 政府信息公开 官方网站,https://www.mca.gov.cn/mzsj/xzqh/2025/202401xzqh.html,行政区划覆盖任务，不是已确认公安机构；区划变更及一对多机构关系须核实
police-430000,湖南,430000,湖南省,province,police,pending_discovery,湖南 湖南省 公安局 公安分局 政府信息公开 官方网站,https://www.mca.gov.cn/mzsj/xzqh/2025/202401xzqh.html,行政区划覆盖任务，不是已确认公安机构；区划变更及一对多机构关系须核实
police-430100,湖南,430100,长沙市,prefecture,police,pending_discovery,湖南 长沙市 公安局 公安分局 政府信息公开 官方网站,https://www.mca.gov.cn/mzsj/xzqh/2025/202401xzqh.html,行政区划覆盖任务，不是已确认公安机构；区划变更及一对多机构关系须核实
police-430102,湖南,430102,芙蓉区,county,police,pending_discovery,湖南 芙蓉区 公安局 公安分局 政府信息公开 官方网站,https://www.mca.gov.cn/mzsj/xzqh/2025/202401xzqh.html,行政区划覆盖任务，不是已确认公安机构；区划变更及一对多机构关系须核实
police-430103,湖南,430103,天心区,county,police,pending_discovery,湖南 天心区 公安局 公安分局 政府信息公开 官方网站,https://www.mca.gov.cn/mzsj/xzqh/2025/202401xzqh.html,行政区划覆盖任务，不是已确认公安机构；区划变更及一对多机构关系须核实
police-430104,湖南,430104,岳麓区,county,police,pending_discovery,湖南 岳麓区 公安局 公安分局 政府信息公开 官方网站,https://www.mca.gov.cn/mzsj/xzqh/2025/202401xzqh.html,行政区划覆盖任务，不是已确认公安机构；区划变更及一对多机构关系须核实
police-430105,湖南,430105,开福区,county,police,pending_discovery,湖南 开福区 公安局 公安分局 政府信息公开 官方网站,https://www.mca.gov.cn/mzsj/xzqh/2025/202401xzqh.html,行政区划覆盖任务，不是已确认公安机构；区划变更及一对多机构关系须核实
police-430111,湖南,430111,雨花区,county,police,pending_discovery,湖南 雨花区 公安局 公安分局 政府信息公开 官方网站,https://www.mca.gov.cn/mzsj/xzqh/2025/202401xzqh.html,行政区划覆盖任务，不是已确认公安机构；区划变更及一对多机构关系须核实
police-430112,湖南,430112,望城区,county,police,pending_discovery,湖南 望城区 公安局 公安分局 政府信息公开 官方网站,https://www.mca.gov.cn/mzsj/xzqh/2025/202401xzqh.html,行政区划覆盖任务，不是已确认公安机构；区划变更及一对多机构关系须核实
police-430121,湖南,430121,长沙县,county,police,pending_discovery,湖南 长沙县 公安局 公安分局 政府信息公开 官方网站,https://www.mca.gov.cn/mzsj/xzqh/2025/202401xzqh.html,行政区划覆盖任务，不是已确认公安机构；区划变更及一对多机构关系须核实
police-430181,湖南,430181,浏阳市,county,police,pending_discovery,湖南 浏阳市 公安局 公安分局 政府信息公开 官方网站,https://www.mca.gov.cn/mzsj/xzqh/2025/202401xzqh.html,行政区划覆盖任务，不是已确认公安机构；区划变更及一对多机构关系须核实
police-430182,湖南,430182,宁乡市,county,police,pending_discovery,湖南 宁乡市 公安局 公安分局 政府信息公开 官方网站,https://www.mca.gov.cn/mzsj/xzqh/2025/202401xzqh.html,行政区划覆盖任务，不是已确认公安机构；区划变更及一对多机构关系须核实
police-430200,湖南,430200,株洲市,prefecture,police,pending_discovery,湖南 株洲市 公安局 公安分局 政府信息公开 官方网站,https://www.mca.gov.cn/mzsj/xzqh/2025/202401xzqh.html,行政区划覆盖任务，不是已确认公安机构；区划变更及一对多机构关系须核实
police-430202,湖南,430202,荷塘区,county,police,pending_discovery,湖南 荷塘区 公安局 公安分局 政府信息公开 官方网站,https://www.mca.gov.cn/mzsj/xzqh/2025/202401xzqh.html,行政区划覆盖任务，不是已确认公安机构；区划变更及一对多机构关系须核实
police-430203,湖南,430203,芦淞区,county,police,pending_discovery,湖南 芦淞区 公安局 公安分局 政府信息公开 官方网站,https://www.mca.gov.cn/mzsj/xzqh/2025/202401xzqh.html,行政区划覆盖任务，不是已确认公安机构；区划变更及一对多机构关系须核实
police-430204,湖南,430204,石峰区,county,police,pending_discovery,湖南 石峰区 公安局 公安分局 政府信息公开 官方网站,https://www.mca.gov.cn/mzsj/xzqh/2025/202401xzqh.html,行政区划覆盖任务，不是已确认公安机构；区划变更及一对多机构关系须核实
police-430211,湖南,430211,天元区,county,police,pending_discovery,湖南 天元区 公安局 公安分局 政府信息公开 官方网站,https://www.mca.gov.cn/mzsj/xzqh/2025/202401xzqh.html,行政区划覆盖任务，不是已确认公安机构；区划变更及一对多机构关系须核实
police-430212,湖南,430212,渌口区,county,police,pending_discovery,湖南 渌口区 公安局 公安分局 政府信息公开 官方网站,https://www.mca.gov.cn/mzsj/xzqh/2025/202401xzqh.html,行政区划覆盖任务，不是已确认公安机构；区划变更及一对多机构关系须核实
police-430223,湖南,430223,攸县,county,police,pending_discovery,湖南 攸县 公安局 公安分局 政府信息公开 官方网站,https://www.mca.gov.cn/mzsj/xzqh/2025/202401xzqh.html,行政区划覆盖任务，不是已确认公安机构；区划变更及一对多机构关系须核实
police-430224,湖南,430224,茶陵县,county,police,pending_discovery,湖南 茶陵县 公安局 公安分局 政府信息公开 官方网站,https://www.mca.gov.cn/mzsj/xzqh/2025/202401xzqh.html,行政区划覆盖任务，不是已确认公安机构；区划变更及一对多机构关系须核实
police-430225,湖南,430225,炎陵县,county,police,pending_discovery,湖南 炎陵县 公安局 公安分局 政府信息公开 官方网站,https://www.mca.gov.cn/mzsj/xzqh/2025/202401xzqh.html,行政区划覆盖任务，不是已确认公安机构；区划变更及一对多机构关系须核实
police-430281,湖南,430281,醴陵市,county,police,pending_discovery,湖南 醴陵市 公安局 公安分局 政府信息公开 官方网站,https://www.mca.gov.cn/mzsj/xzqh/2025/202401xzqh.html,行政区划覆盖任务，不是已确认公安机构；区划变更及一对多机构关系须核实
police-430300,湖南,430300,湘潭市,prefecture,police,pending_discovery,湖南 湘潭市 公安局 公安分局 政府信息公开 官方网站,https://www.mca.gov.cn/mzsj/xzqh/2025/202401xzqh.html,行政区划覆盖任务，不是已确认公安机构；区划变更及一对多机构关系须核实
police-430302,湖南,430302,雨湖区,county,police,pending_discovery,湖南 雨湖区 公安局 公安分局 政府信息公开 官方网站,https://www.mca.gov.cn/mzsj/xzqh/2025/202401xzqh.html,行政区划覆盖任务，不是已确认公安机构；区划变更及一对多机构关系须核实
police-430304,湖南,430304,岳塘区,county,police,pending_discovery,湖南 岳塘区 公安局 公安分局 政府信息公开 官方网站,https://www.mca.gov.cn/mzsj/xzqh/2025/202401xzqh.html,行政区划覆盖任务，不是已确认公安机构；区划变更及一对多机构关系须核实
police-430321,湖南,430321,湘潭县,county,police,pending_discovery,湖南 湘潭县 公安局 公安分局 政府信息公开 官方网站,https://www.mca.gov.cn/mzsj/xzqh/2025/202401xzqh.html,行政区划覆盖任务，不是已确认公安机构；区划变更及一对多机构关系须核实
police-430381,湖南,430381,湘乡市,county,police,pending_discovery,湖南 湘乡市 公安局 公安分局 政府信息公开 官方网站,https://www.mca.gov.cn/mzsj/xzqh/2025/202401xzqh.html,行政区划覆盖任务，不是已确认公安机构；区划变更及一对多机构关系须核实
police-430382,湖南,430382,韶山市,county,police,pending_discovery,湖南 韶山市 公安局 公安分局 政府信息公开 官方网站,https://www.mca.gov.cn/mzsj/xzqh/2025/202401xzqh.html,行政区划覆盖任务，不是已确认公安机构；区划变更及一对多机构关系须核实
police-430400,湖南,430400,衡阳市,prefecture,police,pending_discovery,湖南 衡阳市 公安局 公安分局 政府信息公开 官方网站,https://www.mca.gov.cn/mzsj/xzqh/2025/202401xzqh.html,行政区划覆盖任务，不是已确认公安机构；区划变更及一对多机构关系须核实
police-430405,湖南,430405,珠晖区,county,police,pending_discovery,湖南 珠晖区 公安局 公安分局 政府信息公开 官方网站,https://www.mca.gov.cn/mzsj/xzqh/2025/202401xzqh.html,行政区划覆盖任务，不是已确认公安机构；区划变更及一对多机构关系须核实
police-430406,湖南,430406,雁峰区,county,police,pending_discovery,湖南 雁峰区 公安局 公安分局 政府信息公开 官方网站,https://www.mca.gov.cn/mzsj/xzqh/2025/202401xzqh.html,行政区划覆盖任务，不是已确认公安机构；区划变更及一对多机构关系须核实
police-430407,湖南,430407,石鼓区,county,police,pending_discovery,湖南 石鼓区 公安局 公安分局 政府信息公开 官方网站,https://www.mca.gov.cn/mzsj/xzqh/2025/202401xzqh.html,行政区划覆盖任务，不是已确认公安机构；区划变更及一对多机构关系须核实
police-430408,湖南,430408,蒸湘区,county,police,pending_discovery,湖南 蒸湘区 公安局 公安分局 政府信息公开 官方网站,https://www.mca.gov.cn/mzsj/xzqh/2025/202401xzqh.html,行政区划覆盖任务，不是已确认公安机构；区划变更及一对多机构关系须核实
police-430412,湖南,430412,南岳区,county,police,pending_discovery,湖南 南岳区 公安局 公安分局 政府信息公开 官方网站,https://www.mca.gov.cn/mzsj/xzqh/2025/202401xzqh.html,行政区划覆盖任务，不是已确认公安机构；区划变更及一对多机构关系须核实
police-430421,湖南,430421,衡阳县,county,police,pending_discovery,湖南 衡阳县 公安局 公安分局 政府信息公开 官方网站,https://www.mca.gov.cn/mzsj/xzqh/2025/202401xzqh.html,行政区划覆盖任务，不是已确认公安机构；区划变更及一对多机构关系须核实
police-430422,湖南,430422,衡南县,county,police,pending_discovery,湖南 衡南县 公安局 公安分局 政府信息公开 官方网站,https://www.mca.gov.cn/mzsj/xzqh/2025/202401xzqh.html,行政区划覆盖任务，不是已确认公安机构；区划变更及一对多机构关系须核实
police-430423,湖南,430423,衡山县,county,police,pending_discovery,湖南 衡山县 公安局 公安分局 政府信息公开 官方网站,https://www.mca.gov.cn/mzsj/xzqh/2025/202401xzqh.html,行政区划覆盖任务，不是已确认公安机构；区划变更及一对多机构关系须核实
police-430424,湖南,430424,衡东县,county,police,pending_discovery,湖南 衡东县 公安局 公安分局 政府信息公开 官方网站,https://www.mca.gov.cn/mzsj/xzqh/2025/202401xzqh.html,行政区划覆盖任务，不是已确认公安机构；区划变更及一对多机构关系须核实
police-430426,湖南,430426,祁东县,county,police,pending_discovery,湖南 祁东县 公安局 公安分局 政府信息公开 官方网站,https://www.mca.gov.cn/mzsj/xzqh/2025/202401xzqh.html,行政区划覆盖任务，不是已确认公安机构；区划变更及一对多机构关系须核实
police-430481,湖南,430481,耒阳市,county,police,pending_discovery,湖南 耒阳市 公安局 公安分局 政府信息公开 官方网站,https://www.mca.gov.cn/mzsj/xzqh/2025/202401xzqh.html,行政区划覆盖任务，不是已确认公安机构；区划变更及一对多机构关系须核实
police-430482,湖南,430482,常宁市,county,police,pending_discovery,湖南 常宁市 公安局 公安分局 政府信息公开 官方网站,https://www.mca.gov.cn/mzsj/xzqh/2025/202401xzqh.html,行政区划覆盖任务，不是已确认公安机构；区划变更及一对多机构关系须核实
police-430500,湖南,430500,邵阳市,prefecture,police,pending_discovery,湖南 邵阳市 公安局 公安分局 政府信息公开 官方网站,https://www.mca.gov.cn/mzsj/xzqh/2025/202401xzqh.html,行政区划覆盖任务，不是已确认公安机构；区划变更及一对多机构关系须核实
police-430502,湖南,430502,双清区,county,police,pending_discovery,湖南 双清区 公安局 公安分局 政府信息公开 官方网站,https://www.mca.gov.cn/mzsj/xzqh/2025/202401xzqh.html,行政区划覆盖任务，不是已确认公安机构；区划变更及一对多机构关系须核实
police-430503,湖南,430503,大祥区,county,police,pending_discovery,湖南 大祥区 公安局 公安分局 政府信息公开 官方网站,https://www.mca.gov.cn/mzsj/xzqh/2025/202401xzqh.html,行政区划覆盖任务，不是已确认公安机构；区划变更及一对多机构关系须核实
police-430511,湖南,430511,北塔区,county,police,pending_discovery,湖南 北塔区 公安局 公安分局 政府信息公开 官方网站,https://www.mca.gov.cn/mzsj/xzqh/2025/202401xzqh.html,行政区划覆盖任务，不是已确认公安机构；区划变更及一对多机构关系须核实
police-430522,湖南,430522,新邵县,county,police,pending_discovery,湖南 新邵县 公安局 公安分局 政府信息公开 官方网站,https://www.mca.gov.cn/mzsj/xzqh/2025/202401xzqh.html,行政区划覆盖任务，不是已确认公安机构；区划变更及一对多机构关系须核实
police-430523,湖南,430523,邵阳县,county,police,pending_discovery,湖南 邵阳县 公安局 公安分局 政府信息公开 官方网站,https://www.mca.gov.cn/mzsj/xzqh/2025/202401xzqh.html,行政区划覆盖任务，不是已确认公安机构；区划变更及一对多机构关系须核实
police-430524,湖南,430524,隆回县,county,police,pending_discovery,湖南 隆回县 公安局 公安分局 政府信息公开 官方网站,https://www.mca.gov.cn/mzsj/xzqh/2025/202401xzqh.html,行政区划覆盖任务，不是已确认公安机构；区划变更及一对多机构关系须核实
police-430525,湖南,430525,洞口县,county,police,pending_discovery,湖南 洞口县 公安局 公安分局 政府信息公开 官方网站,https://www.mca.gov.cn/mzsj/xzqh/2025/202401xzqh.html,行政区划覆盖任务，不是已确认公安机构；区划变更及一对多机构关系须核实
police-430527,湖南,430527,绥宁县,county,police,pending_discovery,湖南 绥宁县 公安局 公安分局 政府信息公开 官方网站,https://www.mca.gov.cn/mzsj/xzqh/2025/202401xzqh.html,行政区划覆盖任务，不是已确认公安机构；区划变更及一对多机构关系须核实
police-430528,湖南,430528,新宁县,county,police,pending_discovery,湖南 新宁县 公安局 公安分局 政府信息公开 官方网站,https://www.mca.gov.cn/mzsj/xzqh/2025/202401xzqh.html,行政区划覆盖任务，不是已确认公安机构；区划变更及一对多机构关系须核实
police-430529,湖南,430529,城步苗族自治县,county,police,pending_discovery,湖南 城步苗族自治县 公安局 公安分局 政府信息公开 官方网站,https://www.mca.gov.cn/mzsj/xzqh/2025/202401xzqh.html,行政区划覆盖任务，不是已确认公安机构；区划变更及一对多机构关系须核实
police-430581,湖南,430581,武冈市,county,police,pending_discovery,湖南 武冈市 公安局 公安分局 政府信息公开 官方网站,https://www.mca.gov.cn/mzsj/xzqh/2025/202401xzqh.html,行政区划覆盖任务，不是已确认公安机构；区划变更及一对多机构关系须核实
police-430582,湖南,430582,邵东市,county,police,pending_discovery,湖南 邵东市 公安局 公安分局 政府信息公开 官方网站,https://www.mca.gov.cn/mzsj/xzqh/2025/202401xzqh.html,行政区划覆盖任务，不是已确认公安机构；区划变更及一对多机构关系须核实
police-430600,湖南,430600,岳阳市,prefecture,police,pending_discovery,湖南 岳阳市 公安局 公安分局 政府信息公开 官方网站,https://www.mca.gov.cn/mzsj/xzqh/2025/202401xzqh.html,行政区划覆盖任务，不是已确认公安机构；区划变更及一对多机构关系须核实
police-430602,湖南,430602,岳阳楼区,county,police,pending_discovery,湖南 岳阳楼区 公安局 公安分局 政府信息公开 官方网站,https://www.mca.gov.cn/mzsj/xzqh/2025/202401xzqh.html,行政区划覆盖任务，不是已确认公安机构；区划变更及一对多机构关系须核实
police-430603,湖南,430603,云溪区,county,police,pending_discovery,湖南 云溪区 公安局 公安分局 政府信息公开 官方网站,https://www.mca.gov.cn/mzsj/xzqh/2025/202401xzqh.html,行政区划覆盖任务，不是已确认公安机构；区划变更及一对多机构关系须核实
police-430611,湖南,430611,君山区,county,police,pending_discovery,湖南 君山区 公安局 公安分局 政府信息公开 官方网站,https://www.mca.gov.cn/mzsj/xzqh/2025/202401xzqh.html,行政区划覆盖任务，不是已确认公安机构；区划变更及一对多机构关系须核实
police-430621,湖南,430621,岳阳县,county,police,pending_discovery,湖南 岳阳县 公安局 公安分局 政府信息公开 官方网站,https://www.mca.gov.cn/mzsj/xzqh/2025/202401xzqh.html,行政区划覆盖任务，不是已确认公安机构；区划变更及一对多机构关系须核实
police-430623,湖南,430623,华容县,county,police,pending_discovery,湖南 华容县 公安局 公安分局 政府信息公开 官方网站,https://www.mca.gov.cn/mzsj/xzqh/2025/202401xzqh.html,行政区划覆盖任务，不是已确认公安机构；区划变更及一对多机构关系须核实
police-430624,湖南,430624,湘阴县,county,police,pending_discovery,湖南 湘阴县 公安局 公安分局 政府信息公开 官方网站,https://www.mca.gov.cn/mzsj/xzqh/2025/202401xzqh.html,行政区划覆盖任务，不是已确认公安机构；区划变更及一对多机构关系须核实
police-430626,湖南,430626,平江县,county,police,pending_discovery,湖南 平江县 公安局 公安分局 政府信息公开 官方网站,https://www.mca.gov.cn/mzsj/xzqh/2025/202401xzqh.html,行政区划覆盖任务，不是已确认公安机构；区划变更及一对多机构关系须核实
police-430681,湖南,430681,汨罗市,county,police,pending_discovery,湖南 汨罗市 公安局 公安分局 政府信息公开 官方网站,https://www.mca.gov.cn/mzsj/xzqh/2025/202401xzqh.html,行政区划覆盖任务，不是已确认公安机构；区划变更及一对多机构关系须核实
police-430682,湖南,430682,临湘市,county,police,pending_discovery,湖南 临湘市 公安局 公安分局 政府信息公开 官方网站,https://www.mca.gov.cn/mzsj/xzqh/2025/202401xzqh.html,行政区划覆盖任务，不是已确认公安机构；区划变更及一对多机构关系须核实
police-430700,湖南,430700,常德市,prefecture,police,pending_discovery,湖南 常德市 公安局 公安分局 政府信息公开 官方网站,https://www.mca.gov.cn/mzsj/xzqh/2025/202401xzqh.html,行政区划覆盖任务，不是已确认公安机构；区划变更及一对多机构关系须核实
police-430702,湖南,430702,武陵区,county,police,pending_discovery,湖南 武陵区 公安局 公安分局 政府信息公开 官方网站,https://www.mca.gov.cn/mzsj/xzqh/2025/202401xzqh.html,行政区划覆盖任务，不是已确认公安机构；区划变更及一对多机构关系须核实
police-430703,湖南,430703,鼎城区,county,police,pending_discovery,湖南 鼎城区 公安局 公安分局 政府信息公开 官方网站,https://www.mca.gov.cn/mzsj/xzqh/2025/202401xzqh.html,行政区划覆盖任务，不是已确认公安机构；区划变更及一对多机构关系须核实
police-430721,湖南,430721,安乡县,county,police,pending_discovery,湖南 安乡县 公安局 公安分局 政府信息公开 官方网站,https://www.mca.gov.cn/mzsj/xzqh/2025/202401xzqh.html,行政区划覆盖任务，不是已确认公安机构；区划变更及一对多机构关系须核实
police-430722,湖南,430722,汉寿县,county,police,pending_discovery,湖南 汉寿县 公安局 公安分局 政府信息公开 官方网站,https://www.mca.gov.cn/mzsj/xzqh/2025/202401xzqh.html,行政区划覆盖任务，不是已确认公安机构；区划变更及一对多机构关系须核实
police-430723,湖南,430723,澧县,county,police,pending_discovery,湖南 澧县 公安局 公安分局 政府信息公开 官方网站,https://www.mca.gov.cn/mzsj/xzqh/2025/202401xzqh.html,行政区划覆盖任务，不是已确认公安机构；区划变更及一对多机构关系须核实
police-430724,湖南,430724,临澧县,county,police,pending_discovery,湖南 临澧县 公安局 公安分局 政府信息公开 官方网站,https://www.mca.gov.cn/mzsj/xzqh/2025/202401xzqh.html,行政区划覆盖任务，不是已确认公安机构；区划变更及一对多机构关系须核实
police-430725,湖南,430725,桃源县,county,police,pending_discovery,湖南 桃源县 公安局 公安分局 政府信息公开 官方网站,https://www.mca.gov.cn/mzsj/xzqh/2025/202401xzqh.html,行政区划覆盖任务，不是已确认公安机构；区划变更及一对多机构关系须核实
police-430726,湖南,430726,石门县,county,police,pending_discovery,湖南 石门县 公安局 公安分局 政府信息公开 官方网站,https://www.mca.gov.cn/mzsj/xzqh/2025/202401xzqh.html,行政区划覆盖任务，不是已确认公安机构；区划变更及一对多机构关系须核实
police-430781,湖南,430781,津市市,county,police,pending_discovery,湖南 津市市 公安局 公安分局 政府信息公开 官方网站,https://www.mca.gov.cn/mzsj/xzqh/2025/202401xzqh.html,行政区划覆盖任务，不是已确认公安机构；区划变更及一对多机构关系须核实
police-430800,湖南,430800,张家界市,prefecture,police,pending_discovery,湖南 张家界市 公安局 公安分局 政府信息公开 官方网站,https://www.mca.gov.cn/mzsj/xzqh/2025/202401xzqh.html,行政区划覆盖任务，不是已确认公安机构；区划变更及一对多机构关系须核实
police-430802,湖南,430802,永定区,county,police,pending_discovery,湖南 永定区 公安局 公安分局 政府信息公开 官方网站,https://www.mca.gov.cn/mzsj/xzqh/2025/202401xzqh.html,行政区划覆盖任务，不是已确认公安机构；区划变更及一对多机构关系须核实
police-430811,湖南,430811,武陵源区,county,police,pending_discovery,湖南 武陵源区 公安局 公安分局 政府信息公开 官方网站,https://www.mca.gov.cn/mzsj/xzqh/2025/202401xzqh.html,行政区划覆盖任务，不是已确认公安机构；区划变更及一对多机构关系须核实
police-430821,湖南,430821,慈利县,county,police,pending_discovery,湖南 慈利县 公安局 公安分局 政府信息公开 官方网站,https://www.mca.gov.cn/mzsj/xzqh/2025/202401xzqh.html,行政区划覆盖任务，不是已确认公安机构；区划变更及一对多机构关系须核实
police-430822,湖南,430822,桑植县,county,police,pending_discovery,湖南 桑植县 公安局 公安分局 政府信息公开 官方网站,https://www.mca.gov.cn/mzsj/xzqh/2025/202401xzqh.html,行政区划覆盖任务，不是已确认公安机构；区划变更及一对多机构关系须核实
police-430900,湖南,430900,益阳市,prefecture,police,pending_discovery,湖南 益阳市 公安局 公安分局 政府信息公开 官方网站,https://www.mca.gov.cn/mzsj/xzqh/2025/202401xzqh.html,行政区划覆盖任务，不是已确认公安机构；区划变更及一对多机构关系须核实
police-430902,湖南,430902,资阳区,county,police,pending_discovery,湖南 资阳区 公安局 公安分局 政府信息公开 官方网站,https://www.mca.gov.cn/mzsj/xzqh/2025/202401xzqh.html,行政区划覆盖任务，不是已确认公安机构；区划变更及一对多机构关系须核实
police-430903,湖南,430903,赫山区,county,police,pending_discovery,湖南 赫山区 公安局 公安分局 政府信息公开 官方网站,https://www.mca.gov.cn/mzsj/xzqh/2025/202401xzqh.html,行政区划覆盖任务，不是已确认公安机构；区划变更及一对多机构关系须核实
police-430921,湖南,430921,南县,county,police,pending_discovery,湖南 南县 公安局 公安分局 政府信息公开 官方网站,https://www.mca.gov.cn/mzsj/xzqh/2025/202401xzqh.html,行政区划覆盖任务，不是已确认公安机构；区划变更及一对多机构关系须核实
police-430922,湖南,430922,桃江县,county,police,pending_discovery,湖南 桃江县 公安局 公安分局 政府信息公开 官方网站,https://www.mca.gov.cn/mzsj/xzqh/2025/202401xzqh.html,行政区划覆盖任务，不是已确认公安机构；区划变更及一对多机构关系须核实
police-430923,湖南,430923,安化县,county,police,pending_discovery,湖南 安化县 公安局 公安分局 政府信息公开 官方网站,https://www.mca.gov.cn/mzsj/xzqh/2025/202401xzqh.html,行政区划覆盖任务，不是已确认公安机构；区划变更及一对多机构关系须核实
police-430981,湖南,430981,沅江市,county,police,pending_discovery,湖南 沅江市 公安局 公安分局 政府信息公开 官方网站,https://www.mca.gov.cn/mzsj/xzqh/2025/202401xzqh.html,行政区划覆盖任务，不是已确认公安机构；区划变更及一对多机构关系须核实
police-431000,湖南,431000,郴州市,prefecture,police,pending_discovery,湖南 郴州市 公安局 公安分局 政府信息公开 官方网站,https://www.mca.gov.cn/mzsj/xzqh/2025/202401xzqh.html,行政区划覆盖任务，不是已确认公安机构；区划变更及一对多机构关系须核实
police-431002,湖南,431002,北湖区,county,police,pending_discovery,湖南 北湖区 公安局 公安分局 政府信息公开 官方网站,https://www.mca.gov.cn/mzsj/xzqh/2025/202401xzqh.html,行政区划覆盖任务，不是已确认公安机构；区划变更及一对多机构关系须核实
police-431003,湖南,431003,苏仙区,county,police,pending_discovery,湖南 苏仙区 公安局 公安分局 政府信息公开 官方网站,https://www.mca.gov.cn/mzsj/xzqh/2025/202401xzqh.html,行政区划覆盖任务，不是已确认公安机构；区划变更及一对多机构关系须核实
police-431021,湖南,431021,桂阳县,county,police,pending_discovery,湖南 桂阳县 公安局 公安分局 政府信息公开 官方网站,https://www.mca.gov.cn/mzsj/xzqh/2025/202401xzqh.html,行政区划覆盖任务，不是已确认公安机构；区划变更及一对多机构关系须核实
police-431022,湖南,431022,宜章县,county,police,pending_discovery,湖南 宜章县 公安局 公安分局 政府信息公开 官方网站,https://www.mca.gov.cn/mzsj/xzqh/2025/202401xzqh.html,行政区划覆盖任务，不是已确认公安机构；区划变更及一对多机构关系须核实
police-431023,湖南,431023,永兴县,county,police,pending_discovery,湖南 永兴县 公安局 公安分局 政府信息公开 官方网站,https://www.mca.gov.cn/mzsj/xzqh/2025/202401xzqh.html,行政区划覆盖任务，不是已确认公安机构；区划变更及一对多机构关系须核实
police-431024,湖南,431024,嘉禾县,county,police,pending_discovery,湖南 嘉禾县 公安局 公安分局 政府信息公开 官方网站,https://www.mca.gov.cn/mzsj/xzqh/2025/202401xzqh.html,行政区划覆盖任务，不是已确认公安机构；区划变更及一对多机构关系须核实
police-431025,湖南,431025,临武县,county,police,pending_discovery,湖南 临武县 公安局 公安分局 政府信息公开 官方网站,https://www.mca.gov.cn/mzsj/xzqh/2025/202401xzqh.html,行政区划覆盖任务，不是已确认公安机构；区划变更及一对多机构关系须核实
police-431026,湖南,431026,汝城县,county,police,pending_discovery,湖南 汝城县 公安局 公安分局 政府信息公开 官方网站,https://www.mca.gov.cn/mzsj/xzqh/2025/202401xzqh.html,行政区划覆盖任务，不是已确认公安机构；区划变更及一对多机构关系须核实
police-431027,湖南,431027,桂东县,county,police,pending_discovery,湖南 桂东县 公安局 公安分局 政府信息公开 官方网站,https://www.mca.gov.cn/mzsj/xzqh/2025/202401xzqh.html,行政区划覆盖任务，不是已确认公安机构；区划变更及一对多机构关系须核实
police-431028,湖南,431028,安仁县,county,police,pending_discovery,湖南 安仁县 公安局 公安分局 政府信息公开 官方网站,https://www.mca.gov.cn/mzsj/xzqh/2025/202401xzqh.html,行政区划覆盖任务，不是已确认公安机构；区划变更及一对多机构关系须核实
police-431081,湖南,431081,资兴市,county,police,pending_discovery,湖南 资兴市 公安局 公安分局 政府信息公开 官方网站,https://www.mca.gov.cn/mzsj/xzqh/2025/202401xzqh.html,行政区划覆盖任务，不是已确认公安机构；区划变更及一对多机构关系须核实
police-431100,湖南,431100,永州市,prefecture,police,pending_discovery,湖南 永州市 公安局 公安分局 政府信息公开 官方网站,https://www.mca.gov.cn/mzsj/xzqh/2025/202401xzqh.html,行政区划覆盖任务，不是已确认公安机构；区划变更及一对多机构关系须核实
police-431102,湖南,431102,零陵区,county,police,pending_discovery,湖南 零陵区 公安局 公安分局 政府信息公开 官方网站,https://www.mca.gov.cn/mzsj/xzqh/2025/202401xzqh.html,行政区划覆盖任务，不是已确认公安机构；区划变更及一对多机构关系须核实
police-431103,湖南,431103,冷水滩区,county,police,pending_discovery,湖南 冷水滩区 公安局 公安分局 政府信息公开 官方网站,https://www.mca.gov.cn/mzsj/xzqh/2025/202401xzqh.html,行政区划覆盖任务，不是已确认公安机构；区划变更及一对多机构关系须核实
police-431122,湖南,431122,东安县,county,police,pending_discovery,湖南 东安县 公安局 公安分局 政府信息公开 官方网站,https://www.mca.gov.cn/mzsj/xzqh/2025/202401xzqh.html,行政区划覆盖任务，不是已确认公安机构；区划变更及一对多机构关系须核实
police-431123,湖南,431123,双牌县,county,police,pending_discovery,湖南 双牌县 公安局 公安分局 政府信息公开 官方网站,https://www.mca.gov.cn/mzsj/xzqh/2025/202401xzqh.html,行政区划覆盖任务，不是已确认公安机构；区划变更及一对多机构关系须核实
police-431124,湖南,431124,道县,county,police,pending_discovery,湖南 道县 公安局 公安分局 政府信息公开 官方网站,https://www.mca.gov.cn/mzsj/xzqh/2025/202401xzqh.html,行政区划覆盖任务，不是已确认公安机构；区划变更及一对多机构关系须核实
police-431125,湖南,431125,江永县,county,police,pending_discovery,湖南 江永县 公安局 公安分局 政府信息公开 官方网站,https://www.mca.gov.cn/mzsj/xzqh/2025/202401xzqh.html,行政区划覆盖任务，不是已确认公安机构；区划变更及一对多机构关系须核实
police-431126,湖南,431126,宁远县,county,police,pending_discovery,湖南 宁远县 公安局 公安分局 政府信息公开 官方网站,https://www.mca.gov.cn/mzsj/xzqh/2025/202401xzqh.html,行政区划覆盖任务，不是已确认公安机构；区划变更及一对多机构关系须核实
police-431127,湖南,431127,蓝山县,county,police,pending_discovery,湖南 蓝山县 公安局 公安分局 政府信息公开 官方网站,https://www.mca.gov.cn/mzsj/xzqh/2025/202401xzqh.html,行政区划覆盖任务，不是已确认公安机构；区划变更及一对多机构关系须核实
police-431128,湖南,431128,新田县,county,police,pending_discovery,湖南 新田县 公安局 公安分局 政府信息公开 官方网站,https://www.mca.gov.cn/mzsj/xzqh/2025/202401xzqh.html,行政区划覆盖任务，不是已确认公安机构；区划变更及一对多机构关系须核实
police-431129,湖南,431129,江华瑶族自治县,county,police,pending_discovery,湖南 江华瑶族自治县 公安局 公安分局 政府信息公开 官方网站,https://www.mca.gov.cn/mzsj/xzqh/2025/202401xzqh.html,行政区划覆盖任务，不是已确认公安机构；区划变更及一对多机构关系须核实
police-431181,湖南,431181,祁阳市,county,police,pending_discovery,湖南 祁阳市 公安局 公安分局 政府信息公开 官方网站,https://www.mca.gov.cn/mzsj/xzqh/2025/202401xzqh.html,行政区划覆盖任务，不是已确认公安机构；区划变更及一对多机构关系须核实
police-431200,湖南,431200,怀化市,prefecture,police,pending_discovery,湖南 怀化市 公安局 公安分局 政府信息公开 官方网站,https://www.mca.gov.cn/mzsj/xzqh/2025/202401xzqh.html,行政区划覆盖任务，不是已确认公安机构；区划变更及一对多机构关系须核实
police-431202,湖南,431202,鹤城区,county,police,pending_discovery,湖南 鹤城区 公安局 公安分局 政府信息公开 官方网站,https://www.mca.gov.cn/mzsj/xzqh/2025/202401xzqh.html,行政区划覆盖任务，不是已确认公安机构；区划变更及一对多机构关系须核实
police-431221,湖南,431221,中方县,county,police,pending_discovery,湖南 中方县 公安局 公安分局 政府信息公开 官方网站,https://www.mca.gov.cn/mzsj/xzqh/2025/202401xzqh.html,行政区划覆盖任务，不是已确认公安机构；区划变更及一对多机构关系须核实
police-431222,湖南,431222,沅陵县,county,police,pending_discovery,湖南 沅陵县 公安局 公安分局 政府信息公开 官方网站,https://www.mca.gov.cn/mzsj/xzqh/2025/202401xzqh.html,行政区划覆盖任务，不是已确认公安机构；区划变更及一对多机构关系须核实
police-431223,湖南,431223,辰溪县,county,police,pending_discovery,湖南 辰溪县 公安局 公安分局 政府信息公开 官方网站,https://www.mca.gov.cn/mzsj/xzqh/2025/202401xzqh.html,行政区划覆盖任务，不是已确认公安机构；区划变更及一对多机构关系须核实
police-431224,湖南,431224,溆浦县,county,police,pending_discovery,湖南 溆浦县 公安局 公安分局 政府信息公开 官方网站,https://www.mca.gov.cn/mzsj/xzqh/2025/202401xzqh.html,行政区划覆盖任务，不是已确认公安机构；区划变更及一对多机构关系须核实
police-431225,湖南,431225,会同县,county,police,pending_discovery,湖南 会同县 公安局 公安分局 政府信息公开 官方网站,https://www.mca.gov.cn/mzsj/xzqh/2025/202401xzqh.html,行政区划覆盖任务，不是已确认公安机构；区划变更及一对多机构关系须核实
police-431226,湖南,431226,麻阳苗族自治县,county,police,pending_discovery,湖南 麻阳苗族自治县 公安局 公安分局 政府信息公开 官方网站,https://www.mca.gov.cn/mzsj/xzqh/2025/202401xzqh.html,行政区划覆盖任务，不是已确认公安机构；区划变更及一对多机构关系须核实
police-431227,湖南,431227,新晃侗族自治县,county,police,pending_discovery,湖南 新晃侗族自治县 公安局 公安分局 政府信息公开 官方网站,https://www.mca.gov.cn/mzsj/xzqh/2025/202401xzqh.html,行政区划覆盖任务，不是已确认公安机构；区划变更及一对多机构关系须核实
police-431228,湖南,431228,芷江侗族自治县,county,police,pending_discovery,湖南 芷江侗族自治县 公安局 公安分局 政府信息公开 官方网站,https://www.mca.gov.cn/mzsj/xzqh/2025/202401xzqh.html,行政区划覆盖任务，不是已确认公安机构；区划变更及一对多机构关系须核实
police-431229,湖南,431229,靖州苗族侗族自治县,county,police,pending_discovery,湖南 靖州苗族侗族自治县 公安局 公安分局 政府信息公开 官方网站,https://www.mca.gov.cn/mzsj/xzqh/2025/202401xzqh.html,行政区划覆盖任务，不是已确认公安机构；区划变更及一对多机构关系须核实
police-431230,湖南,431230,通道侗族自治县,county,police,pending_discovery,湖南 通道侗族自治县 公安局 公安分局 政府信息公开 官方网站,https://www.mca.gov.cn/mzsj/xzqh/2025/202401xzqh.html,行政区划覆盖任务，不是已确认公安机构；区划变更及一对多机构关系须核实
police-431281,湖南,431281,洪江市,county,police,pending_discovery,湖南 洪江市 公安局 公安分局 政府信息公开 官方网站,https://www.mca.gov.cn/mzsj/xzqh/2025/202401xzqh.html,行政区划覆盖任务，不是已确认公安机构；区划变更及一对多机构关系须核实
police-431300,湖南,431300,娄底市,prefecture,police,pending_discovery,湖南 娄底市 公安局 公安分局 政府信息公开 官方网站,https://www.mca.gov.cn/mzsj/xzqh/2025/202401xzqh.html,行政区划覆盖任务，不是已确认公安机构；区划变更及一对多机构关系须核实
police-431302,湖南,431302,娄星区,county,police,pending_discovery,湖南 娄星区 公安局 公安分局 政府信息公开 官方网站,https://www.mca.gov.cn/mzsj/xzqh/2025/202401xzqh.html,行政区划覆盖任务，不是已确认公安机构；区划变更及一对多机构关系须核实
police-431321,湖南,431321,双峰县,county,police,pending_discovery,湖南 双峰县 公安局 公安分局 政府信息公开 官方网站,https://www.mca.gov.cn/mzsj/xzqh/2025/202401xzqh.html,行政区划覆盖任务，不是已确认公安机构；区划变更及一对多机构关系须核实
police-431322,湖南,431322,新化县,county,police,pending_discovery,湖南 新化县 公安局 公安分局 政府信息公开 官方网站,https://www.mca.gov.cn/mzsj/xzqh/2025/202401xzqh.html,行政区划覆盖任务，不是已确认公安机构；区划变更及一对多机构关系须核实
police-431381,湖南,431381,冷水江市,county,police,pending_discovery,湖南 冷水江市 公安局 公安分局 政府信息公开 官方网站,https://www.mca.gov.cn/mzsj/xzqh/2025/202401xzqh.html,行政区划覆盖任务，不是已确认公安机构；区划变更及一对多机构关系须核实
police-431382,湖南,431382,涟源市,county,police,pending_discovery,湖南 涟源市 公安局 公安分局 政府信息公开 官方网站,https://www.mca.gov.cn/mzsj/xzqh/2025/202401xzqh.html,行政区划覆盖任务，不是已确认公安机构；区划变更及一对多机构关系须核实
police-433100,湖南,433100,湘西土家族苗族自治州,prefecture,police,pending_discovery,湖南 湘西土家族苗族自治州 公安局 公安分局 政府信息公开 官方网站,https://www.mca.gov.cn/mzsj/xzqh/2025/202401xzqh.html,行政区划覆盖任务，不是已确认公安机构；区划变更及一对多机构关系须核实
police-433101,湖南,433101,吉首市,county,police,pending_discovery,湖南 吉首市 公安局 公安分局 政府信息公开 官方网站,https://www.mca.gov.cn/mzsj/xzqh/2025/202401xzqh.html,行政区划覆盖任务，不是已确认公安机构；区划变更及一对多机构关系须核实
police-433122,湖南,433122,泸溪县,county,police,pending_discovery,湖南 泸溪县 公安局 公安分局 政府信息公开 官方网站,https://www.mca.gov.cn/mzsj/xzqh/2025/202401xzqh.html,行政区划覆盖任务，不是已确认公安机构；区划变更及一对多机构关系须核实
police-433123,湖南,433123,凤凰县,county,police,pending_discovery,湖南 凤凰县 公安局 公安分局 政府信息公开 官方网站,https://www.mca.gov.cn/mzsj/xzqh/2025/202401xzqh.html,行政区划覆盖任务，不是已确认公安机构；区划变更及一对多机构关系须核实
police-433124,湖南,433124,花垣县,county,police,pending_discovery,湖南 花垣县 公安局 公安分局 政府信息公开 官方网站,https://www.mca.gov.cn/mzsj/xzqh/2025/202401xzqh.html,行政区划覆盖任务，不是已确认公安机构；区划变更及一对多机构关系须核实
police-433125,湖南,433125,保靖县,county,police,pending_discovery,湖南 保靖县 公安局 公安分局 政府信息公开 官方网站,https://www.mca.gov.cn/mzsj/xzqh/2025/202401xzqh.html,行政区划覆盖任务，不是已确认公安机构；区划变更及一对多机构关系须核实
police-433126,湖南,433126,古丈县,county,police,pending_discovery,湖南 古丈县 公安局 公安分局 政府信息公开 官方网站,https://www.mca.gov.cn/mzsj/xzqh/2025/202401xzqh.html,行政区划覆盖任务，不是已确认公安机构；区划变更及一对多机构关系须核实
police-433127,湖南,433127,永顺县,county,police,pending_discovery,湖南 永顺县 公安局 公安分局 政府信息公开 官方网站,https://www.mca.gov.cn/mzsj/xzqh/2025/202401xzqh.html,行政区划覆盖任务，不是已确认公安机构；区划变更及一对多机构关系须核实
police-433130,湖南,433130,龙山县,county,police,pending_discovery,湖南 龙山县 公安局 公安分局 政府信息公开 官方网站,https://www.mca.gov.cn/mzsj/xzqh/2025/202401xzqh.html,行政区划覆盖任务，不是已确认公安机构；区划变更及一对多机构关系须核实
police-440000,广东,440000,广东省,province,police,pending_discovery,广东 广东省 公安局 公安分局 政府信息公开 官方网站,https://www.mca.gov.cn/mzsj/xzqh/2025/202401xzqh.html,行政区划覆盖任务，不是已确认公安机构；区划变更及一对多机构关系须核实
police-440100,广东,440100,广州市,prefecture,police,pending_discovery,广东 广州市 公安局 公安分局 政府信息公开 官方网站,https://www.mca.gov.cn/mzsj/xzqh/2025/202401xzqh.html,行政区划覆盖任务，不是已确认公安机构；区划变更及一对多机构关系须核实
police-440103,广东,440103,荔湾区,county,police,pending_discovery,广东 荔湾区 公安局 公安分局 政府信息公开 官方网站,https://www.mca.gov.cn/mzsj/xzqh/2025/202401xzqh.html,行政区划覆盖任务，不是已确认公安机构；区划变更及一对多机构关系须核实
police-440104,广东,440104,越秀区,county,police,pending_discovery,广东 越秀区 公安局 公安分局 政府信息公开 官方网站,https://www.mca.gov.cn/mzsj/xzqh/2025/202401xzqh.html,行政区划覆盖任务，不是已确认公安机构；区划变更及一对多机构关系须核实
police-440105,广东,440105,海珠区,county,police,pending_discovery,广东 海珠区 公安局 公安分局 政府信息公开 官方网站,https://www.mca.gov.cn/mzsj/xzqh/2025/202401xzqh.html,行政区划覆盖任务，不是已确认公安机构；区划变更及一对多机构关系须核实
police-440106,广东,440106,天河区,county,police,pending_discovery,广东 天河区 公安局 公安分局 政府信息公开 官方网站,https://www.mca.gov.cn/mzsj/xzqh/2025/202401xzqh.html,行政区划覆盖任务，不是已确认公安机构；区划变更及一对多机构关系须核实
police-440111,广东,440111,白云区,county,police,pending_discovery,广东 白云区 公安局 公安分局 政府信息公开 官方网站,https://www.mca.gov.cn/mzsj/xzqh/2025/202401xzqh.html,行政区划覆盖任务，不是已确认公安机构；区划变更及一对多机构关系须核实
police-440112,广东,440112,黄埔区,county,police,pending_discovery,广东 黄埔区 公安局 公安分局 政府信息公开 官方网站,https://www.mca.gov.cn/mzsj/xzqh/2025/202401xzqh.html,行政区划覆盖任务，不是已确认公安机构；区划变更及一对多机构关系须核实
police-440113,广东,440113,番禺区,county,police,pending_discovery,广东 番禺区 公安局 公安分局 政府信息公开 官方网站,https://www.mca.gov.cn/mzsj/xzqh/2025/202401xzqh.html,行政区划覆盖任务，不是已确认公安机构；区划变更及一对多机构关系须核实
police-440114,广东,440114,花都区,county,police,pending_discovery,广东 花都区 公安局 公安分局 政府信息公开 官方网站,https://www.mca.gov.cn/mzsj/xzqh/2025/202401xzqh.html,行政区划覆盖任务，不是已确认公安机构；区划变更及一对多机构关系须核实
police-440115,广东,440115,南沙区,county,police,pending_discovery,广东 南沙区 公安局 公安分局 政府信息公开 官方网站,https://www.mca.gov.cn/mzsj/xzqh/2025/202401xzqh.html,行政区划覆盖任务，不是已确认公安机构；区划变更及一对多机构关系须核实
police-440117,广东,440117,从化区,county,police,pending_discovery,广东 从化区 公安局 公安分局 政府信息公开 官方网站,https://www.mca.gov.cn/mzsj/xzqh/2025/202401xzqh.html,行政区划覆盖任务，不是已确认公安机构；区划变更及一对多机构关系须核实
police-440118,广东,440118,增城区,county,police,pending_discovery,广东 增城区 公安局 公安分局 政府信息公开 官方网站,https://www.mca.gov.cn/mzsj/xzqh/2025/202401xzqh.html,行政区划覆盖任务，不是已确认公安机构；区划变更及一对多机构关系须核实
police-440200,广东,440200,韶关市,prefecture,police,pending_discovery,广东 韶关市 公安局 公安分局 政府信息公开 官方网站,https://www.mca.gov.cn/mzsj/xzqh/2025/202401xzqh.html,行政区划覆盖任务，不是已确认公安机构；区划变更及一对多机构关系须核实
police-440203,广东,440203,武江区,county,police,pending_discovery,广东 武江区 公安局 公安分局 政府信息公开 官方网站,https://www.mca.gov.cn/mzsj/xzqh/2025/202401xzqh.html,行政区划覆盖任务，不是已确认公安机构；区划变更及一对多机构关系须核实
police-440204,广东,440204,浈江区,county,police,pending_discovery,广东 浈江区 公安局 公安分局 政府信息公开 官方网站,https://www.mca.gov.cn/mzsj/xzqh/2025/202401xzqh.html,行政区划覆盖任务，不是已确认公安机构；区划变更及一对多机构关系须核实
police-440205,广东,440205,曲江区,county,police,pending_discovery,广东 曲江区 公安局 公安分局 政府信息公开 官方网站,https://www.mca.gov.cn/mzsj/xzqh/2025/202401xzqh.html,行政区划覆盖任务，不是已确认公安机构；区划变更及一对多机构关系须核实
police-440222,广东,440222,始兴县,county,police,pending_discovery,广东 始兴县 公安局 公安分局 政府信息公开 官方网站,https://www.mca.gov.cn/mzsj/xzqh/2025/202401xzqh.html,行政区划覆盖任务，不是已确认公安机构；区划变更及一对多机构关系须核实
police-440224,广东,440224,仁化县,county,police,pending_discovery,广东 仁化县 公安局 公安分局 政府信息公开 官方网站,https://www.mca.gov.cn/mzsj/xzqh/2025/202401xzqh.html,行政区划覆盖任务，不是已确认公安机构；区划变更及一对多机构关系须核实
police-440229,广东,440229,翁源县,county,police,pending_discovery,广东 翁源县 公安局 公安分局 政府信息公开 官方网站,https://www.mca.gov.cn/mzsj/xzqh/2025/202401xzqh.html,行政区划覆盖任务，不是已确认公安机构；区划变更及一对多机构关系须核实
police-440232,广东,440232,乳源瑶族自治县,county,police,pending_discovery,广东 乳源瑶族自治县 公安局 公安分局 政府信息公开 官方网站,https://www.mca.gov.cn/mzsj/xzqh/2025/202401xzqh.html,行政区划覆盖任务，不是已确认公安机构；区划变更及一对多机构关系须核实
police-440233,广东,440233,新丰县,county,police,pending_discovery,广东 新丰县 公安局 公安分局 政府信息公开 官方网站,https://www.mca.gov.cn/mzsj/xzqh/2025/202401xzqh.html,行政区划覆盖任务，不是已确认公安机构；区划变更及一对多机构关系须核实
police-440281,广东,440281,乐昌市,county,police,pending_discovery,广东 乐昌市 公安局 公安分局 政府信息公开 官方网站,https://www.mca.gov.cn/mzsj/xzqh/2025/202401xzqh.html,行政区划覆盖任务，不是已确认公安机构；区划变更及一对多机构关系须核实
police-440282,广东,440282,南雄市,county,police,pending_discovery,广东 南雄市 公安局 公安分局 政府信息公开 官方网站,https://www.mca.gov.cn/mzsj/xzqh/2025/202401xzqh.html,行政区划覆盖任务，不是已确认公安机构；区划变更及一对多机构关系须核实
police-440300,广东,440300,深圳市,prefecture,police,pending_discovery,广东 深圳市 公安局 公安分局 政府信息公开 官方网站,https://www.mca.gov.cn/mzsj/xzqh/2025/202401xzqh.html,行政区划覆盖任务，不是已确认公安机构；区划变更及一对多机构关系须核实
police-440303,广东,440303,罗湖区,county,police,pending_discovery,广东 罗湖区 公安局 公安分局 政府信息公开 官方网站,https://www.mca.gov.cn/mzsj/xzqh/2025/202401xzqh.html,行政区划覆盖任务，不是已确认公安机构；区划变更及一对多机构关系须核实
police-440304,广东,440304,福田区,county,police,pending_discovery,广东 福田区 公安局 公安分局 政府信息公开 官方网站,https://www.mca.gov.cn/mzsj/xzqh/2025/202401xzqh.html,行政区划覆盖任务，不是已确认公安机构；区划变更及一对多机构关系须核实
police-440305,广东,440305,南山区,county,police,pending_discovery,广东 南山区 公安局 公安分局 政府信息公开 官方网站,https://www.mca.gov.cn/mzsj/xzqh/2025/202401xzqh.html,行政区划覆盖任务，不是已确认公安机构；区划变更及一对多机构关系须核实
police-440306,广东,440306,宝安区,county,police,pending_discovery,广东 宝安区 公安局 公安分局 政府信息公开 官方网站,https://www.mca.gov.cn/mzsj/xzqh/2025/202401xzqh.html,行政区划覆盖任务，不是已确认公安机构；区划变更及一对多机构关系须核实
police-440307,广东,440307,龙岗区,county,police,pending_discovery,广东 龙岗区 公安局 公安分局 政府信息公开 官方网站,https://www.mca.gov.cn/mzsj/xzqh/2025/202401xzqh.html,行政区划覆盖任务，不是已确认公安机构；区划变更及一对多机构关系须核实
police-440308,广东,440308,盐田区,county,police,pending_discovery,广东 盐田区 公安局 公安分局 政府信息公开 官方网站,https://www.mca.gov.cn/mzsj/xzqh/2025/202401xzqh.html,行政区划覆盖任务，不是已确认公安机构；区划变更及一对多机构关系须核实
police-440309,广东,440309,龙华区,county,police,pending_discovery,广东 龙华区 公安局 公安分局 政府信息公开 官方网站,https://www.mca.gov.cn/mzsj/xzqh/2025/202401xzqh.html,行政区划覆盖任务，不是已确认公安机构；区划变更及一对多机构关系须核实
police-440310,广东,440310,坪山区,county,police,pending_discovery,广东 坪山区 公安局 公安分局 政府信息公开 官方网站,https://www.mca.gov.cn/mzsj/xzqh/2025/202401xzqh.html,行政区划覆盖任务，不是已确认公安机构；区划变更及一对多机构关系须核实
police-440311,广东,440311,光明区,county,police,pending_discovery,广东 光明区 公安局 公安分局 政府信息公开 官方网站,https://www.mca.gov.cn/mzsj/xzqh/2025/202401xzqh.html,行政区划覆盖任务，不是已确认公安机构；区划变更及一对多机构关系须核实
police-440400,广东,440400,珠海市,prefecture,police,pending_discovery,广东 珠海市 公安局 公安分局 政府信息公开 官方网站,https://www.mca.gov.cn/mzsj/xzqh/2025/202401xzqh.html,行政区划覆盖任务，不是已确认公安机构；区划变更及一对多机构关系须核实
police-440402,广东,440402,香洲区,county,police,pending_discovery,广东 香洲区 公安局 公安分局 政府信息公开 官方网站,https://www.mca.gov.cn/mzsj/xzqh/2025/202401xzqh.html,行政区划覆盖任务，不是已确认公安机构；区划变更及一对多机构关系须核实
police-440403,广东,440403,斗门区,county,police,pending_discovery,广东 斗门区 公安局 公安分局 政府信息公开 官方网站,https://www.mca.gov.cn/mzsj/xzqh/2025/202401xzqh.html,行政区划覆盖任务，不是已确认公安机构；区划变更及一对多机构关系须核实
police-440404,广东,440404,金湾区,county,police,pending_discovery,广东 金湾区 公安局 公安分局 政府信息公开 官方网站,https://www.mca.gov.cn/mzsj/xzqh/2025/202401xzqh.html,行政区划覆盖任务，不是已确认公安机构；区划变更及一对多机构关系须核实
police-440500,广东,440500,汕头市,prefecture,police,pending_discovery,广东 汕头市 公安局 公安分局 政府信息公开 官方网站,https://www.mca.gov.cn/mzsj/xzqh/2025/202401xzqh.html,行政区划覆盖任务，不是已确认公安机构；区划变更及一对多机构关系须核实
police-440507,广东,440507,龙湖区,county,police,pending_discovery,广东 龙湖区 公安局 公安分局 政府信息公开 官方网站,https://www.mca.gov.cn/mzsj/xzqh/2025/202401xzqh.html,行政区划覆盖任务，不是已确认公安机构；区划变更及一对多机构关系须核实
police-440511,广东,440511,金平区,county,police,pending_discovery,广东 金平区 公安局 公安分局 政府信息公开 官方网站,https://www.mca.gov.cn/mzsj/xzqh/2025/202401xzqh.html,行政区划覆盖任务，不是已确认公安机构；区划变更及一对多机构关系须核实
police-440512,广东,440512,濠江区,county,police,pending_discovery,广东 濠江区 公安局 公安分局 政府信息公开 官方网站,https://www.mca.gov.cn/mzsj/xzqh/2025/202401xzqh.html,行政区划覆盖任务，不是已确认公安机构；区划变更及一对多机构关系须核实
police-440513,广东,440513,潮阳区,county,police,pending_discovery,广东 潮阳区 公安局 公安分局 政府信息公开 官方网站,https://www.mca.gov.cn/mzsj/xzqh/2025/202401xzqh.html,行政区划覆盖任务，不是已确认公安机构；区划变更及一对多机构关系须核实
police-440514,广东,440514,潮南区,county,police,pending_discovery,广东 潮南区 公安局 公安分局 政府信息公开 官方网站,https://www.mca.gov.cn/mzsj/xzqh/2025/202401xzqh.html,行政区划覆盖任务，不是已确认公安机构；区划变更及一对多机构关系须核实
police-440515,广东,440515,澄海区,county,police,pending_discovery,广东 澄海区 公安局 公安分局 政府信息公开 官方网站,https://www.mca.gov.cn/mzsj/xzqh/2025/202401xzqh.html,行政区划覆盖任务，不是已确认公安机构；区划变更及一对多机构关系须核实
police-440523,广东,440523,南澳县,county,police,pending_discovery,广东 南澳县 公安局 公安分局 政府信息公开 官方网站,https://www.mca.gov.cn/mzsj/xzqh/2025/202401xzqh.html,行政区划覆盖任务，不是已确认公安机构；区划变更及一对多机构关系须核实
police-440600,广东,440600,佛山市,prefecture,police,pending_discovery,广东 佛山市 公安局 公安分局 政府信息公开 官方网站,https://www.mca.gov.cn/mzsj/xzqh/2025/202401xzqh.html,行政区划覆盖任务，不是已确认公安机构；区划变更及一对多机构关系须核实
police-440604,广东,440604,禅城区,county,police,pending_discovery,广东 禅城区 公安局 公安分局 政府信息公开 官方网站,https://www.mca.gov.cn/mzsj/xzqh/2025/202401xzqh.html,行政区划覆盖任务，不是已确认公安机构；区划变更及一对多机构关系须核实
police-440605,广东,440605,南海区,county,police,pending_discovery,广东 南海区 公安局 公安分局 政府信息公开 官方网站,https://www.mca.gov.cn/mzsj/xzqh/2025/202401xzqh.html,行政区划覆盖任务，不是已确认公安机构；区划变更及一对多机构关系须核实
police-440606,广东,440606,顺德区,county,police,pending_discovery,广东 顺德区 公安局 公安分局 政府信息公开 官方网站,https://www.mca.gov.cn/mzsj/xzqh/2025/202401xzqh.html,行政区划覆盖任务，不是已确认公安机构；区划变更及一对多机构关系须核实
police-440607,广东,440607,三水区,county,police,pending_discovery,广东 三水区 公安局 公安分局 政府信息公开 官方网站,https://www.mca.gov.cn/mzsj/xzqh/2025/202401xzqh.html,行政区划覆盖任务，不是已确认公安机构；区划变更及一对多机构关系须核实
police-440608,广东,440608,高明区,county,police,pending_discovery,广东 高明区 公安局 公安分局 政府信息公开 官方网站,https://www.mca.gov.cn/mzsj/xzqh/2025/202401xzqh.html,行政区划覆盖任务，不是已确认公安机构；区划变更及一对多机构关系须核实
police-440700,广东,440700,江门市,prefecture,police,pending_discovery,广东 江门市 公安局 公安分局 政府信息公开 官方网站,https://www.mca.gov.cn/mzsj/xzqh/2025/202401xzqh.html,行政区划覆盖任务，不是已确认公安机构；区划变更及一对多机构关系须核实
police-440703,广东,440703,蓬江区,county,police,pending_discovery,广东 蓬江区 公安局 公安分局 政府信息公开 官方网站,https://www.mca.gov.cn/mzsj/xzqh/2025/202401xzqh.html,行政区划覆盖任务，不是已确认公安机构；区划变更及一对多机构关系须核实
police-440704,广东,440704,江海区,county,police,pending_discovery,广东 江海区 公安局 公安分局 政府信息公开 官方网站,https://www.mca.gov.cn/mzsj/xzqh/2025/202401xzqh.html,行政区划覆盖任务，不是已确认公安机构；区划变更及一对多机构关系须核实
police-440705,广东,440705,新会区,county,police,pending_discovery,广东 新会区 公安局 公安分局 政府信息公开 官方网站,https://www.mca.gov.cn/mzsj/xzqh/2025/202401xzqh.html,行政区划覆盖任务，不是已确认公安机构；区划变更及一对多机构关系须核实
police-440781,广东,440781,台山市,county,police,pending_discovery,广东 台山市 公安局 公安分局 政府信息公开 官方网站,https://www.mca.gov.cn/mzsj/xzqh/2025/202401xzqh.html,行政区划覆盖任务，不是已确认公安机构；区划变更及一对多机构关系须核实
police-440783,广东,440783,开平市,county,police,pending_discovery,广东 开平市 公安局 公安分局 政府信息公开 官方网站,https://www.mca.gov.cn/mzsj/xzqh/2025/202401xzqh.html,行政区划覆盖任务，不是已确认公安机构；区划变更及一对多机构关系须核实
police-440784,广东,440784,鹤山市,county,police,pending_discovery,广东 鹤山市 公安局 公安分局 政府信息公开 官方网站,https://www.mca.gov.cn/mzsj/xzqh/2025/202401xzqh.html,行政区划覆盖任务，不是已确认公安机构；区划变更及一对多机构关系须核实
police-440785,广东,440785,恩平市,county,police,pending_discovery,广东 恩平市 公安局 公安分局 政府信息公开 官方网站,https://www.mca.gov.cn/mzsj/xzqh/2025/202401xzqh.html,行政区划覆盖任务，不是已确认公安机构；区划变更及一对多机构关系须核实
police-440800,广东,440800,湛江市,prefecture,police,pending_discovery,广东 湛江市 公安局 公安分局 政府信息公开 官方网站,https://www.mca.gov.cn/mzsj/xzqh/2025/202401xzqh.html,行政区划覆盖任务，不是已确认公安机构；区划变更及一对多机构关系须核实
police-440802,广东,440802,赤坎区,county,police,pending_discovery,广东 赤坎区 公安局 公安分局 政府信息公开 官方网站,https://www.mca.gov.cn/mzsj/xzqh/2025/202401xzqh.html,行政区划覆盖任务，不是已确认公安机构；区划变更及一对多机构关系须核实
police-440803,广东,440803,霞山区,county,police,pending_discovery,广东 霞山区 公安局 公安分局 政府信息公开 官方网站,https://www.mca.gov.cn/mzsj/xzqh/2025/202401xzqh.html,行政区划覆盖任务，不是已确认公安机构；区划变更及一对多机构关系须核实
police-440804,广东,440804,坡头区,county,police,pending_discovery,广东 坡头区 公安局 公安分局 政府信息公开 官方网站,https://www.mca.gov.cn/mzsj/xzqh/2025/202401xzqh.html,行政区划覆盖任务，不是已确认公安机构；区划变更及一对多机构关系须核实
police-440811,广东,440811,麻章区,county,police,pending_discovery,广东 麻章区 公安局 公安分局 政府信息公开 官方网站,https://www.mca.gov.cn/mzsj/xzqh/2025/202401xzqh.html,行政区划覆盖任务，不是已确认公安机构；区划变更及一对多机构关系须核实
police-440823,广东,440823,遂溪县,county,police,pending_discovery,广东 遂溪县 公安局 公安分局 政府信息公开 官方网站,https://www.mca.gov.cn/mzsj/xzqh/2025/202401xzqh.html,行政区划覆盖任务，不是已确认公安机构；区划变更及一对多机构关系须核实
police-440825,广东,440825,徐闻县,county,police,pending_discovery,广东 徐闻县 公安局 公安分局 政府信息公开 官方网站,https://www.mca.gov.cn/mzsj/xzqh/2025/202401xzqh.html,行政区划覆盖任务，不是已确认公安机构；区划变更及一对多机构关系须核实
police-440881,广东,440881,廉江市,county,police,pending_discovery,广东 廉江市 公安局 公安分局 政府信息公开 官方网站,https://www.mca.gov.cn/mzsj/xzqh/2025/202401xzqh.html,行政区划覆盖任务，不是已确认公安机构；区划变更及一对多机构关系须核实
police-440882,广东,440882,雷州市,county,police,pending_discovery,广东 雷州市 公安局 公安分局 政府信息公开 官方网站,https://www.mca.gov.cn/mzsj/xzqh/2025/202401xzqh.html,行政区划覆盖任务，不是已确认公安机构；区划变更及一对多机构关系须核实
police-440883,广东,440883,吴川市,county,police,pending_discovery,广东 吴川市 公安局 公安分局 政府信息公开 官方网站,https://www.mca.gov.cn/mzsj/xzqh/2025/202401xzqh.html,行政区划覆盖任务，不是已确认公安机构；区划变更及一对多机构关系须核实
police-440900,广东,440900,茂名市,prefecture,police,pending_discovery,广东 茂名市 公安局 公安分局 政府信息公开 官方网站,https://www.mca.gov.cn/mzsj/xzqh/2025/202401xzqh.html,行政区划覆盖任务，不是已确认公安机构；区划变更及一对多机构关系须核实
police-440902,广东,440902,茂南区,county,police,pending_discovery,广东 茂南区 公安局 公安分局 政府信息公开 官方网站,https://www.mca.gov.cn/mzsj/xzqh/2025/202401xzqh.html,行政区划覆盖任务，不是已确认公安机构；区划变更及一对多机构关系须核实
police-440904,广东,440904,电白区,county,police,pending_discovery,广东 电白区 公安局 公安分局 政府信息公开 官方网站,https://www.mca.gov.cn/mzsj/xzqh/2025/202401xzqh.html,行政区划覆盖任务，不是已确认公安机构；区划变更及一对多机构关系须核实
police-440981,广东,440981,高州市,county,police,pending_discovery,广东 高州市 公安局 公安分局 政府信息公开 官方网站,https://www.mca.gov.cn/mzsj/xzqh/2025/202401xzqh.html,行政区划覆盖任务，不是已确认公安机构；区划变更及一对多机构关系须核实
police-440982,广东,440982,化州市,county,police,pending_discovery,广东 化州市 公安局 公安分局 政府信息公开 官方网站,https://www.mca.gov.cn/mzsj/xzqh/2025/202401xzqh.html,行政区划覆盖任务，不是已确认公安机构；区划变更及一对多机构关系须核实
police-440983,广东,440983,信宜市,county,police,pending_discovery,广东 信宜市 公安局 公安分局 政府信息公开 官方网站,https://www.mca.gov.cn/mzsj/xzqh/2025/202401xzqh.html,行政区划覆盖任务，不是已确认公安机构；区划变更及一对多机构关系须核实
police-441200,广东,441200,肇庆市,prefecture,police,pending_discovery,广东 肇庆市 公安局 公安分局 政府信息公开 官方网站,https://www.mca.gov.cn/mzsj/xzqh/2025/202401xzqh.html,行政区划覆盖任务，不是已确认公安机构；区划变更及一对多机构关系须核实
police-441202,广东,441202,端州区,county,police,pending_discovery,广东 端州区 公安局 公安分局 政府信息公开 官方网站,https://www.mca.gov.cn/mzsj/xzqh/2025/202401xzqh.html,行政区划覆盖任务，不是已确认公安机构；区划变更及一对多机构关系须核实
police-441203,广东,441203,鼎湖区,county,police,pending_discovery,广东 鼎湖区 公安局 公安分局 政府信息公开 官方网站,https://www.mca.gov.cn/mzsj/xzqh/2025/202401xzqh.html,行政区划覆盖任务，不是已确认公安机构；区划变更及一对多机构关系须核实
police-441204,广东,441204,高要区,county,police,pending_discovery,广东 高要区 公安局 公安分局 政府信息公开 官方网站,https://www.mca.gov.cn/mzsj/xzqh/2025/202401xzqh.html,行政区划覆盖任务，不是已确认公安机构；区划变更及一对多机构关系须核实
police-441223,广东,441223,广宁县,county,police,pending_discovery,广东 广宁县 公安局 公安分局 政府信息公开 官方网站,https://www.mca.gov.cn/mzsj/xzqh/2025/202401xzqh.html,行政区划覆盖任务，不是已确认公安机构；区划变更及一对多机构关系须核实
police-441224,广东,441224,怀集县,county,police,pending_discovery,广东 怀集县 公安局 公安分局 政府信息公开 官方网站,https://www.mca.gov.cn/mzsj/xzqh/2025/202401xzqh.html,行政区划覆盖任务，不是已确认公安机构；区划变更及一对多机构关系须核实
police-441225,广东,441225,封开县,county,police,pending_discovery,广东 封开县 公安局 公安分局 政府信息公开 官方网站,https://www.mca.gov.cn/mzsj/xzqh/2025/202401xzqh.html,行政区划覆盖任务，不是已确认公安机构；区划变更及一对多机构关系须核实
police-441226,广东,441226,德庆县,county,police,pending_discovery,广东 德庆县 公安局 公安分局 政府信息公开 官方网站,https://www.mca.gov.cn/mzsj/xzqh/2025/202401xzqh.html,行政区划覆盖任务，不是已确认公安机构；区划变更及一对多机构关系须核实
police-441284,广东,441284,四会市,county,police,pending_discovery,广东 四会市 公安局 公安分局 政府信息公开 官方网站,https://www.mca.gov.cn/mzsj/xzqh/2025/202401xzqh.html,行政区划覆盖任务，不是已确认公安机构；区划变更及一对多机构关系须核实
police-441300,广东,441300,惠州市,prefecture,police,pending_discovery,广东 惠州市 公安局 公安分局 政府信息公开 官方网站,https://www.mca.gov.cn/mzsj/xzqh/2025/202401xzqh.html,行政区划覆盖任务，不是已确认公安机构；区划变更及一对多机构关系须核实
police-441302,广东,441302,惠城区,county,police,pending_discovery,广东 惠城区 公安局 公安分局 政府信息公开 官方网站,https://www.mca.gov.cn/mzsj/xzqh/2025/202401xzqh.html,行政区划覆盖任务，不是已确认公安机构；区划变更及一对多机构关系须核实
police-441303,广东,441303,惠阳区,county,police,pending_discovery,广东 惠阳区 公安局 公安分局 政府信息公开 官方网站,https://www.mca.gov.cn/mzsj/xzqh/2025/202401xzqh.html,行政区划覆盖任务，不是已确认公安机构；区划变更及一对多机构关系须核实
police-441322,广东,441322,博罗县,county,police,pending_discovery,广东 博罗县 公安局 公安分局 政府信息公开 官方网站,https://www.mca.gov.cn/mzsj/xzqh/2025/202401xzqh.html,行政区划覆盖任务，不是已确认公安机构；区划变更及一对多机构关系须核实
police-441323,广东,441323,惠东县,county,police,pending_discovery,广东 惠东县 公安局 公安分局 政府信息公开 官方网站,https://www.mca.gov.cn/mzsj/xzqh/2025/202401xzqh.html,行政区划覆盖任务，不是已确认公安机构；区划变更及一对多机构关系须核实
police-441324,广东,441324,龙门县,county,police,pending_discovery,广东 龙门县 公安局 公安分局 政府信息公开 官方网站,https://www.mca.gov.cn/mzsj/xzqh/2025/202401xzqh.html,行政区划覆盖任务，不是已确认公安机构；区划变更及一对多机构关系须核实
police-441400,广东,441400,梅州市,prefecture,police,pending_discovery,广东 梅州市 公安局 公安分局 政府信息公开 官方网站,https://www.mca.gov.cn/mzsj/xzqh/2025/202401xzqh.html,行政区划覆盖任务，不是已确认公安机构；区划变更及一对多机构关系须核实
police-441402,广东,441402,梅江区,county,police,pending_discovery,广东 梅江区 公安局 公安分局 政府信息公开 官方网站,https://www.mca.gov.cn/mzsj/xzqh/2025/202401xzqh.html,行政区划覆盖任务，不是已确认公安机构；区划变更及一对多机构关系须核实
police-441403,广东,441403,梅县区,county,police,pending_discovery,广东 梅县区 公安局 公安分局 政府信息公开 官方网站,https://www.mca.gov.cn/mzsj/xzqh/2025/202401xzqh.html,行政区划覆盖任务，不是已确认公安机构；区划变更及一对多机构关系须核实
police-441422,广东,441422,大埔县,county,police,pending_discovery,广东 大埔县 公安局 公安分局 政府信息公开 官方网站,https://www.mca.gov.cn/mzsj/xzqh/2025/202401xzqh.html,行政区划覆盖任务，不是已确认公安机构；区划变更及一对多机构关系须核实
police-441423,广东,441423,丰顺县,county,police,pending_discovery,广东 丰顺县 公安局 公安分局 政府信息公开 官方网站,https://www.mca.gov.cn/mzsj/xzqh/2025/202401xzqh.html,行政区划覆盖任务，不是已确认公安机构；区划变更及一对多机构关系须核实
police-441424,广东,441424,五华县,county,police,pending_discovery,广东 五华县 公安局 公安分局 政府信息公开 官方网站,https://www.mca.gov.cn/mzsj/xzqh/2025/202401xzqh.html,行政区划覆盖任务，不是已确认公安机构；区划变更及一对多机构关系须核实
police-441426,广东,441426,平远县,county,police,pending_discovery,广东 平远县 公安局 公安分局 政府信息公开 官方网站,https://www.mca.gov.cn/mzsj/xzqh/2025/202401xzqh.html,行政区划覆盖任务，不是已确认公安机构；区划变更及一对多机构关系须核实
police-441427,广东,441427,蕉岭县,county,police,pending_discovery,广东 蕉岭县 公安局 公安分局 政府信息公开 官方网站,https://www.mca.gov.cn/mzsj/xzqh/2025/202401xzqh.html,行政区划覆盖任务，不是已确认公安机构；区划变更及一对多机构关系须核实
police-441481,广东,441481,兴宁市,county,police,pending_discovery,广东 兴宁市 公安局 公安分局 政府信息公开 官方网站,https://www.mca.gov.cn/mzsj/xzqh/2025/202401xzqh.html,行政区划覆盖任务，不是已确认公安机构；区划变更及一对多机构关系须核实
police-441500,广东,441500,汕尾市,prefecture,police,pending_discovery,广东 汕尾市 公安局 公安分局 政府信息公开 官方网站,https://www.mca.gov.cn/mzsj/xzqh/2025/202401xzqh.html,行政区划覆盖任务，不是已确认公安机构；区划变更及一对多机构关系须核实
police-441502,广东,441502,城区,county,police,pending_discovery,广东 城区 公安局 公安分局 政府信息公开 官方网站,https://www.mca.gov.cn/mzsj/xzqh/2025/202401xzqh.html,行政区划覆盖任务，不是已确认公安机构；区划变更及一对多机构关系须核实
police-441521,广东,441521,海丰县,county,police,pending_discovery,广东 海丰县 公安局 公安分局 政府信息公开 官方网站,https://www.mca.gov.cn/mzsj/xzqh/2025/202401xzqh.html,行政区划覆盖任务，不是已确认公安机构；区划变更及一对多机构关系须核实
police-441523,广东,441523,陆河县,county,police,pending_discovery,广东 陆河县 公安局 公安分局 政府信息公开 官方网站,https://www.mca.gov.cn/mzsj/xzqh/2025/202401xzqh.html,行政区划覆盖任务，不是已确认公安机构；区划变更及一对多机构关系须核实
police-441581,广东,441581,陆丰市,county,police,pending_discovery,广东 陆丰市 公安局 公安分局 政府信息公开 官方网站,https://www.mca.gov.cn/mzsj/xzqh/2025/202401xzqh.html,行政区划覆盖任务，不是已确认公安机构；区划变更及一对多机构关系须核实
police-441600,广东,441600,河源市,prefecture,police,pending_discovery,广东 河源市 公安局 公安分局 政府信息公开 官方网站,https://www.mca.gov.cn/mzsj/xzqh/2025/202401xzqh.html,行政区划覆盖任务，不是已确认公安机构；区划变更及一对多机构关系须核实
police-441602,广东,441602,源城区,county,police,pending_discovery,广东 源城区 公安局 公安分局 政府信息公开 官方网站,https://www.mca.gov.cn/mzsj/xzqh/2025/202401xzqh.html,行政区划覆盖任务，不是已确认公安机构；区划变更及一对多机构关系须核实
police-441621,广东,441621,紫金县,county,police,pending_discovery,广东 紫金县 公安局 公安分局 政府信息公开 官方网站,https://www.mca.gov.cn/mzsj/xzqh/2025/202401xzqh.html,行政区划覆盖任务，不是已确认公安机构；区划变更及一对多机构关系须核实
police-441622,广东,441622,龙川县,county,police,pending_discovery,广东 龙川县 公安局 公安分局 政府信息公开 官方网站,https://www.mca.gov.cn/mzsj/xzqh/2025/202401xzqh.html,行政区划覆盖任务，不是已确认公安机构；区划变更及一对多机构关系须核实
police-441623,广东,441623,连平县,county,police,pending_discovery,广东 连平县 公安局 公安分局 政府信息公开 官方网站,https://www.mca.gov.cn/mzsj/xzqh/2025/202401xzqh.html,行政区划覆盖任务，不是已确认公安机构；区划变更及一对多机构关系须核实
police-441624,广东,441624,和平县,county,police,pending_discovery,广东 和平县 公安局 公安分局 政府信息公开 官方网站,https://www.mca.gov.cn/mzsj/xzqh/2025/202401xzqh.html,行政区划覆盖任务，不是已确认公安机构；区划变更及一对多机构关系须核实
police-441625,广东,441625,东源县,county,police,pending_discovery,广东 东源县 公安局 公安分局 政府信息公开 官方网站,https://www.mca.gov.cn/mzsj/xzqh/2025/202401xzqh.html,行政区划覆盖任务，不是已确认公安机构；区划变更及一对多机构关系须核实
police-441700,广东,441700,阳江市,prefecture,police,pending_discovery,广东 阳江市 公安局 公安分局 政府信息公开 官方网站,https://www.mca.gov.cn/mzsj/xzqh/2025/202401xzqh.html,行政区划覆盖任务，不是已确认公安机构；区划变更及一对多机构关系须核实
police-441702,广东,441702,江城区,county,police,pending_discovery,广东 江城区 公安局 公安分局 政府信息公开 官方网站,https://www.mca.gov.cn/mzsj/xzqh/2025/202401xzqh.html,行政区划覆盖任务，不是已确认公安机构；区划变更及一对多机构关系须核实
police-441704,广东,441704,阳东区,county,police,pending_discovery,广东 阳东区 公安局 公安分局 政府信息公开 官方网站,https://www.mca.gov.cn/mzsj/xzqh/2025/202401xzqh.html,行政区划覆盖任务，不是已确认公安机构；区划变更及一对多机构关系须核实
police-441721,广东,441721,阳西县,county,police,pending_discovery,广东 阳西县 公安局 公安分局 政府信息公开 官方网站,https://www.mca.gov.cn/mzsj/xzqh/2025/202401xzqh.html,行政区划覆盖任务，不是已确认公安机构；区划变更及一对多机构关系须核实
police-441781,广东,441781,阳春市,county,police,pending_discovery,广东 阳春市 公安局 公安分局 政府信息公开 官方网站,https://www.mca.gov.cn/mzsj/xzqh/2025/202401xzqh.html,行政区划覆盖任务，不是已确认公安机构；区划变更及一对多机构关系须核实
police-441800,广东,441800,清远市,prefecture,police,pending_discovery,广东 清远市 公安局 公安分局 政府信息公开 官方网站,https://www.mca.gov.cn/mzsj/xzqh/2025/202401xzqh.html,行政区划覆盖任务，不是已确认公安机构；区划变更及一对多机构关系须核实
police-441802,广东,441802,清城区,county,police,pending_discovery,广东 清城区 公安局 公安分局 政府信息公开 官方网站,https://www.mca.gov.cn/mzsj/xzqh/2025/202401xzqh.html,行政区划覆盖任务，不是已确认公安机构；区划变更及一对多机构关系须核实
police-441803,广东,441803,清新区,county,police,pending_discovery,广东 清新区 公安局 公安分局 政府信息公开 官方网站,https://www.mca.gov.cn/mzsj/xzqh/2025/202401xzqh.html,行政区划覆盖任务，不是已确认公安机构；区划变更及一对多机构关系须核实
police-441821,广东,441821,佛冈县,county,police,pending_discovery,广东 佛冈县 公安局 公安分局 政府信息公开 官方网站,https://www.mca.gov.cn/mzsj/xzqh/2025/202401xzqh.html,行政区划覆盖任务，不是已确认公安机构；区划变更及一对多机构关系须核实
police-441823,广东,441823,阳山县,county,police,pending_discovery,广东 阳山县 公安局 公安分局 政府信息公开 官方网站,https://www.mca.gov.cn/mzsj/xzqh/2025/202401xzqh.html,行政区划覆盖任务，不是已确认公安机构；区划变更及一对多机构关系须核实
police-441825,广东,441825,连山壮族瑶族自治县,county,police,pending_discovery,广东 连山壮族瑶族自治县 公安局 公安分局 政府信息公开 官方网站,https://www.mca.gov.cn/mzsj/xzqh/2025/202401xzqh.html,行政区划覆盖任务，不是已确认公安机构；区划变更及一对多机构关系须核实
police-441826,广东,441826,连南瑶族自治县,county,police,pending_discovery,广东 连南瑶族自治县 公安局 公安分局 政府信息公开 官方网站,https://www.mca.gov.cn/mzsj/xzqh/2025/202401xzqh.html,行政区划覆盖任务，不是已确认公安机构；区划变更及一对多机构关系须核实
police-441881,广东,441881,英德市,county,police,pending_discovery,广东 英德市 公安局 公安分局 政府信息公开 官方网站,https://www.mca.gov.cn/mzsj/xzqh/2025/202401xzqh.html,行政区划覆盖任务，不是已确认公安机构；区划变更及一对多机构关系须核实
police-441882,广东,441882,连州市,county,police,pending_discovery,广东 连州市 公安局 公安分局 政府信息公开 官方网站,https://www.mca.gov.cn/mzsj/xzqh/2025/202401xzqh.html,行政区划覆盖任务，不是已确认公安机构；区划变更及一对多机构关系须核实
police-441900,广东,441900,东莞市,prefecture,police,pending_discovery,广东 东莞市 公安局 公安分局 政府信息公开 官方网站,https://www.mca.gov.cn/mzsj/xzqh/2025/202401xzqh.html,行政区划覆盖任务，不是已确认公安机构；区划变更及一对多机构关系须核实
police-442000,广东,442000,中山市,prefecture,police,pending_discovery,广东 中山市 公安局 公安分局 政府信息公开 官方网站,https://www.mca.gov.cn/mzsj/xzqh/2025/202401xzqh.html,行政区划覆盖任务，不是已确认公安机构；区划变更及一对多机构关系须核实
police-445100,广东,445100,潮州市,prefecture,police,pending_discovery,广东 潮州市 公安局 公安分局 政府信息公开 官方网站,https://www.mca.gov.cn/mzsj/xzqh/2025/202401xzqh.html,行政区划覆盖任务，不是已确认公安机构；区划变更及一对多机构关系须核实
police-445102,广东,445102,湘桥区,county,police,pending_discovery,广东 湘桥区 公安局 公安分局 政府信息公开 官方网站,https://www.mca.gov.cn/mzsj/xzqh/2025/202401xzqh.html,行政区划覆盖任务，不是已确认公安机构；区划变更及一对多机构关系须核实
police-445103,广东,445103,潮安区,county,police,pending_discovery,广东 潮安区 公安局 公安分局 政府信息公开 官方网站,https://www.mca.gov.cn/mzsj/xzqh/2025/202401xzqh.html,行政区划覆盖任务，不是已确认公安机构；区划变更及一对多机构关系须核实
police-445122,广东,445122,饶平县,county,police,pending_discovery,广东 饶平县 公安局 公安分局 政府信息公开 官方网站,https://www.mca.gov.cn/mzsj/xzqh/2025/202401xzqh.html,行政区划覆盖任务，不是已确认公安机构；区划变更及一对多机构关系须核实
police-445200,广东,445200,揭阳市,prefecture,police,pending_discovery,广东 揭阳市 公安局 公安分局 政府信息公开 官方网站,https://www.mca.gov.cn/mzsj/xzqh/2025/202401xzqh.html,行政区划覆盖任务，不是已确认公安机构；区划变更及一对多机构关系须核实
police-445202,广东,445202,榕城区,county,police,pending_discovery,广东 榕城区 公安局 公安分局 政府信息公开 官方网站,https://www.mca.gov.cn/mzsj/xzqh/2025/202401xzqh.html,行政区划覆盖任务，不是已确认公安机构；区划变更及一对多机构关系须核实
police-445203,广东,445203,揭东区,county,police,pending_discovery,广东 揭东区 公安局 公安分局 政府信息公开 官方网站,https://www.mca.gov.cn/mzsj/xzqh/2025/202401xzqh.html,行政区划覆盖任务，不是已确认公安机构；区划变更及一对多机构关系须核实
police-445222,广东,445222,揭西县,county,police,pending_discovery,广东 揭西县 公安局 公安分局 政府信息公开 官方网站,https://www.mca.gov.cn/mzsj/xzqh/2025/202401xzqh.html,行政区划覆盖任务，不是已确认公安机构；区划变更及一对多机构关系须核实
police-445224,广东,445224,惠来县,county,police,pending_discovery,广东 惠来县 公安局 公安分局 政府信息公开 官方网站,https://www.mca.gov.cn/mzsj/xzqh/2025/202401xzqh.html,行政区划覆盖任务，不是已确认公安机构；区划变更及一对多机构关系须核实
police-445281,广东,445281,普宁市,county,police,pending_discovery,广东 普宁市 公安局 公安分局 政府信息公开 官方网站,https://www.mca.gov.cn/mzsj/xzqh/2025/202401xzqh.html,行政区划覆盖任务，不是已确认公安机构；区划变更及一对多机构关系须核实
police-445300,广东,445300,云浮市,prefecture,police,pending_discovery,广东 云浮市 公安局 公安分局 政府信息公开 官方网站,https://www.mca.gov.cn/mzsj/xzqh/2025/202401xzqh.html,行政区划覆盖任务，不是已确认公安机构；区划变更及一对多机构关系须核实
police-445302,广东,445302,云城区,county,police,pending_discovery,广东 云城区 公安局 公安分局 政府信息公开 官方网站,https://www.mca.gov.cn/mzsj/xzqh/2025/202401xzqh.html,行政区划覆盖任务，不是已确认公安机构；区划变更及一对多机构关系须核实
police-445303,广东,445303,云安区,county,police,pending_discovery,广东 云安区 公安局 公安分局 政府信息公开 官方网站,https://www.mca.gov.cn/mzsj/xzqh/2025/202401xzqh.html,行政区划覆盖任务，不是已确认公安机构；区划变更及一对多机构关系须核实
police-445321,广东,445321,新兴县,county,police,pending_discovery,广东 新兴县 公安局 公安分局 政府信息公开 官方网站,https://www.mca.gov.cn/mzsj/xzqh/2025/202401xzqh.html,行政区划覆盖任务，不是已确认公安机构；区划变更及一对多机构关系须核实
police-445322,广东,445322,郁南县,county,police,pending_discovery,广东 郁南县 公安局 公安分局 政府信息公开 官方网站,https://www.mca.gov.cn/mzsj/xzqh/2025/202401xzqh.html,行政区划覆盖任务，不是已确认公安机构；区划变更及一对多机构关系须核实
police-445381,广东,445381,罗定市,county,police,pending_discovery,广东 罗定市 公安局 公安分局 政府信息公开 官方网站,https://www.mca.gov.cn/mzsj/xzqh/2025/202401xzqh.html,行政区划覆盖任务，不是已确认公安机构；区划变更及一对多机构关系须核实
police-450000,广西,450000,广西壮族自治区,province,police,pending_discovery,广西 广西壮族自治区 公安局 公安分局 政府信息公开 官方网站,https://www.mca.gov.cn/mzsj/xzqh/2025/202401xzqh.html,行政区划覆盖任务，不是已确认公安机构；区划变更及一对多机构关系须核实
police-450100,广西,450100,南宁市,prefecture,police,pending_discovery,广西 南宁市 公安局 公安分局 政府信息公开 官方网站,https://www.mca.gov.cn/mzsj/xzqh/2025/202401xzqh.html,行政区划覆盖任务，不是已确认公安机构；区划变更及一对多机构关系须核实
police-450102,广西,450102,兴宁区,county,police,pending_discovery,广西 兴宁区 公安局 公安分局 政府信息公开 官方网站,https://www.mca.gov.cn/mzsj/xzqh/2025/202401xzqh.html,行政区划覆盖任务，不是已确认公安机构；区划变更及一对多机构关系须核实
police-450103,广西,450103,青秀区,county,police,pending_discovery,广西 青秀区 公安局 公安分局 政府信息公开 官方网站,https://www.mca.gov.cn/mzsj/xzqh/2025/202401xzqh.html,行政区划覆盖任务，不是已确认公安机构；区划变更及一对多机构关系须核实
police-450105,广西,450105,江南区,county,police,pending_discovery,广西 江南区 公安局 公安分局 政府信息公开 官方网站,https://www.mca.gov.cn/mzsj/xzqh/2025/202401xzqh.html,行政区划覆盖任务，不是已确认公安机构；区划变更及一对多机构关系须核实
police-450107,广西,450107,西乡塘区,county,police,pending_discovery,广西 西乡塘区 公安局 公安分局 政府信息公开 官方网站,https://www.mca.gov.cn/mzsj/xzqh/2025/202401xzqh.html,行政区划覆盖任务，不是已确认公安机构；区划变更及一对多机构关系须核实
police-450108,广西,450108,良庆区,county,police,pending_discovery,广西 良庆区 公安局 公安分局 政府信息公开 官方网站,https://www.mca.gov.cn/mzsj/xzqh/2025/202401xzqh.html,行政区划覆盖任务，不是已确认公安机构；区划变更及一对多机构关系须核实
police-450109,广西,450109,邕宁区,county,police,pending_discovery,广西 邕宁区 公安局 公安分局 政府信息公开 官方网站,https://www.mca.gov.cn/mzsj/xzqh/2025/202401xzqh.html,行政区划覆盖任务，不是已确认公安机构；区划变更及一对多机构关系须核实
police-450110,广西,450110,武鸣区,county,police,pending_discovery,广西 武鸣区 公安局 公安分局 政府信息公开 官方网站,https://www.mca.gov.cn/mzsj/xzqh/2025/202401xzqh.html,行政区划覆盖任务，不是已确认公安机构；区划变更及一对多机构关系须核实
police-450123,广西,450123,隆安县,county,police,pending_discovery,广西 隆安县 公安局 公安分局 政府信息公开 官方网站,https://www.mca.gov.cn/mzsj/xzqh/2025/202401xzqh.html,行政区划覆盖任务，不是已确认公安机构；区划变更及一对多机构关系须核实
police-450124,广西,450124,马山县,county,police,pending_discovery,广西 马山县 公安局 公安分局 政府信息公开 官方网站,https://www.mca.gov.cn/mzsj/xzqh/2025/202401xzqh.html,行政区划覆盖任务，不是已确认公安机构；区划变更及一对多机构关系须核实
police-450125,广西,450125,上林县,county,police,pending_discovery,广西 上林县 公安局 公安分局 政府信息公开 官方网站,https://www.mca.gov.cn/mzsj/xzqh/2025/202401xzqh.html,行政区划覆盖任务，不是已确认公安机构；区划变更及一对多机构关系须核实
police-450126,广西,450126,宾阳县,county,police,pending_discovery,广西 宾阳县 公安局 公安分局 政府信息公开 官方网站,https://www.mca.gov.cn/mzsj/xzqh/2025/202401xzqh.html,行政区划覆盖任务，不是已确认公安机构；区划变更及一对多机构关系须核实
police-450181,广西,450181,横州市,county,police,pending_discovery,广西 横州市 公安局 公安分局 政府信息公开 官方网站,https://www.mca.gov.cn/mzsj/xzqh/2025/202401xzqh.html,行政区划覆盖任务，不是已确认公安机构；区划变更及一对多机构关系须核实
police-450200,广西,450200,柳州市,prefecture,police,pending_discovery,广西 柳州市 公安局 公安分局 政府信息公开 官方网站,https://www.mca.gov.cn/mzsj/xzqh/2025/202401xzqh.html,行政区划覆盖任务，不是已确认公安机构；区划变更及一对多机构关系须核实
police-450202,广西,450202,城中区,county,police,pending_discovery,广西 城中区 公安局 公安分局 政府信息公开 官方网站,https://www.mca.gov.cn/mzsj/xzqh/2025/202401xzqh.html,行政区划覆盖任务，不是已确认公安机构；区划变更及一对多机构关系须核实
police-450203,广西,450203,鱼峰区,county,police,pending_discovery,广西 鱼峰区 公安局 公安分局 政府信息公开 官方网站,https://www.mca.gov.cn/mzsj/xzqh/2025/202401xzqh.html,行政区划覆盖任务，不是已确认公安机构；区划变更及一对多机构关系须核实
police-450204,广西,450204,柳南区,county,police,pending_discovery,广西 柳南区 公安局 公安分局 政府信息公开 官方网站,https://www.mca.gov.cn/mzsj/xzqh/2025/202401xzqh.html,行政区划覆盖任务，不是已确认公安机构；区划变更及一对多机构关系须核实
police-450205,广西,450205,柳北区,county,police,pending_discovery,广西 柳北区 公安局 公安分局 政府信息公开 官方网站,https://www.mca.gov.cn/mzsj/xzqh/2025/202401xzqh.html,行政区划覆盖任务，不是已确认公安机构；区划变更及一对多机构关系须核实
police-450206,广西,450206,柳江区,county,police,pending_discovery,广西 柳江区 公安局 公安分局 政府信息公开 官方网站,https://www.mca.gov.cn/mzsj/xzqh/2025/202401xzqh.html,行政区划覆盖任务，不是已确认公安机构；区划变更及一对多机构关系须核实
police-450222,广西,450222,柳城县,county,police,pending_discovery,广西 柳城县 公安局 公安分局 政府信息公开 官方网站,https://www.mca.gov.cn/mzsj/xzqh/2025/202401xzqh.html,行政区划覆盖任务，不是已确认公安机构；区划变更及一对多机构关系须核实
police-450223,广西,450223,鹿寨县,county,police,pending_discovery,广西 鹿寨县 公安局 公安分局 政府信息公开 官方网站,https://www.mca.gov.cn/mzsj/xzqh/2025/202401xzqh.html,行政区划覆盖任务，不是已确认公安机构；区划变更及一对多机构关系须核实
police-450224,广西,450224,融安县,county,police,pending_discovery,广西 融安县 公安局 公安分局 政府信息公开 官方网站,https://www.mca.gov.cn/mzsj/xzqh/2025/202401xzqh.html,行政区划覆盖任务，不是已确认公安机构；区划变更及一对多机构关系须核实
police-450225,广西,450225,融水苗族自治县,county,police,pending_discovery,广西 融水苗族自治县 公安局 公安分局 政府信息公开 官方网站,https://www.mca.gov.cn/mzsj/xzqh/2025/202401xzqh.html,行政区划覆盖任务，不是已确认公安机构；区划变更及一对多机构关系须核实
police-450226,广西,450226,三江侗族自治县,county,police,pending_discovery,广西 三江侗族自治县 公安局 公安分局 政府信息公开 官方网站,https://www.mca.gov.cn/mzsj/xzqh/2025/202401xzqh.html,行政区划覆盖任务，不是已确认公安机构；区划变更及一对多机构关系须核实
police-450300,广西,450300,桂林市,prefecture,police,pending_discovery,广西 桂林市 公安局 公安分局 政府信息公开 官方网站,https://www.mca.gov.cn/mzsj/xzqh/2025/202401xzqh.html,行政区划覆盖任务，不是已确认公安机构；区划变更及一对多机构关系须核实
police-450302,广西,450302,秀峰区,county,police,pending_discovery,广西 秀峰区 公安局 公安分局 政府信息公开 官方网站,https://www.mca.gov.cn/mzsj/xzqh/2025/202401xzqh.html,行政区划覆盖任务，不是已确认公安机构；区划变更及一对多机构关系须核实
police-450303,广西,450303,叠彩区,county,police,pending_discovery,广西 叠彩区 公安局 公安分局 政府信息公开 官方网站,https://www.mca.gov.cn/mzsj/xzqh/2025/202401xzqh.html,行政区划覆盖任务，不是已确认公安机构；区划变更及一对多机构关系须核实
police-450304,广西,450304,象山区,county,police,pending_discovery,广西 象山区 公安局 公安分局 政府信息公开 官方网站,https://www.mca.gov.cn/mzsj/xzqh/2025/202401xzqh.html,行政区划覆盖任务，不是已确认公安机构；区划变更及一对多机构关系须核实
police-450305,广西,450305,七星区,county,police,pending_discovery,广西 七星区 公安局 公安分局 政府信息公开 官方网站,https://www.mca.gov.cn/mzsj/xzqh/2025/202401xzqh.html,行政区划覆盖任务，不是已确认公安机构；区划变更及一对多机构关系须核实
police-450311,广西,450311,雁山区,county,police,pending_discovery,广西 雁山区 公安局 公安分局 政府信息公开 官方网站,https://www.mca.gov.cn/mzsj/xzqh/2025/202401xzqh.html,行政区划覆盖任务，不是已确认公安机构；区划变更及一对多机构关系须核实
police-450312,广西,450312,临桂区,county,police,pending_discovery,广西 临桂区 公安局 公安分局 政府信息公开 官方网站,https://www.mca.gov.cn/mzsj/xzqh/2025/202401xzqh.html,行政区划覆盖任务，不是已确认公安机构；区划变更及一对多机构关系须核实
police-450321,广西,450321,阳朔县,county,police,pending_discovery,广西 阳朔县 公安局 公安分局 政府信息公开 官方网站,https://www.mca.gov.cn/mzsj/xzqh/2025/202401xzqh.html,行政区划覆盖任务，不是已确认公安机构；区划变更及一对多机构关系须核实
police-450323,广西,450323,灵川县,county,police,pending_discovery,广西 灵川县 公安局 公安分局 政府信息公开 官方网站,https://www.mca.gov.cn/mzsj/xzqh/2025/202401xzqh.html,行政区划覆盖任务，不是已确认公安机构；区划变更及一对多机构关系须核实
police-450324,广西,450324,全州县,county,police,pending_discovery,广西 全州县 公安局 公安分局 政府信息公开 官方网站,https://www.mca.gov.cn/mzsj/xzqh/2025/202401xzqh.html,行政区划覆盖任务，不是已确认公安机构；区划变更及一对多机构关系须核实
police-450325,广西,450325,兴安县,county,police,pending_discovery,广西 兴安县 公安局 公安分局 政府信息公开 官方网站,https://www.mca.gov.cn/mzsj/xzqh/2025/202401xzqh.html,行政区划覆盖任务，不是已确认公安机构；区划变更及一对多机构关系须核实
police-450326,广西,450326,永福县,county,police,pending_discovery,广西 永福县 公安局 公安分局 政府信息公开 官方网站,https://www.mca.gov.cn/mzsj/xzqh/2025/202401xzqh.html,行政区划覆盖任务，不是已确认公安机构；区划变更及一对多机构关系须核实
police-450327,广西,450327,灌阳县,county,police,pending_discovery,广西 灌阳县 公安局 公安分局 政府信息公开 官方网站,https://www.mca.gov.cn/mzsj/xzqh/2025/202401xzqh.html,行政区划覆盖任务，不是已确认公安机构；区划变更及一对多机构关系须核实
police-450328,广西,450328,龙胜各族自治县,county,police,pending_discovery,广西 龙胜各族自治县 公安局 公安分局 政府信息公开 官方网站,https://www.mca.gov.cn/mzsj/xzqh/2025/202401xzqh.html,行政区划覆盖任务，不是已确认公安机构；区划变更及一对多机构关系须核实
police-450329,广西,450329,资源县,county,police,pending_discovery,广西 资源县 公安局 公安分局 政府信息公开 官方网站,https://www.mca.gov.cn/mzsj/xzqh/2025/202401xzqh.html,行政区划覆盖任务，不是已确认公安机构；区划变更及一对多机构关系须核实
police-450330,广西,450330,平乐县,county,police,pending_discovery,广西 平乐县 公安局 公安分局 政府信息公开 官方网站,https://www.mca.gov.cn/mzsj/xzqh/2025/202401xzqh.html,行政区划覆盖任务，不是已确认公安机构；区划变更及一对多机构关系须核实
police-450332,广西,450332,恭城瑶族自治县,county,police,pending_discovery,广西 恭城瑶族自治县 公安局 公安分局 政府信息公开 官方网站,https://www.mca.gov.cn/mzsj/xzqh/2025/202401xzqh.html,行政区划覆盖任务，不是已确认公安机构；区划变更及一对多机构关系须核实
police-450381,广西,450381,荔浦市,county,police,pending_discovery,广西 荔浦市 公安局 公安分局 政府信息公开 官方网站,https://www.mca.gov.cn/mzsj/xzqh/2025/202401xzqh.html,行政区划覆盖任务，不是已确认公安机构；区划变更及一对多机构关系须核实
police-450400,广西,450400,梧州市,prefecture,police,pending_discovery,广西 梧州市 公安局 公安分局 政府信息公开 官方网站,https://www.mca.gov.cn/mzsj/xzqh/2025/202401xzqh.html,行政区划覆盖任务，不是已确认公安机构；区划变更及一对多机构关系须核实
police-450403,广西,450403,万秀区,county,police,pending_discovery,广西 万秀区 公安局 公安分局 政府信息公开 官方网站,https://www.mca.gov.cn/mzsj/xzqh/2025/202401xzqh.html,行政区划覆盖任务，不是已确认公安机构；区划变更及一对多机构关系须核实
police-450405,广西,450405,长洲区,county,police,pending_discovery,广西 长洲区 公安局 公安分局 政府信息公开 官方网站,https://www.mca.gov.cn/mzsj/xzqh/2025/202401xzqh.html,行政区划覆盖任务，不是已确认公安机构；区划变更及一对多机构关系须核实
police-450406,广西,450406,龙圩区,county,police,pending_discovery,广西 龙圩区 公安局 公安分局 政府信息公开 官方网站,https://www.mca.gov.cn/mzsj/xzqh/2025/202401xzqh.html,行政区划覆盖任务，不是已确认公安机构；区划变更及一对多机构关系须核实
police-450421,广西,450421,苍梧县,county,police,pending_discovery,广西 苍梧县 公安局 公安分局 政府信息公开 官方网站,https://www.mca.gov.cn/mzsj/xzqh/2025/202401xzqh.html,行政区划覆盖任务，不是已确认公安机构；区划变更及一对多机构关系须核实
police-450422,广西,450422,藤县,county,police,pending_discovery,广西 藤县 公安局 公安分局 政府信息公开 官方网站,https://www.mca.gov.cn/mzsj/xzqh/2025/202401xzqh.html,行政区划覆盖任务，不是已确认公安机构；区划变更及一对多机构关系须核实
police-450423,广西,450423,蒙山县,county,police,pending_discovery,广西 蒙山县 公安局 公安分局 政府信息公开 官方网站,https://www.mca.gov.cn/mzsj/xzqh/2025/202401xzqh.html,行政区划覆盖任务，不是已确认公安机构；区划变更及一对多机构关系须核实
police-450481,广西,450481,岑溪市,county,police,pending_discovery,广西 岑溪市 公安局 公安分局 政府信息公开 官方网站,https://www.mca.gov.cn/mzsj/xzqh/2025/202401xzqh.html,行政区划覆盖任务，不是已确认公安机构；区划变更及一对多机构关系须核实
police-450500,广西,450500,北海市,prefecture,police,pending_discovery,广西 北海市 公安局 公安分局 政府信息公开 官方网站,https://www.mca.gov.cn/mzsj/xzqh/2025/202401xzqh.html,行政区划覆盖任务，不是已确认公安机构；区划变更及一对多机构关系须核实
police-450502,广西,450502,海城区,county,police,pending_discovery,广西 海城区 公安局 公安分局 政府信息公开 官方网站,https://www.mca.gov.cn/mzsj/xzqh/2025/202401xzqh.html,行政区划覆盖任务，不是已确认公安机构；区划变更及一对多机构关系须核实
police-450503,广西,450503,银海区,county,police,pending_discovery,广西 银海区 公安局 公安分局 政府信息公开 官方网站,https://www.mca.gov.cn/mzsj/xzqh/2025/202401xzqh.html,行政区划覆盖任务，不是已确认公安机构；区划变更及一对多机构关系须核实
police-450512,广西,450512,铁山港区,county,police,pending_discovery,广西 铁山港区 公安局 公安分局 政府信息公开 官方网站,https://www.mca.gov.cn/mzsj/xzqh/2025/202401xzqh.html,行政区划覆盖任务，不是已确认公安机构；区划变更及一对多机构关系须核实
police-450521,广西,450521,合浦县,county,police,pending_discovery,广西 合浦县 公安局 公安分局 政府信息公开 官方网站,https://www.mca.gov.cn/mzsj/xzqh/2025/202401xzqh.html,行政区划覆盖任务，不是已确认公安机构；区划变更及一对多机构关系须核实
police-450600,广西,450600,防城港市,prefecture,police,pending_discovery,广西 防城港市 公安局 公安分局 政府信息公开 官方网站,https://www.mca.gov.cn/mzsj/xzqh/2025/202401xzqh.html,行政区划覆盖任务，不是已确认公安机构；区划变更及一对多机构关系须核实
police-450602,广西,450602,港口区,county,police,pending_discovery,广西 港口区 公安局 公安分局 政府信息公开 官方网站,https://www.mca.gov.cn/mzsj/xzqh/2025/202401xzqh.html,行政区划覆盖任务，不是已确认公安机构；区划变更及一对多机构关系须核实
police-450603,广西,450603,防城区,county,police,pending_discovery,广西 防城区 公安局 公安分局 政府信息公开 官方网站,https://www.mca.gov.cn/mzsj/xzqh/2025/202401xzqh.html,行政区划覆盖任务，不是已确认公安机构；区划变更及一对多机构关系须核实
police-450621,广西,450621,上思县,county,police,pending_discovery,广西 上思县 公安局 公安分局 政府信息公开 官方网站,https://www.mca.gov.cn/mzsj/xzqh/2025/202401xzqh.html,行政区划覆盖任务，不是已确认公安机构；区划变更及一对多机构关系须核实
police-450681,广西,450681,东兴市,county,police,pending_discovery,广西 东兴市 公安局 公安分局 政府信息公开 官方网站,https://www.mca.gov.cn/mzsj/xzqh/2025/202401xzqh.html,行政区划覆盖任务，不是已确认公安机构；区划变更及一对多机构关系须核实
police-450700,广西,450700,钦州市,prefecture,police,pending_discovery,广西 钦州市 公安局 公安分局 政府信息公开 官方网站,https://www.mca.gov.cn/mzsj/xzqh/2025/202401xzqh.html,行政区划覆盖任务，不是已确认公安机构；区划变更及一对多机构关系须核实
police-450702,广西,450702,钦南区,county,police,pending_discovery,广西 钦南区 公安局 公安分局 政府信息公开 官方网站,https://www.mca.gov.cn/mzsj/xzqh/2025/202401xzqh.html,行政区划覆盖任务，不是已确认公安机构；区划变更及一对多机构关系须核实
police-450703,广西,450703,钦北区,county,police,pending_discovery,广西 钦北区 公安局 公安分局 政府信息公开 官方网站,https://www.mca.gov.cn/mzsj/xzqh/2025/202401xzqh.html,行政区划覆盖任务，不是已确认公安机构；区划变更及一对多机构关系须核实
police-450721,广西,450721,灵山县,county,police,pending_discovery,广西 灵山县 公安局 公安分局 政府信息公开 官方网站,https://www.mca.gov.cn/mzsj/xzqh/2025/202401xzqh.html,行政区划覆盖任务，不是已确认公安机构；区划变更及一对多机构关系须核实
police-450722,广西,450722,浦北县,county,police,pending_discovery,广西 浦北县 公安局 公安分局 政府信息公开 官方网站,https://www.mca.gov.cn/mzsj/xzqh/2025/202401xzqh.html,行政区划覆盖任务，不是已确认公安机构；区划变更及一对多机构关系须核实
police-450800,广西,450800,贵港市,prefecture,police,pending_discovery,广西 贵港市 公安局 公安分局 政府信息公开 官方网站,https://www.mca.gov.cn/mzsj/xzqh/2025/202401xzqh.html,行政区划覆盖任务，不是已确认公安机构；区划变更及一对多机构关系须核实
police-450802,广西,450802,港北区,county,police,pending_discovery,广西 港北区 公安局 公安分局 政府信息公开 官方网站,https://www.mca.gov.cn/mzsj/xzqh/2025/202401xzqh.html,行政区划覆盖任务，不是已确认公安机构；区划变更及一对多机构关系须核实
police-450803,广西,450803,港南区,county,police,pending_discovery,广西 港南区 公安局 公安分局 政府信息公开 官方网站,https://www.mca.gov.cn/mzsj/xzqh/2025/202401xzqh.html,行政区划覆盖任务，不是已确认公安机构；区划变更及一对多机构关系须核实
police-450804,广西,450804,覃塘区,county,police,pending_discovery,广西 覃塘区 公安局 公安分局 政府信息公开 官方网站,https://www.mca.gov.cn/mzsj/xzqh/2025/202401xzqh.html,行政区划覆盖任务，不是已确认公安机构；区划变更及一对多机构关系须核实
police-450821,广西,450821,平南县,county,police,pending_discovery,广西 平南县 公安局 公安分局 政府信息公开 官方网站,https://www.mca.gov.cn/mzsj/xzqh/2025/202401xzqh.html,行政区划覆盖任务，不是已确认公安机构；区划变更及一对多机构关系须核实
police-450881,广西,450881,桂平市,county,police,pending_discovery,广西 桂平市 公安局 公安分局 政府信息公开 官方网站,https://www.mca.gov.cn/mzsj/xzqh/2025/202401xzqh.html,行政区划覆盖任务，不是已确认公安机构；区划变更及一对多机构关系须核实
police-450900,广西,450900,玉林市,prefecture,police,pending_discovery,广西 玉林市 公安局 公安分局 政府信息公开 官方网站,https://www.mca.gov.cn/mzsj/xzqh/2025/202401xzqh.html,行政区划覆盖任务，不是已确认公安机构；区划变更及一对多机构关系须核实
police-450902,广西,450902,玉州区,county,police,pending_discovery,广西 玉州区 公安局 公安分局 政府信息公开 官方网站,https://www.mca.gov.cn/mzsj/xzqh/2025/202401xzqh.html,行政区划覆盖任务，不是已确认公安机构；区划变更及一对多机构关系须核实
police-450903,广西,450903,福绵区,county,police,pending_discovery,广西 福绵区 公安局 公安分局 政府信息公开 官方网站,https://www.mca.gov.cn/mzsj/xzqh/2025/202401xzqh.html,行政区划覆盖任务，不是已确认公安机构；区划变更及一对多机构关系须核实
police-450921,广西,450921,容县,county,police,pending_discovery,广西 容县 公安局 公安分局 政府信息公开 官方网站,https://www.mca.gov.cn/mzsj/xzqh/2025/202401xzqh.html,行政区划覆盖任务，不是已确认公安机构；区划变更及一对多机构关系须核实
police-450922,广西,450922,陆川县,county,police,pending_discovery,广西 陆川县 公安局 公安分局 政府信息公开 官方网站,https://www.mca.gov.cn/mzsj/xzqh/2025/202401xzqh.html,行政区划覆盖任务，不是已确认公安机构；区划变更及一对多机构关系须核实
police-450923,广西,450923,博白县,county,police,pending_discovery,广西 博白县 公安局 公安分局 政府信息公开 官方网站,https://www.mca.gov.cn/mzsj/xzqh/2025/202401xzqh.html,行政区划覆盖任务，不是已确认公安机构；区划变更及一对多机构关系须核实
police-450924,广西,450924,兴业县,county,police,pending_discovery,广西 兴业县 公安局 公安分局 政府信息公开 官方网站,https://www.mca.gov.cn/mzsj/xzqh/2025/202401xzqh.html,行政区划覆盖任务，不是已确认公安机构；区划变更及一对多机构关系须核实
police-450981,广西,450981,北流市,county,police,pending_discovery,广西 北流市 公安局 公安分局 政府信息公开 官方网站,https://www.mca.gov.cn/mzsj/xzqh/2025/202401xzqh.html,行政区划覆盖任务，不是已确认公安机构；区划变更及一对多机构关系须核实
police-451000,广西,451000,百色市,prefecture,police,pending_discovery,广西 百色市 公安局 公安分局 政府信息公开 官方网站,https://www.mca.gov.cn/mzsj/xzqh/2025/202401xzqh.html,行政区划覆盖任务，不是已确认公安机构；区划变更及一对多机构关系须核实
police-451002,广西,451002,右江区,county,police,pending_discovery,广西 右江区 公安局 公安分局 政府信息公开 官方网站,https://www.mca.gov.cn/mzsj/xzqh/2025/202401xzqh.html,行政区划覆盖任务，不是已确认公安机构；区划变更及一对多机构关系须核实
police-451003,广西,451003,田阳区,county,police,pending_discovery,广西 田阳区 公安局 公安分局 政府信息公开 官方网站,https://www.mca.gov.cn/mzsj/xzqh/2025/202401xzqh.html,行政区划覆盖任务，不是已确认公安机构；区划变更及一对多机构关系须核实
police-451022,广西,451022,田东县,county,police,pending_discovery,广西 田东县 公安局 公安分局 政府信息公开 官方网站,https://www.mca.gov.cn/mzsj/xzqh/2025/202401xzqh.html,行政区划覆盖任务，不是已确认公安机构；区划变更及一对多机构关系须核实
police-451024,广西,451024,德保县,county,police,pending_discovery,广西 德保县 公安局 公安分局 政府信息公开 官方网站,https://www.mca.gov.cn/mzsj/xzqh/2025/202401xzqh.html,行政区划覆盖任务，不是已确认公安机构；区划变更及一对多机构关系须核实
police-451026,广西,451026,那坡县,county,police,pending_discovery,广西 那坡县 公安局 公安分局 政府信息公开 官方网站,https://www.mca.gov.cn/mzsj/xzqh/2025/202401xzqh.html,行政区划覆盖任务，不是已确认公安机构；区划变更及一对多机构关系须核实
police-451027,广西,451027,凌云县,county,police,pending_discovery,广西 凌云县 公安局 公安分局 政府信息公开 官方网站,https://www.mca.gov.cn/mzsj/xzqh/2025/202401xzqh.html,行政区划覆盖任务，不是已确认公安机构；区划变更及一对多机构关系须核实
police-451028,广西,451028,乐业县,county,police,pending_discovery,广西 乐业县 公安局 公安分局 政府信息公开 官方网站,https://www.mca.gov.cn/mzsj/xzqh/2025/202401xzqh.html,行政区划覆盖任务，不是已确认公安机构；区划变更及一对多机构关系须核实
police-451029,广西,451029,田林县,county,police,pending_discovery,广西 田林县 公安局 公安分局 政府信息公开 官方网站,https://www.mca.gov.cn/mzsj/xzqh/2025/202401xzqh.html,行政区划覆盖任务，不是已确认公安机构；区划变更及一对多机构关系须核实
police-451030,广西,451030,西林县,county,police,pending_discovery,广西 西林县 公安局 公安分局 政府信息公开 官方网站,https://www.mca.gov.cn/mzsj/xzqh/2025/202401xzqh.html,行政区划覆盖任务，不是已确认公安机构；区划变更及一对多机构关系须核实
police-451031,广西,451031,隆林各族自治县,county,police,pending_discovery,广西 隆林各族自治县 公安局 公安分局 政府信息公开 官方网站,https://www.mca.gov.cn/mzsj/xzqh/2025/202401xzqh.html,行政区划覆盖任务，不是已确认公安机构；区划变更及一对多机构关系须核实
police-451081,广西,451081,靖西市,county,police,pending_discovery,广西 靖西市 公安局 公安分局 政府信息公开 官方网站,https://www.mca.gov.cn/mzsj/xzqh/2025/202401xzqh.html,行政区划覆盖任务，不是已确认公安机构；区划变更及一对多机构关系须核实
police-451082,广西,451082,平果市,county,police,pending_discovery,广西 平果市 公安局 公安分局 政府信息公开 官方网站,https://www.mca.gov.cn/mzsj/xzqh/2025/202401xzqh.html,行政区划覆盖任务，不是已确认公安机构；区划变更及一对多机构关系须核实
police-451100,广西,451100,贺州市,prefecture,police,pending_discovery,广西 贺州市 公安局 公安分局 政府信息公开 官方网站,https://www.mca.gov.cn/mzsj/xzqh/2025/202401xzqh.html,行政区划覆盖任务，不是已确认公安机构；区划变更及一对多机构关系须核实
police-451102,广西,451102,八步区,county,police,pending_discovery,广西 八步区 公安局 公安分局 政府信息公开 官方网站,https://www.mca.gov.cn/mzsj/xzqh/2025/202401xzqh.html,行政区划覆盖任务，不是已确认公安机构；区划变更及一对多机构关系须核实
police-451103,广西,451103,平桂区,county,police,pending_discovery,广西 平桂区 公安局 公安分局 政府信息公开 官方网站,https://www.mca.gov.cn/mzsj/xzqh/2025/202401xzqh.html,行政区划覆盖任务，不是已确认公安机构；区划变更及一对多机构关系须核实
police-451121,广西,451121,昭平县,county,police,pending_discovery,广西 昭平县 公安局 公安分局 政府信息公开 官方网站,https://www.mca.gov.cn/mzsj/xzqh/2025/202401xzqh.html,行政区划覆盖任务，不是已确认公安机构；区划变更及一对多机构关系须核实
police-451122,广西,451122,钟山县,county,police,pending_discovery,广西 钟山县 公安局 公安分局 政府信息公开 官方网站,https://www.mca.gov.cn/mzsj/xzqh/2025/202401xzqh.html,行政区划覆盖任务，不是已确认公安机构；区划变更及一对多机构关系须核实
police-451123,广西,451123,富川瑶族自治县,county,police,pending_discovery,广西 富川瑶族自治县 公安局 公安分局 政府信息公开 官方网站,https://www.mca.gov.cn/mzsj/xzqh/2025/202401xzqh.html,行政区划覆盖任务，不是已确认公安机构；区划变更及一对多机构关系须核实
police-451200,广西,451200,河池市,prefecture,police,pending_discovery,广西 河池市 公安局 公安分局 政府信息公开 官方网站,https://www.mca.gov.cn/mzsj/xzqh/2025/202401xzqh.html,行政区划覆盖任务，不是已确认公安机构；区划变更及一对多机构关系须核实
police-451202,广西,451202,金城江区,county,police,pending_discovery,广西 金城江区 公安局 公安分局 政府信息公开 官方网站,https://www.mca.gov.cn/mzsj/xzqh/2025/202401xzqh.html,行政区划覆盖任务，不是已确认公安机构；区划变更及一对多机构关系须核实
police-451203,广西,451203,宜州区,county,police,pending_discovery,广西 宜州区 公安局 公安分局 政府信息公开 官方网站,https://www.mca.gov.cn/mzsj/xzqh/2025/202401xzqh.html,行政区划覆盖任务，不是已确认公安机构；区划变更及一对多机构关系须核实
police-451221,广西,451221,南丹县,county,police,pending_discovery,广西 南丹县 公安局 公安分局 政府信息公开 官方网站,https://www.mca.gov.cn/mzsj/xzqh/2025/202401xzqh.html,行政区划覆盖任务，不是已确认公安机构；区划变更及一对多机构关系须核实
police-451222,广西,451222,天峨县,county,police,pending_discovery,广西 天峨县 公安局 公安分局 政府信息公开 官方网站,https://www.mca.gov.cn/mzsj/xzqh/2025/202401xzqh.html,行政区划覆盖任务，不是已确认公安机构；区划变更及一对多机构关系须核实
police-451223,广西,451223,凤山县,county,police,pending_discovery,广西 凤山县 公安局 公安分局 政府信息公开 官方网站,https://www.mca.gov.cn/mzsj/xzqh/2025/202401xzqh.html,行政区划覆盖任务，不是已确认公安机构；区划变更及一对多机构关系须核实
police-451224,广西,451224,东兰县,county,police,pending_discovery,广西 东兰县 公安局 公安分局 政府信息公开 官方网站,https://www.mca.gov.cn/mzsj/xzqh/2025/202401xzqh.html,行政区划覆盖任务，不是已确认公安机构；区划变更及一对多机构关系须核实
police-451225,广西,451225,罗城仫佬族自治县,county,police,pending_discovery,广西 罗城仫佬族自治县 公安局 公安分局 政府信息公开 官方网站,https://www.mca.gov.cn/mzsj/xzqh/2025/202401xzqh.html,行政区划覆盖任务，不是已确认公安机构；区划变更及一对多机构关系须核实
police-451226,广西,451226,环江毛南族自治县,county,police,pending_discovery,广西 环江毛南族自治县 公安局 公安分局 政府信息公开 官方网站,https://www.mca.gov.cn/mzsj/xzqh/2025/202401xzqh.html,行政区划覆盖任务，不是已确认公安机构；区划变更及一对多机构关系须核实
police-451227,广西,451227,巴马瑶族自治县,county,police,pending_discovery,广西 巴马瑶族自治县 公安局 公安分局 政府信息公开 官方网站,https://www.mca.gov.cn/mzsj/xzqh/2025/202401xzqh.html,行政区划覆盖任务，不是已确认公安机构；区划变更及一对多机构关系须核实
police-451228,广西,451228,都安瑶族自治县,county,police,pending_discovery,广西 都安瑶族自治县 公安局 公安分局 政府信息公开 官方网站,https://www.mca.gov.cn/mzsj/xzqh/2025/202401xzqh.html,行政区划覆盖任务，不是已确认公安机构；区划变更及一对多机构关系须核实
police-451229,广西,451229,大化瑶族自治县,county,police,pending_discovery,广西 大化瑶族自治县 公安局 公安分局 政府信息公开 官方网站,https://www.mca.gov.cn/mzsj/xzqh/2025/202401xzqh.html,行政区划覆盖任务，不是已确认公安机构；区划变更及一对多机构关系须核实
police-451300,广西,451300,来宾市,prefecture,police,pending_discovery,广西 来宾市 公安局 公安分局 政府信息公开 官方网站,https://www.mca.gov.cn/mzsj/xzqh/2025/202401xzqh.html,行政区划覆盖任务，不是已确认公安机构；区划变更及一对多机构关系须核实
police-451302,广西,451302,兴宾区,county,police,pending_discovery,广西 兴宾区 公安局 公安分局 政府信息公开 官方网站,https://www.mca.gov.cn/mzsj/xzqh/2025/202401xzqh.html,行政区划覆盖任务，不是已确认公安机构；区划变更及一对多机构关系须核实
police-451321,广西,451321,忻城县,county,police,pending_discovery,广西 忻城县 公安局 公安分局 政府信息公开 官方网站,https://www.mca.gov.cn/mzsj/xzqh/2025/202401xzqh.html,行政区划覆盖任务，不是已确认公安机构；区划变更及一对多机构关系须核实
police-451322,广西,451322,象州县,county,police,pending_discovery,广西 象州县 公安局 公安分局 政府信息公开 官方网站,https://www.mca.gov.cn/mzsj/xzqh/2025/202401xzqh.html,行政区划覆盖任务，不是已确认公安机构；区划变更及一对多机构关系须核实
police-451323,广西,451323,武宣县,county,police,pending_discovery,广西 武宣县 公安局 公安分局 政府信息公开 官方网站,https://www.mca.gov.cn/mzsj/xzqh/2025/202401xzqh.html,行政区划覆盖任务，不是已确认公安机构；区划变更及一对多机构关系须核实
police-451324,广西,451324,金秀瑶族自治县,county,police,pending_discovery,广西 金秀瑶族自治县 公安局 公安分局 政府信息公开 官方网站,https://www.mca.gov.cn/mzsj/xzqh/2025/202401xzqh.html,行政区划覆盖任务，不是已确认公安机构；区划变更及一对多机构关系须核实
police-451381,广西,451381,合山市,county,police,pending_discovery,广西 合山市 公安局 公安分局 政府信息公开 官方网站,https://www.mca.gov.cn/mzsj/xzqh/2025/202401xzqh.html,行政区划覆盖任务，不是已确认公安机构；区划变更及一对多机构关系须核实
police-451400,广西,451400,崇左市,prefecture,police,pending_discovery,广西 崇左市 公安局 公安分局 政府信息公开 官方网站,https://www.mca.gov.cn/mzsj/xzqh/2025/202401xzqh.html,行政区划覆盖任务，不是已确认公安机构；区划变更及一对多机构关系须核实
police-451402,广西,451402,江州区,county,police,pending_discovery,广西 江州区 公安局 公安分局 政府信息公开 官方网站,https://www.mca.gov.cn/mzsj/xzqh/2025/202401xzqh.html,行政区划覆盖任务，不是已确认公安机构；区划变更及一对多机构关系须核实
police-451421,广西,451421,扶绥县,county,police,pending_discovery,广西 扶绥县 公安局 公安分局 政府信息公开 官方网站,https://www.mca.gov.cn/mzsj/xzqh/2025/202401xzqh.html,行政区划覆盖任务，不是已确认公安机构；区划变更及一对多机构关系须核实
police-451422,广西,451422,宁明县,county,police,pending_discovery,广西 宁明县 公安局 公安分局 政府信息公开 官方网站,https://www.mca.gov.cn/mzsj/xzqh/2025/202401xzqh.html,行政区划覆盖任务，不是已确认公安机构；区划变更及一对多机构关系须核实
police-451423,广西,451423,龙州县,county,police,pending_discovery,广西 龙州县 公安局 公安分局 政府信息公开 官方网站,https://www.mca.gov.cn/mzsj/xzqh/2025/202401xzqh.html,行政区划覆盖任务，不是已确认公安机构；区划变更及一对多机构关系须核实
police-451424,广西,451424,大新县,county,police,pending_discovery,广西 大新县 公安局 公安分局 政府信息公开 官方网站,https://www.mca.gov.cn/mzsj/xzqh/2025/202401xzqh.html,行政区划覆盖任务，不是已确认公安机构；区划变更及一对多机构关系须核实
police-451425,广西,451425,天等县,county,police,pending_discovery,广西 天等县 公安局 公安分局 政府信息公开 官方网站,https://www.mca.gov.cn/mzsj/xzqh/2025/202401xzqh.html,行政区划覆盖任务，不是已确认公安机构；区划变更及一对多机构关系须核实
police-451481,广西,451481,凭祥市,county,police,pending_discovery,广西 凭祥市 公安局 公安分局 政府信息公开 官方网站,https://www.mca.gov.cn/mzsj/xzqh/2025/202401xzqh.html,行政区划覆盖任务，不是已确认公安机构；区划变更及一对多机构关系须核实
police-460000,海南,460000,海南省,province,police,pending_discovery,海南 海南省 公安局 公安分局 政府信息公开 官方网站,https://www.mca.gov.cn/mzsj/xzqh/2025/202401xzqh.html,行政区划覆盖任务，不是已确认公安机构；区划变更及一对多机构关系须核实
police-460100,海南,460100,海口市,prefecture,police,pending_discovery,海南 海口市 公安局 公安分局 政府信息公开 官方网站,https://www.mca.gov.cn/mzsj/xzqh/2025/202401xzqh.html,行政区划覆盖任务，不是已确认公安机构；区划变更及一对多机构关系须核实
police-460105,海南,460105,秀英区,county,police,pending_discovery,海南 秀英区 公安局 公安分局 政府信息公开 官方网站,https://www.mca.gov.cn/mzsj/xzqh/2025/202401xzqh.html,行政区划覆盖任务，不是已确认公安机构；区划变更及一对多机构关系须核实
police-460106,海南,460106,龙华区,county,police,pending_discovery,海南 龙华区 公安局 公安分局 政府信息公开 官方网站,https://www.mca.gov.cn/mzsj/xzqh/2025/202401xzqh.html,行政区划覆盖任务，不是已确认公安机构；区划变更及一对多机构关系须核实
police-460107,海南,460107,琼山区,county,police,pending_discovery,海南 琼山区 公安局 公安分局 政府信息公开 官方网站,https://www.mca.gov.cn/mzsj/xzqh/2025/202401xzqh.html,行政区划覆盖任务，不是已确认公安机构；区划变更及一对多机构关系须核实
police-460108,海南,460108,美兰区,county,police,pending_discovery,海南 美兰区 公安局 公安分局 政府信息公开 官方网站,https://www.mca.gov.cn/mzsj/xzqh/2025/202401xzqh.html,行政区划覆盖任务，不是已确认公安机构；区划变更及一对多机构关系须核实
police-460200,海南,460200,三亚市,prefecture,police,pending_discovery,海南 三亚市 公安局 公安分局 政府信息公开 官方网站,https://www.mca.gov.cn/mzsj/xzqh/2025/202401xzqh.html,行政区划覆盖任务，不是已确认公安机构；区划变更及一对多机构关系须核实
police-460202,海南,460202,海棠区,county,police,pending_discovery,海南 海棠区 公安局 公安分局 政府信息公开 官方网站,https://www.mca.gov.cn/mzsj/xzqh/2025/202401xzqh.html,行政区划覆盖任务，不是已确认公安机构；区划变更及一对多机构关系须核实
police-460203,海南,460203,吉阳区,county,police,pending_discovery,海南 吉阳区 公安局 公安分局 政府信息公开 官方网站,https://www.mca.gov.cn/mzsj/xzqh/2025/202401xzqh.html,行政区划覆盖任务，不是已确认公安机构；区划变更及一对多机构关系须核实
police-460204,海南,460204,天涯区,county,police,pending_discovery,海南 天涯区 公安局 公安分局 政府信息公开 官方网站,https://www.mca.gov.cn/mzsj/xzqh/2025/202401xzqh.html,行政区划覆盖任务，不是已确认公安机构；区划变更及一对多机构关系须核实
police-460205,海南,460205,崖州区,county,police,pending_discovery,海南 崖州区 公安局 公安分局 政府信息公开 官方网站,https://www.mca.gov.cn/mzsj/xzqh/2025/202401xzqh.html,行政区划覆盖任务，不是已确认公安机构；区划变更及一对多机构关系须核实
police-460300,海南,460300,三沙市,prefecture,police,pending_discovery,海南 三沙市 公安局 公安分局 政府信息公开 官方网站,https://www.mca.gov.cn/mzsj/xzqh/2025/202401xzqh.html,行政区划覆盖任务，不是已确认公安机构；区划变更及一对多机构关系须核实
police-460302,海南,460302,西沙区,county,police,pending_discovery,海南 西沙区 公安局 公安分局 政府信息公开 官方网站,https://www.mca.gov.cn/mzsj/xzqh/2025/202401xzqh.html,行政区划覆盖任务，不是已确认公安机构；区划变更及一对多机构关系须核实
police-460303,海南,460303,南沙区,county,police,pending_discovery,海南 南沙区 公安局 公安分局 政府信息公开 官方网站,https://www.mca.gov.cn/mzsj/xzqh/2025/202401xzqh.html,行政区划覆盖任务，不是已确认公安机构；区划变更及一对多机构关系须核实
police-460400,海南,460400,儋州市,prefecture,police,pending_discovery,海南 儋州市 公安局 公安分局 政府信息公开 官方网站,https://www.mca.gov.cn/mzsj/xzqh/2025/202401xzqh.html,行政区划覆盖任务，不是已确认公安机构；区划变更及一对多机构关系须核实
police-469001,海南,469001,五指山市*,county,police,pending_discovery,海南 五指山市* 公安局 公安分局 政府信息公开 官方网站,https://www.mca.gov.cn/mzsj/xzqh/2025/202401xzqh.html,行政区划覆盖任务，不是已确认公安机构；区划变更及一对多机构关系须核实
police-469002,海南,469002,琼海市*,county,police,pending_discovery,海南 琼海市* 公安局 公安分局 政府信息公开 官方网站,https://www.mca.gov.cn/mzsj/xzqh/2025/202401xzqh.html,行政区划覆盖任务，不是已确认公安机构；区划变更及一对多机构关系须核实
police-469005,海南,469005,文昌市*,county,police,pending_discovery,海南 文昌市* 公安局 公安分局 政府信息公开 官方网站,https://www.mca.gov.cn/mzsj/xzqh/2025/202401xzqh.html,行政区划覆盖任务，不是已确认公安机构；区划变更及一对多机构关系须核实
police-469006,海南,469006,万宁市*,county,police,pending_discovery,海南 万宁市* 公安局 公安分局 政府信息公开 官方网站,https://www.mca.gov.cn/mzsj/xzqh/2025/202401xzqh.html,行政区划覆盖任务，不是已确认公安机构；区划变更及一对多机构关系须核实
police-469007,海南,469007,东方市*,county,police,pending_discovery,海南 东方市* 公安局 公安分局 政府信息公开 官方网站,https://www.mca.gov.cn/mzsj/xzqh/2025/202401xzqh.html,行政区划覆盖任务，不是已确认公安机构；区划变更及一对多机构关系须核实
police-469021,海南,469021,定安县*,county,police,pending_discovery,海南 定安县* 公安局 公安分局 政府信息公开 官方网站,https://www.mca.gov.cn/mzsj/xzqh/2025/202401xzqh.html,行政区划覆盖任务，不是已确认公安机构；区划变更及一对多机构关系须核实
police-469022,海南,469022,屯昌县*,county,police,pending_discovery,海南 屯昌县* 公安局 公安分局 政府信息公开 官方网站,https://www.mca.gov.cn/mzsj/xzqh/2025/202401xzqh.html,行政区划覆盖任务，不是已确认公安机构；区划变更及一对多机构关系须核实
police-469023,海南,469023,澄迈县*,county,police,pending_discovery,海南 澄迈县* 公安局 公安分局 政府信息公开 官方网站,https://www.mca.gov.cn/mzsj/xzqh/2025/202401xzqh.html,行政区划覆盖任务，不是已确认公安机构；区划变更及一对多机构关系须核实
police-469024,海南,469024,临高县*,county,police,pending_discovery,海南 临高县* 公安局 公安分局 政府信息公开 官方网站,https://www.mca.gov.cn/mzsj/xzqh/2025/202401xzqh.html,行政区划覆盖任务，不是已确认公安机构；区划变更及一对多机构关系须核实
police-469025,海南,469025,白沙黎族自治县*,county,police,pending_discovery,海南 白沙黎族自治县* 公安局 公安分局 政府信息公开 官方网站,https://www.mca.gov.cn/mzsj/xzqh/2025/202401xzqh.html,行政区划覆盖任务，不是已确认公安机构；区划变更及一对多机构关系须核实
police-469026,海南,469026,昌江黎族自治县*,county,police,pending_discovery,海南 昌江黎族自治县* 公安局 公安分局 政府信息公开 官方网站,https://www.mca.gov.cn/mzsj/xzqh/2025/202401xzqh.html,行政区划覆盖任务，不是已确认公安机构；区划变更及一对多机构关系须核实
police-469027,海南,469027,乐东黎族自治县*,county,police,pending_discovery,海南 乐东黎族自治县* 公安局 公安分局 政府信息公开 官方网站,https://www.mca.gov.cn/mzsj/xzqh/2025/202401xzqh.html,行政区划覆盖任务，不是已确认公安机构；区划变更及一对多机构关系须核实
police-469028,海南,469028,陵水黎族自治县*,county,police,pending_discovery,海南 陵水黎族自治县* 公安局 公安分局 政府信息公开 官方网站,https://www.mca.gov.cn/mzsj/xzqh/2025/202401xzqh.html,行政区划覆盖任务，不是已确认公安机构；区划变更及一对多机构关系须核实
police-469029,海南,469029,保亭黎族苗族自治县*,county,police,pending_discovery,海南 保亭黎族苗族自治县* 公安局 公安分局 政府信息公开 官方网站,https://www.mca.gov.cn/mzsj/xzqh/2025/202401xzqh.html,行政区划覆盖任务，不是已确认公安机构；区划变更及一对多机构关系须核实
police-469030,海南,469030,琼中黎族苗族自治县*,county,police,pending_discovery,海南 琼中黎族苗族自治县* 公安局 公安分局 政府信息公开 官方网站,https://www.mca.gov.cn/mzsj/xzqh/2025/202401xzqh.html,行政区划覆盖任务，不是已确认公安机构；区划变更及一对多机构关系须核实
police-500000,重庆,500000,重庆市,province,police,pending_discovery,重庆 重庆市 公安局 公安分局 政府信息公开 官方网站,https://www.mca.gov.cn/mzsj/xzqh/2025/202401xzqh.html,行政区划覆盖任务，不是已确认公安机构；区划变更及一对多机构关系须核实
police-500101,重庆,500101,万州区,county,police,pending_discovery,重庆 万州区 公安局 公安分局 政府信息公开 官方网站,https://www.mca.gov.cn/mzsj/xzqh/2025/202401xzqh.html,行政区划覆盖任务，不是已确认公安机构；区划变更及一对多机构关系须核实
police-500102,重庆,500102,涪陵区,county,police,pending_discovery,重庆 涪陵区 公安局 公安分局 政府信息公开 官方网站,https://www.mca.gov.cn/mzsj/xzqh/2025/202401xzqh.html,行政区划覆盖任务，不是已确认公安机构；区划变更及一对多机构关系须核实
police-500103,重庆,500103,渝中区,county,police,pending_discovery,重庆 渝中区 公安局 公安分局 政府信息公开 官方网站,https://www.mca.gov.cn/mzsj/xzqh/2025/202401xzqh.html,行政区划覆盖任务，不是已确认公安机构；区划变更及一对多机构关系须核实
police-500104,重庆,500104,大渡口区,county,police,pending_discovery,重庆 大渡口区 公安局 公安分局 政府信息公开 官方网站,https://www.mca.gov.cn/mzsj/xzqh/2025/202401xzqh.html,行政区划覆盖任务，不是已确认公安机构；区划变更及一对多机构关系须核实
police-500105,重庆,500105,江北区,county,police,pending_discovery,重庆 江北区 公安局 公安分局 政府信息公开 官方网站,https://www.mca.gov.cn/mzsj/xzqh/2025/202401xzqh.html,行政区划覆盖任务，不是已确认公安机构；区划变更及一对多机构关系须核实
police-500106,重庆,500106,沙坪坝区,county,police,pending_discovery,重庆 沙坪坝区 公安局 公安分局 政府信息公开 官方网站,https://www.mca.gov.cn/mzsj/xzqh/2025/202401xzqh.html,行政区划覆盖任务，不是已确认公安机构；区划变更及一对多机构关系须核实
police-500107,重庆,500107,九龙坡区,county,police,pending_discovery,重庆 九龙坡区 公安局 公安分局 政府信息公开 官方网站,https://www.mca.gov.cn/mzsj/xzqh/2025/202401xzqh.html,行政区划覆盖任务，不是已确认公安机构；区划变更及一对多机构关系须核实
police-500108,重庆,500108,南岸区,county,police,pending_discovery,重庆 南岸区 公安局 公安分局 政府信息公开 官方网站,https://www.mca.gov.cn/mzsj/xzqh/2025/202401xzqh.html,行政区划覆盖任务，不是已确认公安机构；区划变更及一对多机构关系须核实
police-500109,重庆,500109,北碚区,county,police,pending_discovery,重庆 北碚区 公安局 公安分局 政府信息公开 官方网站,https://www.mca.gov.cn/mzsj/xzqh/2025/202401xzqh.html,行政区划覆盖任务，不是已确认公安机构；区划变更及一对多机构关系须核实
police-500110,重庆,500110,綦江区,county,police,pending_discovery,重庆 綦江区 公安局 公安分局 政府信息公开 官方网站,https://www.mca.gov.cn/mzsj/xzqh/2025/202401xzqh.html,行政区划覆盖任务，不是已确认公安机构；区划变更及一对多机构关系须核实
police-500111,重庆,500111,大足区,county,police,pending_discovery,重庆 大足区 公安局 公安分局 政府信息公开 官方网站,https://www.mca.gov.cn/mzsj/xzqh/2025/202401xzqh.html,行政区划覆盖任务，不是已确认公安机构；区划变更及一对多机构关系须核实
police-500112,重庆,500112,渝北区,county,police,pending_discovery,重庆 渝北区 公安局 公安分局 政府信息公开 官方网站,https://www.mca.gov.cn/mzsj/xzqh/2025/202401xzqh.html,行政区划覆盖任务，不是已确认公安机构；区划变更及一对多机构关系须核实
police-500113,重庆,500113,巴南区,county,police,pending_discovery,重庆 巴南区 公安局 公安分局 政府信息公开 官方网站,https://www.mca.gov.cn/mzsj/xzqh/2025/202401xzqh.html,行政区划覆盖任务，不是已确认公安机构；区划变更及一对多机构关系须核实
police-500114,重庆,500114,黔江区,county,police,pending_discovery,重庆 黔江区 公安局 公安分局 政府信息公开 官方网站,https://www.mca.gov.cn/mzsj/xzqh/2025/202401xzqh.html,行政区划覆盖任务，不是已确认公安机构；区划变更及一对多机构关系须核实
police-500115,重庆,500115,长寿区,county,police,pending_discovery,重庆 长寿区 公安局 公安分局 政府信息公开 官方网站,https://www.mca.gov.cn/mzsj/xzqh/2025/202401xzqh.html,行政区划覆盖任务，不是已确认公安机构；区划变更及一对多机构关系须核实
police-500116,重庆,500116,江津区,county,police,pending_discovery,重庆 江津区 公安局 公安分局 政府信息公开 官方网站,https://www.mca.gov.cn/mzsj/xzqh/2025/202401xzqh.html,行政区划覆盖任务，不是已确认公安机构；区划变更及一对多机构关系须核实
police-500117,重庆,500117,合川区,county,police,pending_discovery,重庆 合川区 公安局 公安分局 政府信息公开 官方网站,https://www.mca.gov.cn/mzsj/xzqh/2025/202401xzqh.html,行政区划覆盖任务，不是已确认公安机构；区划变更及一对多机构关系须核实
police-500118,重庆,500118,永川区,county,police,pending_discovery,重庆 永川区 公安局 公安分局 政府信息公开 官方网站,https://www.mca.gov.cn/mzsj/xzqh/2025/202401xzqh.html,行政区划覆盖任务，不是已确认公安机构；区划变更及一对多机构关系须核实
police-500119,重庆,500119,南川区,county,police,pending_discovery,重庆 南川区 公安局 公安分局 政府信息公开 官方网站,https://www.mca.gov.cn/mzsj/xzqh/2025/202401xzqh.html,行政区划覆盖任务，不是已确认公安机构；区划变更及一对多机构关系须核实
police-500120,重庆,500120,璧山区,county,police,pending_discovery,重庆 璧山区 公安局 公安分局 政府信息公开 官方网站,https://www.mca.gov.cn/mzsj/xzqh/2025/202401xzqh.html,行政区划覆盖任务，不是已确认公安机构；区划变更及一对多机构关系须核实
police-500151,重庆,500151,铜梁区,county,police,pending_discovery,重庆 铜梁区 公安局 公安分局 政府信息公开 官方网站,https://www.mca.gov.cn/mzsj/xzqh/2025/202401xzqh.html,行政区划覆盖任务，不是已确认公安机构；区划变更及一对多机构关系须核实
police-500152,重庆,500152,潼南区,county,police,pending_discovery,重庆 潼南区 公安局 公安分局 政府信息公开 官方网站,https://www.mca.gov.cn/mzsj/xzqh/2025/202401xzqh.html,行政区划覆盖任务，不是已确认公安机构；区划变更及一对多机构关系须核实
police-500153,重庆,500153,荣昌区,county,police,pending_discovery,重庆 荣昌区 公安局 公安分局 政府信息公开 官方网站,https://www.mca.gov.cn/mzsj/xzqh/2025/202401xzqh.html,行政区划覆盖任务，不是已确认公安机构；区划变更及一对多机构关系须核实
police-500154,重庆,500154,开州区,county,police,pending_discovery,重庆 开州区 公安局 公安分局 政府信息公开 官方网站,https://www.mca.gov.cn/mzsj/xzqh/2025/202401xzqh.html,行政区划覆盖任务，不是已确认公安机构；区划变更及一对多机构关系须核实
police-500155,重庆,500155,梁平区,county,police,pending_discovery,重庆 梁平区 公安局 公安分局 政府信息公开 官方网站,https://www.mca.gov.cn/mzsj/xzqh/2025/202401xzqh.html,行政区划覆盖任务，不是已确认公安机构；区划变更及一对多机构关系须核实
police-500156,重庆,500156,武隆区,county,police,pending_discovery,重庆 武隆区 公安局 公安分局 政府信息公开 官方网站,https://www.mca.gov.cn/mzsj/xzqh/2025/202401xzqh.html,行政区划覆盖任务，不是已确认公安机构；区划变更及一对多机构关系须核实
police-500229,重庆,500229,城口县,county,police,pending_discovery,重庆 城口县 公安局 公安分局 政府信息公开 官方网站,https://www.mca.gov.cn/mzsj/xzqh/2025/202401xzqh.html,行政区划覆盖任务，不是已确认公安机构；区划变更及一对多机构关系须核实
police-500230,重庆,500230,丰都县,county,police,pending_discovery,重庆 丰都县 公安局 公安分局 政府信息公开 官方网站,https://www.mca.gov.cn/mzsj/xzqh/2025/202401xzqh.html,行政区划覆盖任务，不是已确认公安机构；区划变更及一对多机构关系须核实
police-500231,重庆,500231,垫江县,county,police,pending_discovery,重庆 垫江县 公安局 公安分局 政府信息公开 官方网站,https://www.mca.gov.cn/mzsj/xzqh/2025/202401xzqh.html,行政区划覆盖任务，不是已确认公安机构；区划变更及一对多机构关系须核实
police-500233,重庆,500233,忠县,county,police,pending_discovery,重庆 忠县 公安局 公安分局 政府信息公开 官方网站,https://www.mca.gov.cn/mzsj/xzqh/2025/202401xzqh.html,行政区划覆盖任务，不是已确认公安机构；区划变更及一对多机构关系须核实
police-500235,重庆,500235,云阳县,county,police,pending_discovery,重庆 云阳县 公安局 公安分局 政府信息公开 官方网站,https://www.mca.gov.cn/mzsj/xzqh/2025/202401xzqh.html,行政区划覆盖任务，不是已确认公安机构；区划变更及一对多机构关系须核实
police-500236,重庆,500236,奉节县,county,police,pending_discovery,重庆 奉节县 公安局 公安分局 政府信息公开 官方网站,https://www.mca.gov.cn/mzsj/xzqh/2025/202401xzqh.html,行政区划覆盖任务，不是已确认公安机构；区划变更及一对多机构关系须核实
police-500237,重庆,500237,巫山县,county,police,pending_discovery,重庆 巫山县 公安局 公安分局 政府信息公开 官方网站,https://www.mca.gov.cn/mzsj/xzqh/2025/202401xzqh.html,行政区划覆盖任务，不是已确认公安机构；区划变更及一对多机构关系须核实
police-500238,重庆,500238,巫溪县,county,police,pending_discovery,重庆 巫溪县 公安局 公安分局 政府信息公开 官方网站,https://www.mca.gov.cn/mzsj/xzqh/2025/202401xzqh.html,行政区划覆盖任务，不是已确认公安机构；区划变更及一对多机构关系须核实
police-500240,重庆,500240,石柱土家族自治县,county,police,pending_discovery,重庆 石柱土家族自治县 公安局 公安分局 政府信息公开 官方网站,https://www.mca.gov.cn/mzsj/xzqh/2025/202401xzqh.html,行政区划覆盖任务，不是已确认公安机构；区划变更及一对多机构关系须核实
police-500241,重庆,500241,秀山土家族苗族自治县,county,police,pending_discovery,重庆 秀山土家族苗族自治县 公安局 公安分局 政府信息公开 官方网站,https://www.mca.gov.cn/mzsj/xzqh/2025/202401xzqh.html,行政区划覆盖任务，不是已确认公安机构；区划变更及一对多机构关系须核实
police-500242,重庆,500242,酉阳土家族苗族自治县,county,police,pending_discovery,重庆 酉阳土家族苗族自治县 公安局 公安分局 政府信息公开 官方网站,https://www.mca.gov.cn/mzsj/xzqh/2025/202401xzqh.html,行政区划覆盖任务，不是已确认公安机构；区划变更及一对多机构关系须核实
police-500243,重庆,500243,彭水苗族土家族自治县,county,police,pending_discovery,重庆 彭水苗族土家族自治县 公安局 公安分局 政府信息公开 官方网站,https://www.mca.gov.cn/mzsj/xzqh/2025/202401xzqh.html,行政区划覆盖任务，不是已确认公安机构；区划变更及一对多机构关系须核实
police-510000,四川,510000,四川省,province,police,pending_discovery,四川 四川省 公安局 公安分局 政府信息公开 官方网站,https://www.mca.gov.cn/mzsj/xzqh/2025/202401xzqh.html,行政区划覆盖任务，不是已确认公安机构；区划变更及一对多机构关系须核实
police-510100,四川,510100,成都市,prefecture,police,pending_discovery,四川 成都市 公安局 公安分局 政府信息公开 官方网站,https://www.mca.gov.cn/mzsj/xzqh/2025/202401xzqh.html,行政区划覆盖任务，不是已确认公安机构；区划变更及一对多机构关系须核实
police-510104,四川,510104,锦江区,county,police,pending_discovery,四川 锦江区 公安局 公安分局 政府信息公开 官方网站,https://www.mca.gov.cn/mzsj/xzqh/2025/202401xzqh.html,行政区划覆盖任务，不是已确认公安机构；区划变更及一对多机构关系须核实
police-510105,四川,510105,青羊区,county,police,pending_discovery,四川 青羊区 公安局 公安分局 政府信息公开 官方网站,https://www.mca.gov.cn/mzsj/xzqh/2025/202401xzqh.html,行政区划覆盖任务，不是已确认公安机构；区划变更及一对多机构关系须核实
police-510106,四川,510106,金牛区,county,police,pending_discovery,四川 金牛区 公安局 公安分局 政府信息公开 官方网站,https://www.mca.gov.cn/mzsj/xzqh/2025/202401xzqh.html,行政区划覆盖任务，不是已确认公安机构；区划变更及一对多机构关系须核实
police-510107,四川,510107,武侯区,county,police,pending_discovery,四川 武侯区 公安局 公安分局 政府信息公开 官方网站,https://www.mca.gov.cn/mzsj/xzqh/2025/202401xzqh.html,行政区划覆盖任务，不是已确认公安机构；区划变更及一对多机构关系须核实
police-510108,四川,510108,成华区,county,police,pending_discovery,四川 成华区 公安局 公安分局 政府信息公开 官方网站,https://www.mca.gov.cn/mzsj/xzqh/2025/202401xzqh.html,行政区划覆盖任务，不是已确认公安机构；区划变更及一对多机构关系须核实
police-510112,四川,510112,龙泉驿区,county,police,pending_discovery,四川 龙泉驿区 公安局 公安分局 政府信息公开 官方网站,https://www.mca.gov.cn/mzsj/xzqh/2025/202401xzqh.html,行政区划覆盖任务，不是已确认公安机构；区划变更及一对多机构关系须核实
police-510113,四川,510113,青白江区,county,police,pending_discovery,四川 青白江区 公安局 公安分局 政府信息公开 官方网站,https://www.mca.gov.cn/mzsj/xzqh/2025/202401xzqh.html,行政区划覆盖任务，不是已确认公安机构；区划变更及一对多机构关系须核实
police-510114,四川,510114,新都区,county,police,pending_discovery,四川 新都区 公安局 公安分局 政府信息公开 官方网站,https://www.mca.gov.cn/mzsj/xzqh/2025/202401xzqh.html,行政区划覆盖任务，不是已确认公安机构；区划变更及一对多机构关系须核实
police-510115,四川,510115,温江区,county,police,pending_discovery,四川 温江区 公安局 公安分局 政府信息公开 官方网站,https://www.mca.gov.cn/mzsj/xzqh/2025/202401xzqh.html,行政区划覆盖任务，不是已确认公安机构；区划变更及一对多机构关系须核实
police-510116,四川,510116,双流区,county,police,pending_discovery,四川 双流区 公安局 公安分局 政府信息公开 官方网站,https://www.mca.gov.cn/mzsj/xzqh/2025/202401xzqh.html,行政区划覆盖任务，不是已确认公安机构；区划变更及一对多机构关系须核实
police-510117,四川,510117,郫都区,county,police,pending_discovery,四川 郫都区 公安局 公安分局 政府信息公开 官方网站,https://www.mca.gov.cn/mzsj/xzqh/2025/202401xzqh.html,行政区划覆盖任务，不是已确认公安机构；区划变更及一对多机构关系须核实
police-510118,四川,510118,新津区,county,police,pending_discovery,四川 新津区 公安局 公安分局 政府信息公开 官方网站,https://www.mca.gov.cn/mzsj/xzqh/2025/202401xzqh.html,行政区划覆盖任务，不是已确认公安机构；区划变更及一对多机构关系须核实
police-510121,四川,510121,金堂县,county,police,pending_discovery,四川 金堂县 公安局 公安分局 政府信息公开 官方网站,https://www.mca.gov.cn/mzsj/xzqh/2025/202401xzqh.html,行政区划覆盖任务，不是已确认公安机构；区划变更及一对多机构关系须核实
police-510129,四川,510129,大邑县,county,police,pending_discovery,四川 大邑县 公安局 公安分局 政府信息公开 官方网站,https://www.mca.gov.cn/mzsj/xzqh/2025/202401xzqh.html,行政区划覆盖任务，不是已确认公安机构；区划变更及一对多机构关系须核实
police-510131,四川,510131,蒲江县,county,police,pending_discovery,四川 蒲江县 公安局 公安分局 政府信息公开 官方网站,https://www.mca.gov.cn/mzsj/xzqh/2025/202401xzqh.html,行政区划覆盖任务，不是已确认公安机构；区划变更及一对多机构关系须核实
police-510181,四川,510181,都江堰市,county,police,pending_discovery,四川 都江堰市 公安局 公安分局 政府信息公开 官方网站,https://www.mca.gov.cn/mzsj/xzqh/2025/202401xzqh.html,行政区划覆盖任务，不是已确认公安机构；区划变更及一对多机构关系须核实
police-510182,四川,510182,彭州市,county,police,pending_discovery,四川 彭州市 公安局 公安分局 政府信息公开 官方网站,https://www.mca.gov.cn/mzsj/xzqh/2025/202401xzqh.html,行政区划覆盖任务，不是已确认公安机构；区划变更及一对多机构关系须核实
police-510183,四川,510183,邛崃市,county,police,pending_discovery,四川 邛崃市 公安局 公安分局 政府信息公开 官方网站,https://www.mca.gov.cn/mzsj/xzqh/2025/202401xzqh.html,行政区划覆盖任务，不是已确认公安机构；区划变更及一对多机构关系须核实
police-510184,四川,510184,崇州市,county,police,pending_discovery,四川 崇州市 公安局 公安分局 政府信息公开 官方网站,https://www.mca.gov.cn/mzsj/xzqh/2025/202401xzqh.html,行政区划覆盖任务，不是已确认公安机构；区划变更及一对多机构关系须核实
police-510185,四川,510185,简阳市,county,police,pending_discovery,四川 简阳市 公安局 公安分局 政府信息公开 官方网站,https://www.mca.gov.cn/mzsj/xzqh/2025/202401xzqh.html,行政区划覆盖任务，不是已确认公安机构；区划变更及一对多机构关系须核实
police-510300,四川,510300,自贡市,prefecture,police,pending_discovery,四川 自贡市 公安局 公安分局 政府信息公开 官方网站,https://www.mca.gov.cn/mzsj/xzqh/2025/202401xzqh.html,行政区划覆盖任务，不是已确认公安机构；区划变更及一对多机构关系须核实
police-510302,四川,510302,自流井区,county,police,pending_discovery,四川 自流井区 公安局 公安分局 政府信息公开 官方网站,https://www.mca.gov.cn/mzsj/xzqh/2025/202401xzqh.html,行政区划覆盖任务，不是已确认公安机构；区划变更及一对多机构关系须核实
police-510303,四川,510303,贡井区,county,police,pending_discovery,四川 贡井区 公安局 公安分局 政府信息公开 官方网站,https://www.mca.gov.cn/mzsj/xzqh/2025/202401xzqh.html,行政区划覆盖任务，不是已确认公安机构；区划变更及一对多机构关系须核实
police-510304,四川,510304,大安区,county,police,pending_discovery,四川 大安区 公安局 公安分局 政府信息公开 官方网站,https://www.mca.gov.cn/mzsj/xzqh/2025/202401xzqh.html,行政区划覆盖任务，不是已确认公安机构；区划变更及一对多机构关系须核实
police-510311,四川,510311,沿滩区,county,police,pending_discovery,四川 沿滩区 公安局 公安分局 政府信息公开 官方网站,https://www.mca.gov.cn/mzsj/xzqh/2025/202401xzqh.html,行政区划覆盖任务，不是已确认公安机构；区划变更及一对多机构关系须核实
police-510321,四川,510321,荣县,county,police,pending_discovery,四川 荣县 公安局 公安分局 政府信息公开 官方网站,https://www.mca.gov.cn/mzsj/xzqh/2025/202401xzqh.html,行政区划覆盖任务，不是已确认公安机构；区划变更及一对多机构关系须核实
police-510322,四川,510322,富顺县,county,police,pending_discovery,四川 富顺县 公安局 公安分局 政府信息公开 官方网站,https://www.mca.gov.cn/mzsj/xzqh/2025/202401xzqh.html,行政区划覆盖任务，不是已确认公安机构；区划变更及一对多机构关系须核实
police-510400,四川,510400,攀枝花市,prefecture,police,pending_discovery,四川 攀枝花市 公安局 公安分局 政府信息公开 官方网站,https://www.mca.gov.cn/mzsj/xzqh/2025/202401xzqh.html,行政区划覆盖任务，不是已确认公安机构；区划变更及一对多机构关系须核实
police-510402,四川,510402,东区,county,police,pending_discovery,四川 东区 公安局 公安分局 政府信息公开 官方网站,https://www.mca.gov.cn/mzsj/xzqh/2025/202401xzqh.html,行政区划覆盖任务，不是已确认公安机构；区划变更及一对多机构关系须核实
police-510403,四川,510403,西区,county,police,pending_discovery,四川 西区 公安局 公安分局 政府信息公开 官方网站,https://www.mca.gov.cn/mzsj/xzqh/2025/202401xzqh.html,行政区划覆盖任务，不是已确认公安机构；区划变更及一对多机构关系须核实
police-510411,四川,510411,仁和区,county,police,pending_discovery,四川 仁和区 公安局 公安分局 政府信息公开 官方网站,https://www.mca.gov.cn/mzsj/xzqh/2025/202401xzqh.html,行政区划覆盖任务，不是已确认公安机构；区划变更及一对多机构关系须核实
police-510421,四川,510421,米易县,county,police,pending_discovery,四川 米易县 公安局 公安分局 政府信息公开 官方网站,https://www.mca.gov.cn/mzsj/xzqh/2025/202401xzqh.html,行政区划覆盖任务，不是已确认公安机构；区划变更及一对多机构关系须核实
police-510422,四川,510422,盐边县,county,police,pending_discovery,四川 盐边县 公安局 公安分局 政府信息公开 官方网站,https://www.mca.gov.cn/mzsj/xzqh/2025/202401xzqh.html,行政区划覆盖任务，不是已确认公安机构；区划变更及一对多机构关系须核实
police-510500,四川,510500,泸州市,prefecture,police,pending_discovery,四川 泸州市 公安局 公安分局 政府信息公开 官方网站,https://www.mca.gov.cn/mzsj/xzqh/2025/202401xzqh.html,行政区划覆盖任务，不是已确认公安机构；区划变更及一对多机构关系须核实
police-510502,四川,510502,江阳区,county,police,pending_discovery,四川 江阳区 公安局 公安分局 政府信息公开 官方网站,https://www.mca.gov.cn/mzsj/xzqh/2025/202401xzqh.html,行政区划覆盖任务，不是已确认公安机构；区划变更及一对多机构关系须核实
police-510503,四川,510503,纳溪区,county,police,pending_discovery,四川 纳溪区 公安局 公安分局 政府信息公开 官方网站,https://www.mca.gov.cn/mzsj/xzqh/2025/202401xzqh.html,行政区划覆盖任务，不是已确认公安机构；区划变更及一对多机构关系须核实
police-510504,四川,510504,龙马潭区,county,police,pending_discovery,四川 龙马潭区 公安局 公安分局 政府信息公开 官方网站,https://www.mca.gov.cn/mzsj/xzqh/2025/202401xzqh.html,行政区划覆盖任务，不是已确认公安机构；区划变更及一对多机构关系须核实
police-510521,四川,510521,泸县,county,police,pending_discovery,四川 泸县 公安局 公安分局 政府信息公开 官方网站,https://www.mca.gov.cn/mzsj/xzqh/2025/202401xzqh.html,行政区划覆盖任务，不是已确认公安机构；区划变更及一对多机构关系须核实
police-510522,四川,510522,合江县,county,police,pending_discovery,四川 合江县 公安局 公安分局 政府信息公开 官方网站,https://www.mca.gov.cn/mzsj/xzqh/2025/202401xzqh.html,行政区划覆盖任务，不是已确认公安机构；区划变更及一对多机构关系须核实
police-510524,四川,510524,叙永县,county,police,pending_discovery,四川 叙永县 公安局 公安分局 政府信息公开 官方网站,https://www.mca.gov.cn/mzsj/xzqh/2025/202401xzqh.html,行政区划覆盖任务，不是已确认公安机构；区划变更及一对多机构关系须核实
police-510525,四川,510525,古蔺县,county,police,pending_discovery,四川 古蔺县 公安局 公安分局 政府信息公开 官方网站,https://www.mca.gov.cn/mzsj/xzqh/2025/202401xzqh.html,行政区划覆盖任务，不是已确认公安机构；区划变更及一对多机构关系须核实
police-510600,四川,510600,德阳市,prefecture,police,pending_discovery,四川 德阳市 公安局 公安分局 政府信息公开 官方网站,https://www.mca.gov.cn/mzsj/xzqh/2025/202401xzqh.html,行政区划覆盖任务，不是已确认公安机构；区划变更及一对多机构关系须核实
police-510603,四川,510603,旌阳区,county,police,pending_discovery,四川 旌阳区 公安局 公安分局 政府信息公开 官方网站,https://www.mca.gov.cn/mzsj/xzqh/2025/202401xzqh.html,行政区划覆盖任务，不是已确认公安机构；区划变更及一对多机构关系须核实
police-510604,四川,510604,罗江区,county,police,pending_discovery,四川 罗江区 公安局 公安分局 政府信息公开 官方网站,https://www.mca.gov.cn/mzsj/xzqh/2025/202401xzqh.html,行政区划覆盖任务，不是已确认公安机构；区划变更及一对多机构关系须核实
police-510623,四川,510623,中江县,county,police,pending_discovery,四川 中江县 公安局 公安分局 政府信息公开 官方网站,https://www.mca.gov.cn/mzsj/xzqh/2025/202401xzqh.html,行政区划覆盖任务，不是已确认公安机构；区划变更及一对多机构关系须核实
police-510681,四川,510681,广汉市,county,police,pending_discovery,四川 广汉市 公安局 公安分局 政府信息公开 官方网站,https://www.mca.gov.cn/mzsj/xzqh/2025/202401xzqh.html,行政区划覆盖任务，不是已确认公安机构；区划变更及一对多机构关系须核实
police-510682,四川,510682,什邡市,county,police,pending_discovery,四川 什邡市 公安局 公安分局 政府信息公开 官方网站,https://www.mca.gov.cn/mzsj/xzqh/2025/202401xzqh.html,行政区划覆盖任务，不是已确认公安机构；区划变更及一对多机构关系须核实
police-510683,四川,510683,绵竹市,county,police,pending_discovery,四川 绵竹市 公安局 公安分局 政府信息公开 官方网站,https://www.mca.gov.cn/mzsj/xzqh/2025/202401xzqh.html,行政区划覆盖任务，不是已确认公安机构；区划变更及一对多机构关系须核实
police-510700,四川,510700,绵阳市,prefecture,police,pending_discovery,四川 绵阳市 公安局 公安分局 政府信息公开 官方网站,https://www.mca.gov.cn/mzsj/xzqh/2025/202401xzqh.html,行政区划覆盖任务，不是已确认公安机构；区划变更及一对多机构关系须核实
police-510703,四川,510703,涪城区,county,police,pending_discovery,四川 涪城区 公安局 公安分局 政府信息公开 官方网站,https://www.mca.gov.cn/mzsj/xzqh/2025/202401xzqh.html,行政区划覆盖任务，不是已确认公安机构；区划变更及一对多机构关系须核实
police-510704,四川,510704,游仙区,county,police,pending_discovery,四川 游仙区 公安局 公安分局 政府信息公开 官方网站,https://www.mca.gov.cn/mzsj/xzqh/2025/202401xzqh.html,行政区划覆盖任务，不是已确认公安机构；区划变更及一对多机构关系须核实
police-510705,四川,510705,安州区,county,police,pending_discovery,四川 安州区 公安局 公安分局 政府信息公开 官方网站,https://www.mca.gov.cn/mzsj/xzqh/2025/202401xzqh.html,行政区划覆盖任务，不是已确认公安机构；区划变更及一对多机构关系须核实
police-510722,四川,510722,三台县,county,police,pending_discovery,四川 三台县 公安局 公安分局 政府信息公开 官方网站,https://www.mca.gov.cn/mzsj/xzqh/2025/202401xzqh.html,行政区划覆盖任务，不是已确认公安机构；区划变更及一对多机构关系须核实
police-510723,四川,510723,盐亭县,county,police,pending_discovery,四川 盐亭县 公安局 公安分局 政府信息公开 官方网站,https://www.mca.gov.cn/mzsj/xzqh/2025/202401xzqh.html,行政区划覆盖任务，不是已确认公安机构；区划变更及一对多机构关系须核实
police-510725,四川,510725,梓潼县,county,police,pending_discovery,四川 梓潼县 公安局 公安分局 政府信息公开 官方网站,https://www.mca.gov.cn/mzsj/xzqh/2025/202401xzqh.html,行政区划覆盖任务，不是已确认公安机构；区划变更及一对多机构关系须核实
police-510726,四川,510726,北川羌族自治县,county,police,pending_discovery,四川 北川羌族自治县 公安局 公安分局 政府信息公开 官方网站,https://www.mca.gov.cn/mzsj/xzqh/2025/202401xzqh.html,行政区划覆盖任务，不是已确认公安机构；区划变更及一对多机构关系须核实
police-510727,四川,510727,平武县,county,police,pending_discovery,四川 平武县 公安局 公安分局 政府信息公开 官方网站,https://www.mca.gov.cn/mzsj/xzqh/2025/202401xzqh.html,行政区划覆盖任务，不是已确认公安机构；区划变更及一对多机构关系须核实
police-510781,四川,510781,江油市,county,police,pending_discovery,四川 江油市 公安局 公安分局 政府信息公开 官方网站,https://www.mca.gov.cn/mzsj/xzqh/2025/202401xzqh.html,行政区划覆盖任务，不是已确认公安机构；区划变更及一对多机构关系须核实
police-510800,四川,510800,广元市,prefecture,police,pending_discovery,四川 广元市 公安局 公安分局 政府信息公开 官方网站,https://www.mca.gov.cn/mzsj/xzqh/2025/202401xzqh.html,行政区划覆盖任务，不是已确认公安机构；区划变更及一对多机构关系须核实
police-510802,四川,510802,利州区,county,police,pending_discovery,四川 利州区 公安局 公安分局 政府信息公开 官方网站,https://www.mca.gov.cn/mzsj/xzqh/2025/202401xzqh.html,行政区划覆盖任务，不是已确认公安机构；区划变更及一对多机构关系须核实
police-510811,四川,510811,昭化区,county,police,pending_discovery,四川 昭化区 公安局 公安分局 政府信息公开 官方网站,https://www.mca.gov.cn/mzsj/xzqh/2025/202401xzqh.html,行政区划覆盖任务，不是已确认公安机构；区划变更及一对多机构关系须核实
police-510812,四川,510812,朝天区,county,police,pending_discovery,四川 朝天区 公安局 公安分局 政府信息公开 官方网站,https://www.mca.gov.cn/mzsj/xzqh/2025/202401xzqh.html,行政区划覆盖任务，不是已确认公安机构；区划变更及一对多机构关系须核实
police-510821,四川,510821,旺苍县,county,police,pending_discovery,四川 旺苍县 公安局 公安分局 政府信息公开 官方网站,https://www.mca.gov.cn/mzsj/xzqh/2025/202401xzqh.html,行政区划覆盖任务，不是已确认公安机构；区划变更及一对多机构关系须核实
police-510822,四川,510822,青川县,county,police,pending_discovery,四川 青川县 公安局 公安分局 政府信息公开 官方网站,https://www.mca.gov.cn/mzsj/xzqh/2025/202401xzqh.html,行政区划覆盖任务，不是已确认公安机构；区划变更及一对多机构关系须核实
police-510823,四川,510823,剑阁县,county,police,pending_discovery,四川 剑阁县 公安局 公安分局 政府信息公开 官方网站,https://www.mca.gov.cn/mzsj/xzqh/2025/202401xzqh.html,行政区划覆盖任务，不是已确认公安机构；区划变更及一对多机构关系须核实
police-510824,四川,510824,苍溪县,county,police,pending_discovery,四川 苍溪县 公安局 公安分局 政府信息公开 官方网站,https://www.mca.gov.cn/mzsj/xzqh/2025/202401xzqh.html,行政区划覆盖任务，不是已确认公安机构；区划变更及一对多机构关系须核实
police-510900,四川,510900,遂宁市,prefecture,police,pending_discovery,四川 遂宁市 公安局 公安分局 政府信息公开 官方网站,https://www.mca.gov.cn/mzsj/xzqh/2025/202401xzqh.html,行政区划覆盖任务，不是已确认公安机构；区划变更及一对多机构关系须核实
police-510903,四川,510903,船山区,county,police,pending_discovery,四川 船山区 公安局 公安分局 政府信息公开 官方网站,https://www.mca.gov.cn/mzsj/xzqh/2025/202401xzqh.html,行政区划覆盖任务，不是已确认公安机构；区划变更及一对多机构关系须核实
police-510904,四川,510904,安居区,county,police,pending_discovery,四川 安居区 公安局 公安分局 政府信息公开 官方网站,https://www.mca.gov.cn/mzsj/xzqh/2025/202401xzqh.html,行政区划覆盖任务，不是已确认公安机构；区划变更及一对多机构关系须核实
police-510921,四川,510921,蓬溪县,county,police,pending_discovery,四川 蓬溪县 公安局 公安分局 政府信息公开 官方网站,https://www.mca.gov.cn/mzsj/xzqh/2025/202401xzqh.html,行政区划覆盖任务，不是已确认公安机构；区划变更及一对多机构关系须核实
police-510923,四川,510923,大英县,county,police,pending_discovery,四川 大英县 公安局 公安分局 政府信息公开 官方网站,https://www.mca.gov.cn/mzsj/xzqh/2025/202401xzqh.html,行政区划覆盖任务，不是已确认公安机构；区划变更及一对多机构关系须核实
police-510981,四川,510981,射洪市,county,police,pending_discovery,四川 射洪市 公安局 公安分局 政府信息公开 官方网站,https://www.mca.gov.cn/mzsj/xzqh/2025/202401xzqh.html,行政区划覆盖任务，不是已确认公安机构；区划变更及一对多机构关系须核实
police-511000,四川,511000,内江市,prefecture,police,pending_discovery,四川 内江市 公安局 公安分局 政府信息公开 官方网站,https://www.mca.gov.cn/mzsj/xzqh/2025/202401xzqh.html,行政区划覆盖任务，不是已确认公安机构；区划变更及一对多机构关系须核实
police-511002,四川,511002,市中区,county,police,pending_discovery,四川 市中区 公安局 公安分局 政府信息公开 官方网站,https://www.mca.gov.cn/mzsj/xzqh/2025/202401xzqh.html,行政区划覆盖任务，不是已确认公安机构；区划变更及一对多机构关系须核实
police-511011,四川,511011,东兴区,county,police,pending_discovery,四川 东兴区 公安局 公安分局 政府信息公开 官方网站,https://www.mca.gov.cn/mzsj/xzqh/2025/202401xzqh.html,行政区划覆盖任务，不是已确认公安机构；区划变更及一对多机构关系须核实
police-511024,四川,511024,威远县,county,police,pending_discovery,四川 威远县 公安局 公安分局 政府信息公开 官方网站,https://www.mca.gov.cn/mzsj/xzqh/2025/202401xzqh.html,行政区划覆盖任务，不是已确认公安机构；区划变更及一对多机构关系须核实
police-511025,四川,511025,资中县,county,police,pending_discovery,四川 资中县 公安局 公安分局 政府信息公开 官方网站,https://www.mca.gov.cn/mzsj/xzqh/2025/202401xzqh.html,行政区划覆盖任务，不是已确认公安机构；区划变更及一对多机构关系须核实
police-511083,四川,511083,隆昌市,county,police,pending_discovery,四川 隆昌市 公安局 公安分局 政府信息公开 官方网站,https://www.mca.gov.cn/mzsj/xzqh/2025/202401xzqh.html,行政区划覆盖任务，不是已确认公安机构；区划变更及一对多机构关系须核实
police-511100,四川,511100,乐山市,prefecture,police,pending_discovery,四川 乐山市 公安局 公安分局 政府信息公开 官方网站,https://www.mca.gov.cn/mzsj/xzqh/2025/202401xzqh.html,行政区划覆盖任务，不是已确认公安机构；区划变更及一对多机构关系须核实
police-511102,四川,511102,市中区,county,police,pending_discovery,四川 市中区 公安局 公安分局 政府信息公开 官方网站,https://www.mca.gov.cn/mzsj/xzqh/2025/202401xzqh.html,行政区划覆盖任务，不是已确认公安机构；区划变更及一对多机构关系须核实
police-511111,四川,511111,沙湾区,county,police,pending_discovery,四川 沙湾区 公安局 公安分局 政府信息公开 官方网站,https://www.mca.gov.cn/mzsj/xzqh/2025/202401xzqh.html,行政区划覆盖任务，不是已确认公安机构；区划变更及一对多机构关系须核实
police-511112,四川,511112,五通桥区,county,police,pending_discovery,四川 五通桥区 公安局 公安分局 政府信息公开 官方网站,https://www.mca.gov.cn/mzsj/xzqh/2025/202401xzqh.html,行政区划覆盖任务，不是已确认公安机构；区划变更及一对多机构关系须核实
police-511113,四川,511113,金口河区,county,police,pending_discovery,四川 金口河区 公安局 公安分局 政府信息公开 官方网站,https://www.mca.gov.cn/mzsj/xzqh/2025/202401xzqh.html,行政区划覆盖任务，不是已确认公安机构；区划变更及一对多机构关系须核实
police-511123,四川,511123,犍为县,county,police,pending_discovery,四川 犍为县 公安局 公安分局 政府信息公开 官方网站,https://www.mca.gov.cn/mzsj/xzqh/2025/202401xzqh.html,行政区划覆盖任务，不是已确认公安机构；区划变更及一对多机构关系须核实
police-511124,四川,511124,井研县,county,police,pending_discovery,四川 井研县 公安局 公安分局 政府信息公开 官方网站,https://www.mca.gov.cn/mzsj/xzqh/2025/202401xzqh.html,行政区划覆盖任务，不是已确认公安机构；区划变更及一对多机构关系须核实
police-511126,四川,511126,夹江县,county,police,pending_discovery,四川 夹江县 公安局 公安分局 政府信息公开 官方网站,https://www.mca.gov.cn/mzsj/xzqh/2025/202401xzqh.html,行政区划覆盖任务，不是已确认公安机构；区划变更及一对多机构关系须核实
police-511129,四川,511129,沐川县,county,police,pending_discovery,四川 沐川县 公安局 公安分局 政府信息公开 官方网站,https://www.mca.gov.cn/mzsj/xzqh/2025/202401xzqh.html,行政区划覆盖任务，不是已确认公安机构；区划变更及一对多机构关系须核实
police-511132,四川,511132,峨边彝族自治县,county,police,pending_discovery,四川 峨边彝族自治县 公安局 公安分局 政府信息公开 官方网站,https://www.mca.gov.cn/mzsj/xzqh/2025/202401xzqh.html,行政区划覆盖任务，不是已确认公安机构；区划变更及一对多机构关系须核实
police-511133,四川,511133,马边彝族自治县,county,police,pending_discovery,四川 马边彝族自治县 公安局 公安分局 政府信息公开 官方网站,https://www.mca.gov.cn/mzsj/xzqh/2025/202401xzqh.html,行政区划覆盖任务，不是已确认公安机构；区划变更及一对多机构关系须核实
police-511181,四川,511181,峨眉山市,county,police,pending_discovery,四川 峨眉山市 公安局 公安分局 政府信息公开 官方网站,https://www.mca.gov.cn/mzsj/xzqh/2025/202401xzqh.html,行政区划覆盖任务，不是已确认公安机构；区划变更及一对多机构关系须核实
police-511300,四川,511300,南充市,prefecture,police,pending_discovery,四川 南充市 公安局 公安分局 政府信息公开 官方网站,https://www.mca.gov.cn/mzsj/xzqh/2025/202401xzqh.html,行政区划覆盖任务，不是已确认公安机构；区划变更及一对多机构关系须核实
police-511302,四川,511302,顺庆区,county,police,pending_discovery,四川 顺庆区 公安局 公安分局 政府信息公开 官方网站,https://www.mca.gov.cn/mzsj/xzqh/2025/202401xzqh.html,行政区划覆盖任务，不是已确认公安机构；区划变更及一对多机构关系须核实
police-511303,四川,511303,高坪区,county,police,pending_discovery,四川 高坪区 公安局 公安分局 政府信息公开 官方网站,https://www.mca.gov.cn/mzsj/xzqh/2025/202401xzqh.html,行政区划覆盖任务，不是已确认公安机构；区划变更及一对多机构关系须核实
police-511304,四川,511304,嘉陵区,county,police,pending_discovery,四川 嘉陵区 公安局 公安分局 政府信息公开 官方网站,https://www.mca.gov.cn/mzsj/xzqh/2025/202401xzqh.html,行政区划覆盖任务，不是已确认公安机构；区划变更及一对多机构关系须核实
police-511321,四川,511321,南部县,county,police,pending_discovery,四川 南部县 公安局 公安分局 政府信息公开 官方网站,https://www.mca.gov.cn/mzsj/xzqh/2025/202401xzqh.html,行政区划覆盖任务，不是已确认公安机构；区划变更及一对多机构关系须核实
police-511322,四川,511322,营山县,county,police,pending_discovery,四川 营山县 公安局 公安分局 政府信息公开 官方网站,https://www.mca.gov.cn/mzsj/xzqh/2025/202401xzqh.html,行政区划覆盖任务，不是已确认公安机构；区划变更及一对多机构关系须核实
police-511323,四川,511323,蓬安县,county,police,pending_discovery,四川 蓬安县 公安局 公安分局 政府信息公开 官方网站,https://www.mca.gov.cn/mzsj/xzqh/2025/202401xzqh.html,行政区划覆盖任务，不是已确认公安机构；区划变更及一对多机构关系须核实
police-511324,四川,511324,仪陇县,county,police,pending_discovery,四川 仪陇县 公安局 公安分局 政府信息公开 官方网站,https://www.mca.gov.cn/mzsj/xzqh/2025/202401xzqh.html,行政区划覆盖任务，不是已确认公安机构；区划变更及一对多机构关系须核实
police-511325,四川,511325,西充县,county,police,pending_discovery,四川 西充县 公安局 公安分局 政府信息公开 官方网站,https://www.mca.gov.cn/mzsj/xzqh/2025/202401xzqh.html,行政区划覆盖任务，不是已确认公安机构；区划变更及一对多机构关系须核实
police-511381,四川,511381,阆中市,county,police,pending_discovery,四川 阆中市 公安局 公安分局 政府信息公开 官方网站,https://www.mca.gov.cn/mzsj/xzqh/2025/202401xzqh.html,行政区划覆盖任务，不是已确认公安机构；区划变更及一对多机构关系须核实
police-511400,四川,511400,眉山市,prefecture,police,pending_discovery,四川 眉山市 公安局 公安分局 政府信息公开 官方网站,https://www.mca.gov.cn/mzsj/xzqh/2025/202401xzqh.html,行政区划覆盖任务，不是已确认公安机构；区划变更及一对多机构关系须核实
police-511402,四川,511402,东坡区,county,police,pending_discovery,四川 东坡区 公安局 公安分局 政府信息公开 官方网站,https://www.mca.gov.cn/mzsj/xzqh/2025/202401xzqh.html,行政区划覆盖任务，不是已确认公安机构；区划变更及一对多机构关系须核实
police-511403,四川,511403,彭山区,county,police,pending_discovery,四川 彭山区 公安局 公安分局 政府信息公开 官方网站,https://www.mca.gov.cn/mzsj/xzqh/2025/202401xzqh.html,行政区划覆盖任务，不是已确认公安机构；区划变更及一对多机构关系须核实
police-511421,四川,511421,仁寿县,county,police,pending_discovery,四川 仁寿县 公安局 公安分局 政府信息公开 官方网站,https://www.mca.gov.cn/mzsj/xzqh/2025/202401xzqh.html,行政区划覆盖任务，不是已确认公安机构；区划变更及一对多机构关系须核实
police-511423,四川,511423,洪雅县,county,police,pending_discovery,四川 洪雅县 公安局 公安分局 政府信息公开 官方网站,https://www.mca.gov.cn/mzsj/xzqh/2025/202401xzqh.html,行政区划覆盖任务，不是已确认公安机构；区划变更及一对多机构关系须核实
police-511424,四川,511424,丹棱县,county,police,pending_discovery,四川 丹棱县 公安局 公安分局 政府信息公开 官方网站,https://www.mca.gov.cn/mzsj/xzqh/2025/202401xzqh.html,行政区划覆盖任务，不是已确认公安机构；区划变更及一对多机构关系须核实
police-511425,四川,511425,青神县,county,police,pending_discovery,四川 青神县 公安局 公安分局 政府信息公开 官方网站,https://www.mca.gov.cn/mzsj/xzqh/2025/202401xzqh.html,行政区划覆盖任务，不是已确认公安机构；区划变更及一对多机构关系须核实
police-511500,四川,511500,宜宾市,prefecture,police,pending_discovery,四川 宜宾市 公安局 公安分局 政府信息公开 官方网站,https://www.mca.gov.cn/mzsj/xzqh/2025/202401xzqh.html,行政区划覆盖任务，不是已确认公安机构；区划变更及一对多机构关系须核实
police-511502,四川,511502,翠屏区,county,police,pending_discovery,四川 翠屏区 公安局 公安分局 政府信息公开 官方网站,https://www.mca.gov.cn/mzsj/xzqh/2025/202401xzqh.html,行政区划覆盖任务，不是已确认公安机构；区划变更及一对多机构关系须核实
police-511503,四川,511503,南溪区,county,police,pending_discovery,四川 南溪区 公安局 公安分局 政府信息公开 官方网站,https://www.mca.gov.cn/mzsj/xzqh/2025/202401xzqh.html,行政区划覆盖任务，不是已确认公安机构；区划变更及一对多机构关系须核实
police-511504,四川,511504,叙州区,county,police,pending_discovery,四川 叙州区 公安局 公安分局 政府信息公开 官方网站,https://www.mca.gov.cn/mzsj/xzqh/2025/202401xzqh.html,行政区划覆盖任务，不是已确认公安机构；区划变更及一对多机构关系须核实
police-511523,四川,511523,江安县,county,police,pending_discovery,四川 江安县 公安局 公安分局 政府信息公开 官方网站,https://www.mca.gov.cn/mzsj/xzqh/2025/202401xzqh.html,行政区划覆盖任务，不是已确认公安机构；区划变更及一对多机构关系须核实
police-511524,四川,511524,长宁县,county,police,pending_discovery,四川 长宁县 公安局 公安分局 政府信息公开 官方网站,https://www.mca.gov.cn/mzsj/xzqh/2025/202401xzqh.html,行政区划覆盖任务，不是已确认公安机构；区划变更及一对多机构关系须核实
police-511525,四川,511525,高县,county,police,pending_discovery,四川 高县 公安局 公安分局 政府信息公开 官方网站,https://www.mca.gov.cn/mzsj/xzqh/2025/202401xzqh.html,行政区划覆盖任务，不是已确认公安机构；区划变更及一对多机构关系须核实
police-511526,四川,511526,珙县,county,police,pending_discovery,四川 珙县 公安局 公安分局 政府信息公开 官方网站,https://www.mca.gov.cn/mzsj/xzqh/2025/202401xzqh.html,行政区划覆盖任务，不是已确认公安机构；区划变更及一对多机构关系须核实
police-511527,四川,511527,筠连县,county,police,pending_discovery,四川 筠连县 公安局 公安分局 政府信息公开 官方网站,https://www.mca.gov.cn/mzsj/xzqh/2025/202401xzqh.html,行政区划覆盖任务，不是已确认公安机构；区划变更及一对多机构关系须核实
police-511528,四川,511528,兴文县,county,police,pending_discovery,四川 兴文县 公安局 公安分局 政府信息公开 官方网站,https://www.mca.gov.cn/mzsj/xzqh/2025/202401xzqh.html,行政区划覆盖任务，不是已确认公安机构；区划变更及一对多机构关系须核实
police-511529,四川,511529,屏山县,county,police,pending_discovery,四川 屏山县 公安局 公安分局 政府信息公开 官方网站,https://www.mca.gov.cn/mzsj/xzqh/2025/202401xzqh.html,行政区划覆盖任务，不是已确认公安机构；区划变更及一对多机构关系须核实
police-511600,四川,511600,广安市,prefecture,police,pending_discovery,四川 广安市 公安局 公安分局 政府信息公开 官方网站,https://www.mca.gov.cn/mzsj/xzqh/2025/202401xzqh.html,行政区划覆盖任务，不是已确认公安机构；区划变更及一对多机构关系须核实
police-511602,四川,511602,广安区,county,police,pending_discovery,四川 广安区 公安局 公安分局 政府信息公开 官方网站,https://www.mca.gov.cn/mzsj/xzqh/2025/202401xzqh.html,行政区划覆盖任务，不是已确认公安机构；区划变更及一对多机构关系须核实
police-511603,四川,511603,前锋区,county,police,pending_discovery,四川 前锋区 公安局 公安分局 政府信息公开 官方网站,https://www.mca.gov.cn/mzsj/xzqh/2025/202401xzqh.html,行政区划覆盖任务，不是已确认公安机构；区划变更及一对多机构关系须核实
police-511621,四川,511621,岳池县,county,police,pending_discovery,四川 岳池县 公安局 公安分局 政府信息公开 官方网站,https://www.mca.gov.cn/mzsj/xzqh/2025/202401xzqh.html,行政区划覆盖任务，不是已确认公安机构；区划变更及一对多机构关系须核实
police-511622,四川,511622,武胜县,county,police,pending_discovery,四川 武胜县 公安局 公安分局 政府信息公开 官方网站,https://www.mca.gov.cn/mzsj/xzqh/2025/202401xzqh.html,行政区划覆盖任务，不是已确认公安机构；区划变更及一对多机构关系须核实
police-511623,四川,511623,邻水县,county,police,pending_discovery,四川 邻水县 公安局 公安分局 政府信息公开 官方网站,https://www.mca.gov.cn/mzsj/xzqh/2025/202401xzqh.html,行政区划覆盖任务，不是已确认公安机构；区划变更及一对多机构关系须核实
police-511681,四川,511681,华蓥市,county,police,pending_discovery,四川 华蓥市 公安局 公安分局 政府信息公开 官方网站,https://www.mca.gov.cn/mzsj/xzqh/2025/202401xzqh.html,行政区划覆盖任务，不是已确认公安机构；区划变更及一对多机构关系须核实
police-511700,四川,511700,达州市,prefecture,police,pending_discovery,四川 达州市 公安局 公安分局 政府信息公开 官方网站,https://www.mca.gov.cn/mzsj/xzqh/2025/202401xzqh.html,行政区划覆盖任务，不是已确认公安机构；区划变更及一对多机构关系须核实
police-511702,四川,511702,通川区,county,police,pending_discovery,四川 通川区 公安局 公安分局 政府信息公开 官方网站,https://www.mca.gov.cn/mzsj/xzqh/2025/202401xzqh.html,行政区划覆盖任务，不是已确认公安机构；区划变更及一对多机构关系须核实
police-511703,四川,511703,达川区,county,police,pending_discovery,四川 达川区 公安局 公安分局 政府信息公开 官方网站,https://www.mca.gov.cn/mzsj/xzqh/2025/202401xzqh.html,行政区划覆盖任务，不是已确认公安机构；区划变更及一对多机构关系须核实
police-511722,四川,511722,宣汉县,county,police,pending_discovery,四川 宣汉县 公安局 公安分局 政府信息公开 官方网站,https://www.mca.gov.cn/mzsj/xzqh/2025/202401xzqh.html,行政区划覆盖任务，不是已确认公安机构；区划变更及一对多机构关系须核实
police-511723,四川,511723,开江县,county,police,pending_discovery,四川 开江县 公安局 公安分局 政府信息公开 官方网站,https://www.mca.gov.cn/mzsj/xzqh/2025/202401xzqh.html,行政区划覆盖任务，不是已确认公安机构；区划变更及一对多机构关系须核实
police-511724,四川,511724,大竹县,county,police,pending_discovery,四川 大竹县 公安局 公安分局 政府信息公开 官方网站,https://www.mca.gov.cn/mzsj/xzqh/2025/202401xzqh.html,行政区划覆盖任务，不是已确认公安机构；区划变更及一对多机构关系须核实
police-511725,四川,511725,渠县,county,police,pending_discovery,四川 渠县 公安局 公安分局 政府信息公开 官方网站,https://www.mca.gov.cn/mzsj/xzqh/2025/202401xzqh.html,行政区划覆盖任务，不是已确认公安机构；区划变更及一对多机构关系须核实
police-511781,四川,511781,万源市,county,police,pending_discovery,四川 万源市 公安局 公安分局 政府信息公开 官方网站,https://www.mca.gov.cn/mzsj/xzqh/2025/202401xzqh.html,行政区划覆盖任务，不是已确认公安机构；区划变更及一对多机构关系须核实
police-511800,四川,511800,雅安市,prefecture,police,pending_discovery,四川 雅安市 公安局 公安分局 政府信息公开 官方网站,https://www.mca.gov.cn/mzsj/xzqh/2025/202401xzqh.html,行政区划覆盖任务，不是已确认公安机构；区划变更及一对多机构关系须核实
police-511802,四川,511802,雨城区,county,police,pending_discovery,四川 雨城区 公安局 公安分局 政府信息公开 官方网站,https://www.mca.gov.cn/mzsj/xzqh/2025/202401xzqh.html,行政区划覆盖任务，不是已确认公安机构；区划变更及一对多机构关系须核实
police-511803,四川,511803,名山区,county,police,pending_discovery,四川 名山区 公安局 公安分局 政府信息公开 官方网站,https://www.mca.gov.cn/mzsj/xzqh/2025/202401xzqh.html,行政区划覆盖任务，不是已确认公安机构；区划变更及一对多机构关系须核实
police-511822,四川,511822,荥经县,county,police,pending_discovery,四川 荥经县 公安局 公安分局 政府信息公开 官方网站,https://www.mca.gov.cn/mzsj/xzqh/2025/202401xzqh.html,行政区划覆盖任务，不是已确认公安机构；区划变更及一对多机构关系须核实
police-511823,四川,511823,汉源县,county,police,pending_discovery,四川 汉源县 公安局 公安分局 政府信息公开 官方网站,https://www.mca.gov.cn/mzsj/xzqh/2025/202401xzqh.html,行政区划覆盖任务，不是已确认公安机构；区划变更及一对多机构关系须核实
police-511824,四川,511824,石棉县,county,police,pending_discovery,四川 石棉县 公安局 公安分局 政府信息公开 官方网站,https://www.mca.gov.cn/mzsj/xzqh/2025/202401xzqh.html,行政区划覆盖任务，不是已确认公安机构；区划变更及一对多机构关系须核实
police-511825,四川,511825,天全县,county,police,pending_discovery,四川 天全县 公安局 公安分局 政府信息公开 官方网站,https://www.mca.gov.cn/mzsj/xzqh/2025/202401xzqh.html,行政区划覆盖任务，不是已确认公安机构；区划变更及一对多机构关系须核实
police-511826,四川,511826,芦山县,county,police,pending_discovery,四川 芦山县 公安局 公安分局 政府信息公开 官方网站,https://www.mca.gov.cn/mzsj/xzqh/2025/202401xzqh.html,行政区划覆盖任务，不是已确认公安机构；区划变更及一对多机构关系须核实
police-511827,四川,511827,宝兴县,county,police,pending_discovery,四川 宝兴县 公安局 公安分局 政府信息公开 官方网站,https://www.mca.gov.cn/mzsj/xzqh/2025/202401xzqh.html,行政区划覆盖任务，不是已确认公安机构；区划变更及一对多机构关系须核实
police-511900,四川,511900,巴中市,prefecture,police,pending_discovery,四川 巴中市 公安局 公安分局 政府信息公开 官方网站,https://www.mca.gov.cn/mzsj/xzqh/2025/202401xzqh.html,行政区划覆盖任务，不是已确认公安机构；区划变更及一对多机构关系须核实
police-511902,四川,511902,巴州区,county,police,pending_discovery,四川 巴州区 公安局 公安分局 政府信息公开 官方网站,https://www.mca.gov.cn/mzsj/xzqh/2025/202401xzqh.html,行政区划覆盖任务，不是已确认公安机构；区划变更及一对多机构关系须核实
police-511903,四川,511903,恩阳区,county,police,pending_discovery,四川 恩阳区 公安局 公安分局 政府信息公开 官方网站,https://www.mca.gov.cn/mzsj/xzqh/2025/202401xzqh.html,行政区划覆盖任务，不是已确认公安机构；区划变更及一对多机构关系须核实
police-511921,四川,511921,通江县,county,police,pending_discovery,四川 通江县 公安局 公安分局 政府信息公开 官方网站,https://www.mca.gov.cn/mzsj/xzqh/2025/202401xzqh.html,行政区划覆盖任务，不是已确认公安机构；区划变更及一对多机构关系须核实
police-511922,四川,511922,南江县,county,police,pending_discovery,四川 南江县 公安局 公安分局 政府信息公开 官方网站,https://www.mca.gov.cn/mzsj/xzqh/2025/202401xzqh.html,行政区划覆盖任务，不是已确认公安机构；区划变更及一对多机构关系须核实
police-511923,四川,511923,平昌县,county,police,pending_discovery,四川 平昌县 公安局 公安分局 政府信息公开 官方网站,https://www.mca.gov.cn/mzsj/xzqh/2025/202401xzqh.html,行政区划覆盖任务，不是已确认公安机构；区划变更及一对多机构关系须核实
police-512000,四川,512000,资阳市,prefecture,police,pending_discovery,四川 资阳市 公安局 公安分局 政府信息公开 官方网站,https://www.mca.gov.cn/mzsj/xzqh/2025/202401xzqh.html,行政区划覆盖任务，不是已确认公安机构；区划变更及一对多机构关系须核实
police-512002,四川,512002,雁江区,county,police,pending_discovery,四川 雁江区 公安局 公安分局 政府信息公开 官方网站,https://www.mca.gov.cn/mzsj/xzqh/2025/202401xzqh.html,行政区划覆盖任务，不是已确认公安机构；区划变更及一对多机构关系须核实
police-512021,四川,512021,安岳县,county,police,pending_discovery,四川 安岳县 公安局 公安分局 政府信息公开 官方网站,https://www.mca.gov.cn/mzsj/xzqh/2025/202401xzqh.html,行政区划覆盖任务，不是已确认公安机构；区划变更及一对多机构关系须核实
police-512022,四川,512022,乐至县,county,police,pending_discovery,四川 乐至县 公安局 公安分局 政府信息公开 官方网站,https://www.mca.gov.cn/mzsj/xzqh/2025/202401xzqh.html,行政区划覆盖任务，不是已确认公安机构；区划变更及一对多机构关系须核实
police-513200,四川,513200,阿坝藏族羌族自治州,prefecture,police,pending_discovery,四川 阿坝藏族羌族自治州 公安局 公安分局 政府信息公开 官方网站,https://www.mca.gov.cn/mzsj/xzqh/2025/202401xzqh.html,行政区划覆盖任务，不是已确认公安机构；区划变更及一对多机构关系须核实
police-513201,四川,513201,马尔康市,county,police,pending_discovery,四川 马尔康市 公安局 公安分局 政府信息公开 官方网站,https://www.mca.gov.cn/mzsj/xzqh/2025/202401xzqh.html,行政区划覆盖任务，不是已确认公安机构；区划变更及一对多机构关系须核实
police-513221,四川,513221,汶川县,county,police,pending_discovery,四川 汶川县 公安局 公安分局 政府信息公开 官方网站,https://www.mca.gov.cn/mzsj/xzqh/2025/202401xzqh.html,行政区划覆盖任务，不是已确认公安机构；区划变更及一对多机构关系须核实
police-513222,四川,513222,理县,county,police,pending_discovery,四川 理县 公安局 公安分局 政府信息公开 官方网站,https://www.mca.gov.cn/mzsj/xzqh/2025/202401xzqh.html,行政区划覆盖任务，不是已确认公安机构；区划变更及一对多机构关系须核实
police-513223,四川,513223,茂县,county,police,pending_discovery,四川 茂县 公安局 公安分局 政府信息公开 官方网站,https://www.mca.gov.cn/mzsj/xzqh/2025/202401xzqh.html,行政区划覆盖任务，不是已确认公安机构；区划变更及一对多机构关系须核实
police-513224,四川,513224,松潘县,county,police,pending_discovery,四川 松潘县 公安局 公安分局 政府信息公开 官方网站,https://www.mca.gov.cn/mzsj/xzqh/2025/202401xzqh.html,行政区划覆盖任务，不是已确认公安机构；区划变更及一对多机构关系须核实
police-513225,四川,513225,九寨沟县,county,police,pending_discovery,四川 九寨沟县 公安局 公安分局 政府信息公开 官方网站,https://www.mca.gov.cn/mzsj/xzqh/2025/202401xzqh.html,行政区划覆盖任务，不是已确认公安机构；区划变更及一对多机构关系须核实
police-513226,四川,513226,金川县,county,police,pending_discovery,四川 金川县 公安局 公安分局 政府信息公开 官方网站,https://www.mca.gov.cn/mzsj/xzqh/2025/202401xzqh.html,行政区划覆盖任务，不是已确认公安机构；区划变更及一对多机构关系须核实
police-513227,四川,513227,小金县,county,police,pending_discovery,四川 小金县 公安局 公安分局 政府信息公开 官方网站,https://www.mca.gov.cn/mzsj/xzqh/2025/202401xzqh.html,行政区划覆盖任务，不是已确认公安机构；区划变更及一对多机构关系须核实
police-513228,四川,513228,黑水县,county,police,pending_discovery,四川 黑水县 公安局 公安分局 政府信息公开 官方网站,https://www.mca.gov.cn/mzsj/xzqh/2025/202401xzqh.html,行政区划覆盖任务，不是已确认公安机构；区划变更及一对多机构关系须核实
police-513230,四川,513230,壤塘县,county,police,pending_discovery,四川 壤塘县 公安局 公安分局 政府信息公开 官方网站,https://www.mca.gov.cn/mzsj/xzqh/2025/202401xzqh.html,行政区划覆盖任务，不是已确认公安机构；区划变更及一对多机构关系须核实
police-513231,四川,513231,阿坝县,county,police,pending_discovery,四川 阿坝县 公安局 公安分局 政府信息公开 官方网站,https://www.mca.gov.cn/mzsj/xzqh/2025/202401xzqh.html,行政区划覆盖任务，不是已确认公安机构；区划变更及一对多机构关系须核实
police-513232,四川,513232,若尔盖县,county,police,pending_discovery,四川 若尔盖县 公安局 公安分局 政府信息公开 官方网站,https://www.mca.gov.cn/mzsj/xzqh/2025/202401xzqh.html,行政区划覆盖任务，不是已确认公安机构；区划变更及一对多机构关系须核实
police-513233,四川,513233,红原县,county,police,pending_discovery,四川 红原县 公安局 公安分局 政府信息公开 官方网站,https://www.mca.gov.cn/mzsj/xzqh/2025/202401xzqh.html,行政区划覆盖任务，不是已确认公安机构；区划变更及一对多机构关系须核实
police-513300,四川,513300,甘孜藏族自治州,prefecture,police,pending_discovery,四川 甘孜藏族自治州 公安局 公安分局 政府信息公开 官方网站,https://www.mca.gov.cn/mzsj/xzqh/2025/202401xzqh.html,行政区划覆盖任务，不是已确认公安机构；区划变更及一对多机构关系须核实
police-513301,四川,513301,康定市,county,police,pending_discovery,四川 康定市 公安局 公安分局 政府信息公开 官方网站,https://www.mca.gov.cn/mzsj/xzqh/2025/202401xzqh.html,行政区划覆盖任务，不是已确认公安机构；区划变更及一对多机构关系须核实
police-513322,四川,513322,泸定县,county,police,pending_discovery,四川 泸定县 公安局 公安分局 政府信息公开 官方网站,https://www.mca.gov.cn/mzsj/xzqh/2025/202401xzqh.html,行政区划覆盖任务，不是已确认公安机构；区划变更及一对多机构关系须核实
police-513323,四川,513323,丹巴县,county,police,pending_discovery,四川 丹巴县 公安局 公安分局 政府信息公开 官方网站,https://www.mca.gov.cn/mzsj/xzqh/2025/202401xzqh.html,行政区划覆盖任务，不是已确认公安机构；区划变更及一对多机构关系须核实
police-513324,四川,513324,九龙县,county,police,pending_discovery,四川 九龙县 公安局 公安分局 政府信息公开 官方网站,https://www.mca.gov.cn/mzsj/xzqh/2025/202401xzqh.html,行政区划覆盖任务，不是已确认公安机构；区划变更及一对多机构关系须核实
police-513325,四川,513325,雅江县,county,police,pending_discovery,四川 雅江县 公安局 公安分局 政府信息公开 官方网站,https://www.mca.gov.cn/mzsj/xzqh/2025/202401xzqh.html,行政区划覆盖任务，不是已确认公安机构；区划变更及一对多机构关系须核实
police-513326,四川,513326,道孚县,county,police,pending_discovery,四川 道孚县 公安局 公安分局 政府信息公开 官方网站,https://www.mca.gov.cn/mzsj/xzqh/2025/202401xzqh.html,行政区划覆盖任务，不是已确认公安机构；区划变更及一对多机构关系须核实
police-513327,四川,513327,炉霍县,county,police,pending_discovery,四川 炉霍县 公安局 公安分局 政府信息公开 官方网站,https://www.mca.gov.cn/mzsj/xzqh/2025/202401xzqh.html,行政区划覆盖任务，不是已确认公安机构；区划变更及一对多机构关系须核实
police-513328,四川,513328,甘孜县,county,police,pending_discovery,四川 甘孜县 公安局 公安分局 政府信息公开 官方网站,https://www.mca.gov.cn/mzsj/xzqh/2025/202401xzqh.html,行政区划覆盖任务，不是已确认公安机构；区划变更及一对多机构关系须核实
police-513329,四川,513329,新龙县,county,police,pending_discovery,四川 新龙县 公安局 公安分局 政府信息公开 官方网站,https://www.mca.gov.cn/mzsj/xzqh/2025/202401xzqh.html,行政区划覆盖任务，不是已确认公安机构；区划变更及一对多机构关系须核实
police-513330,四川,513330,德格县,county,police,pending_discovery,四川 德格县 公安局 公安分局 政府信息公开 官方网站,https://www.mca.gov.cn/mzsj/xzqh/2025/202401xzqh.html,行政区划覆盖任务，不是已确认公安机构；区划变更及一对多机构关系须核实
police-513331,四川,513331,白玉县,county,police,pending_discovery,四川 白玉县 公安局 公安分局 政府信息公开 官方网站,https://www.mca.gov.cn/mzsj/xzqh/2025/202401xzqh.html,行政区划覆盖任务，不是已确认公安机构；区划变更及一对多机构关系须核实
police-513332,四川,513332,石渠县,county,police,pending_discovery,四川 石渠县 公安局 公安分局 政府信息公开 官方网站,https://www.mca.gov.cn/mzsj/xzqh/2025/202401xzqh.html,行政区划覆盖任务，不是已确认公安机构；区划变更及一对多机构关系须核实
police-513333,四川,513333,色达县,county,police,pending_discovery,四川 色达县 公安局 公安分局 政府信息公开 官方网站,https://www.mca.gov.cn/mzsj/xzqh/2025/202401xzqh.html,行政区划覆盖任务，不是已确认公安机构；区划变更及一对多机构关系须核实
police-513334,四川,513334,理塘县,county,police,pending_discovery,四川 理塘县 公安局 公安分局 政府信息公开 官方网站,https://www.mca.gov.cn/mzsj/xzqh/2025/202401xzqh.html,行政区划覆盖任务，不是已确认公安机构；区划变更及一对多机构关系须核实
police-513335,四川,513335,巴塘县,county,police,pending_discovery,四川 巴塘县 公安局 公安分局 政府信息公开 官方网站,https://www.mca.gov.cn/mzsj/xzqh/2025/202401xzqh.html,行政区划覆盖任务，不是已确认公安机构；区划变更及一对多机构关系须核实
police-513336,四川,513336,乡城县,county,police,pending_discovery,四川 乡城县 公安局 公安分局 政府信息公开 官方网站,https://www.mca.gov.cn/mzsj/xzqh/2025/202401xzqh.html,行政区划覆盖任务，不是已确认公安机构；区划变更及一对多机构关系须核实
police-513337,四川,513337,稻城县,county,police,pending_discovery,四川 稻城县 公安局 公安分局 政府信息公开 官方网站,https://www.mca.gov.cn/mzsj/xzqh/2025/202401xzqh.html,行政区划覆盖任务，不是已确认公安机构；区划变更及一对多机构关系须核实
police-513338,四川,513338,得荣县,county,police,pending_discovery,四川 得荣县 公安局 公安分局 政府信息公开 官方网站,https://www.mca.gov.cn/mzsj/xzqh/2025/202401xzqh.html,行政区划覆盖任务，不是已确认公安机构；区划变更及一对多机构关系须核实
police-513400,四川,513400,凉山彝族自治州,prefecture,police,pending_discovery,四川 凉山彝族自治州 公安局 公安分局 政府信息公开 官方网站,https://www.mca.gov.cn/mzsj/xzqh/2025/202401xzqh.html,行政区划覆盖任务，不是已确认公安机构；区划变更及一对多机构关系须核实
police-513401,四川,513401,西昌市,county,police,pending_discovery,四川 西昌市 公安局 公安分局 政府信息公开 官方网站,https://www.mca.gov.cn/mzsj/xzqh/2025/202401xzqh.html,行政区划覆盖任务，不是已确认公安机构；区划变更及一对多机构关系须核实
police-513402,四川,513402,会理市,county,police,pending_discovery,四川 会理市 公安局 公安分局 政府信息公开 官方网站,https://www.mca.gov.cn/mzsj/xzqh/2025/202401xzqh.html,行政区划覆盖任务，不是已确认公安机构；区划变更及一对多机构关系须核实
police-513422,四川,513422,木里藏族自治县,county,police,pending_discovery,四川 木里藏族自治县 公安局 公安分局 政府信息公开 官方网站,https://www.mca.gov.cn/mzsj/xzqh/2025/202401xzqh.html,行政区划覆盖任务，不是已确认公安机构；区划变更及一对多机构关系须核实
police-513423,四川,513423,盐源县,county,police,pending_discovery,四川 盐源县 公安局 公安分局 政府信息公开 官方网站,https://www.mca.gov.cn/mzsj/xzqh/2025/202401xzqh.html,行政区划覆盖任务，不是已确认公安机构；区划变更及一对多机构关系须核实
police-513424,四川,513424,德昌县,county,police,pending_discovery,四川 德昌县 公安局 公安分局 政府信息公开 官方网站,https://www.mca.gov.cn/mzsj/xzqh/2025/202401xzqh.html,行政区划覆盖任务，不是已确认公安机构；区划变更及一对多机构关系须核实
police-513426,四川,513426,会东县,county,police,pending_discovery,四川 会东县 公安局 公安分局 政府信息公开 官方网站,https://www.mca.gov.cn/mzsj/xzqh/2025/202401xzqh.html,行政区划覆盖任务，不是已确认公安机构；区划变更及一对多机构关系须核实
police-513427,四川,513427,宁南县,county,police,pending_discovery,四川 宁南县 公安局 公安分局 政府信息公开 官方网站,https://www.mca.gov.cn/mzsj/xzqh/2025/202401xzqh.html,行政区划覆盖任务，不是已确认公安机构；区划变更及一对多机构关系须核实
police-513428,四川,513428,普格县,county,police,pending_discovery,四川 普格县 公安局 公安分局 政府信息公开 官方网站,https://www.mca.gov.cn/mzsj/xzqh/2025/202401xzqh.html,行政区划覆盖任务，不是已确认公安机构；区划变更及一对多机构关系须核实
police-513429,四川,513429,布拖县,county,police,pending_discovery,四川 布拖县 公安局 公安分局 政府信息公开 官方网站,https://www.mca.gov.cn/mzsj/xzqh/2025/202401xzqh.html,行政区划覆盖任务，不是已确认公安机构；区划变更及一对多机构关系须核实
police-513430,四川,513430,金阳县,county,police,pending_discovery,四川 金阳县 公安局 公安分局 政府信息公开 官方网站,https://www.mca.gov.cn/mzsj/xzqh/2025/202401xzqh.html,行政区划覆盖任务，不是已确认公安机构；区划变更及一对多机构关系须核实
police-513431,四川,513431,昭觉县,county,police,pending_discovery,四川 昭觉县 公安局 公安分局 政府信息公开 官方网站,https://www.mca.gov.cn/mzsj/xzqh/2025/202401xzqh.html,行政区划覆盖任务，不是已确认公安机构；区划变更及一对多机构关系须核实
police-513432,四川,513432,喜德县,county,police,pending_discovery,四川 喜德县 公安局 公安分局 政府信息公开 官方网站,https://www.mca.gov.cn/mzsj/xzqh/2025/202401xzqh.html,行政区划覆盖任务，不是已确认公安机构；区划变更及一对多机构关系须核实
police-513433,四川,513433,冕宁县,county,police,pending_discovery,四川 冕宁县 公安局 公安分局 政府信息公开 官方网站,https://www.mca.gov.cn/mzsj/xzqh/2025/202401xzqh.html,行政区划覆盖任务，不是已确认公安机构；区划变更及一对多机构关系须核实
police-513434,四川,513434,越西县,county,police,pending_discovery,四川 越西县 公安局 公安分局 政府信息公开 官方网站,https://www.mca.gov.cn/mzsj/xzqh/2025/202401xzqh.html,行政区划覆盖任务，不是已确认公安机构；区划变更及一对多机构关系须核实
police-513435,四川,513435,甘洛县,county,police,pending_discovery,四川 甘洛县 公安局 公安分局 政府信息公开 官方网站,https://www.mca.gov.cn/mzsj/xzqh/2025/202401xzqh.html,行政区划覆盖任务，不是已确认公安机构；区划变更及一对多机构关系须核实
police-513436,四川,513436,美姑县,county,police,pending_discovery,四川 美姑县 公安局 公安分局 政府信息公开 官方网站,https://www.mca.gov.cn/mzsj/xzqh/2025/202401xzqh.html,行政区划覆盖任务，不是已确认公安机构；区划变更及一对多机构关系须核实
police-513437,四川,513437,雷波县,county,police,pending_discovery,四川 雷波县 公安局 公安分局 政府信息公开 官方网站,https://www.mca.gov.cn/mzsj/xzqh/2025/202401xzqh.html,行政区划覆盖任务，不是已确认公安机构；区划变更及一对多机构关系须核实
police-520000,贵州,520000,贵州省,province,police,pending_discovery,贵州 贵州省 公安局 公安分局 政府信息公开 官方网站,https://www.mca.gov.cn/mzsj/xzqh/2025/202401xzqh.html,行政区划覆盖任务，不是已确认公安机构；区划变更及一对多机构关系须核实
police-520100,贵州,520100,贵阳市,prefecture,police,pending_discovery,贵州 贵阳市 公安局 公安分局 政府信息公开 官方网站,https://www.mca.gov.cn/mzsj/xzqh/2025/202401xzqh.html,行政区划覆盖任务，不是已确认公安机构；区划变更及一对多机构关系须核实
police-520102,贵州,520102,南明区,county,police,pending_discovery,贵州 南明区 公安局 公安分局 政府信息公开 官方网站,https://www.mca.gov.cn/mzsj/xzqh/2025/202401xzqh.html,行政区划覆盖任务，不是已确认公安机构；区划变更及一对多机构关系须核实
police-520103,贵州,520103,云岩区,county,police,pending_discovery,贵州 云岩区 公安局 公安分局 政府信息公开 官方网站,https://www.mca.gov.cn/mzsj/xzqh/2025/202401xzqh.html,行政区划覆盖任务，不是已确认公安机构；区划变更及一对多机构关系须核实
police-520111,贵州,520111,花溪区,county,police,pending_discovery,贵州 花溪区 公安局 公安分局 政府信息公开 官方网站,https://www.mca.gov.cn/mzsj/xzqh/2025/202401xzqh.html,行政区划覆盖任务，不是已确认公安机构；区划变更及一对多机构关系须核实
police-520112,贵州,520112,乌当区,county,police,pending_discovery,贵州 乌当区 公安局 公安分局 政府信息公开 官方网站,https://www.mca.gov.cn/mzsj/xzqh/2025/202401xzqh.html,行政区划覆盖任务，不是已确认公安机构；区划变更及一对多机构关系须核实
police-520113,贵州,520113,白云区,county,police,pending_discovery,贵州 白云区 公安局 公安分局 政府信息公开 官方网站,https://www.mca.gov.cn/mzsj/xzqh/2025/202401xzqh.html,行政区划覆盖任务，不是已确认公安机构；区划变更及一对多机构关系须核实
police-520115,贵州,520115,观山湖区,county,police,pending_discovery,贵州 观山湖区 公安局 公安分局 政府信息公开 官方网站,https://www.mca.gov.cn/mzsj/xzqh/2025/202401xzqh.html,行政区划覆盖任务，不是已确认公安机构；区划变更及一对多机构关系须核实
police-520121,贵州,520121,开阳县,county,police,pending_discovery,贵州 开阳县 公安局 公安分局 政府信息公开 官方网站,https://www.mca.gov.cn/mzsj/xzqh/2025/202401xzqh.html,行政区划覆盖任务，不是已确认公安机构；区划变更及一对多机构关系须核实
police-520122,贵州,520122,息烽县,county,police,pending_discovery,贵州 息烽县 公安局 公安分局 政府信息公开 官方网站,https://www.mca.gov.cn/mzsj/xzqh/2025/202401xzqh.html,行政区划覆盖任务，不是已确认公安机构；区划变更及一对多机构关系须核实
police-520123,贵州,520123,修文县,county,police,pending_discovery,贵州 修文县 公安局 公安分局 政府信息公开 官方网站,https://www.mca.gov.cn/mzsj/xzqh/2025/202401xzqh.html,行政区划覆盖任务，不是已确认公安机构；区划变更及一对多机构关系须核实
police-520181,贵州,520181,清镇市,county,police,pending_discovery,贵州 清镇市 公安局 公安分局 政府信息公开 官方网站,https://www.mca.gov.cn/mzsj/xzqh/2025/202401xzqh.html,行政区划覆盖任务，不是已确认公安机构；区划变更及一对多机构关系须核实
police-520200,贵州,520200,六盘水市,prefecture,police,pending_discovery,贵州 六盘水市 公安局 公安分局 政府信息公开 官方网站,https://www.mca.gov.cn/mzsj/xzqh/2025/202401xzqh.html,行政区划覆盖任务，不是已确认公安机构；区划变更及一对多机构关系须核实
police-520201,贵州,520201,钟山区,county,police,pending_discovery,贵州 钟山区 公安局 公安分局 政府信息公开 官方网站,https://www.mca.gov.cn/mzsj/xzqh/2025/202401xzqh.html,行政区划覆盖任务，不是已确认公安机构；区划变更及一对多机构关系须核实
police-520203,贵州,520203,六枝特区,county,police,pending_discovery,贵州 六枝特区 公安局 公安分局 政府信息公开 官方网站,https://www.mca.gov.cn/mzsj/xzqh/2025/202401xzqh.html,行政区划覆盖任务，不是已确认公安机构；区划变更及一对多机构关系须核实
police-520204,贵州,520204,水城区,county,police,pending_discovery,贵州 水城区 公安局 公安分局 政府信息公开 官方网站,https://www.mca.gov.cn/mzsj/xzqh/2025/202401xzqh.html,行政区划覆盖任务，不是已确认公安机构；区划变更及一对多机构关系须核实
police-520281,贵州,520281,盘州市,county,police,pending_discovery,贵州 盘州市 公安局 公安分局 政府信息公开 官方网站,https://www.mca.gov.cn/mzsj/xzqh/2025/202401xzqh.html,行政区划覆盖任务，不是已确认公安机构；区划变更及一对多机构关系须核实
police-520300,贵州,520300,遵义市,prefecture,police,pending_discovery,贵州 遵义市 公安局 公安分局 政府信息公开 官方网站,https://www.mca.gov.cn/mzsj/xzqh/2025/202401xzqh.html,行政区划覆盖任务，不是已确认公安机构；区划变更及一对多机构关系须核实
police-520302,贵州,520302,红花岗区,county,police,pending_discovery,贵州 红花岗区 公安局 公安分局 政府信息公开 官方网站,https://www.mca.gov.cn/mzsj/xzqh/2025/202401xzqh.html,行政区划覆盖任务，不是已确认公安机构；区划变更及一对多机构关系须核实
police-520303,贵州,520303,汇川区,county,police,pending_discovery,贵州 汇川区 公安局 公安分局 政府信息公开 官方网站,https://www.mca.gov.cn/mzsj/xzqh/2025/202401xzqh.html,行政区划覆盖任务，不是已确认公安机构；区划变更及一对多机构关系须核实
police-520304,贵州,520304,播州区,county,police,pending_discovery,贵州 播州区 公安局 公安分局 政府信息公开 官方网站,https://www.mca.gov.cn/mzsj/xzqh/2025/202401xzqh.html,行政区划覆盖任务，不是已确认公安机构；区划变更及一对多机构关系须核实
police-520322,贵州,520322,桐梓县,county,police,pending_discovery,贵州 桐梓县 公安局 公安分局 政府信息公开 官方网站,https://www.mca.gov.cn/mzsj/xzqh/2025/202401xzqh.html,行政区划覆盖任务，不是已确认公安机构；区划变更及一对多机构关系须核实
police-520323,贵州,520323,绥阳县,county,police,pending_discovery,贵州 绥阳县 公安局 公安分局 政府信息公开 官方网站,https://www.mca.gov.cn/mzsj/xzqh/2025/202401xzqh.html,行政区划覆盖任务，不是已确认公安机构；区划变更及一对多机构关系须核实
police-520324,贵州,520324,正安县,county,police,pending_discovery,贵州 正安县 公安局 公安分局 政府信息公开 官方网站,https://www.mca.gov.cn/mzsj/xzqh/2025/202401xzqh.html,行政区划覆盖任务，不是已确认公安机构；区划变更及一对多机构关系须核实
police-520325,贵州,520325,道真仡佬族苗族自治县,county,police,pending_discovery,贵州 道真仡佬族苗族自治县 公安局 公安分局 政府信息公开 官方网站,https://www.mca.gov.cn/mzsj/xzqh/2025/202401xzqh.html,行政区划覆盖任务，不是已确认公安机构；区划变更及一对多机构关系须核实
police-520326,贵州,520326,务川仡佬族苗族自治县,county,police,pending_discovery,贵州 务川仡佬族苗族自治县 公安局 公安分局 政府信息公开 官方网站,https://www.mca.gov.cn/mzsj/xzqh/2025/202401xzqh.html,行政区划覆盖任务，不是已确认公安机构；区划变更及一对多机构关系须核实
police-520327,贵州,520327,凤冈县,county,police,pending_discovery,贵州 凤冈县 公安局 公安分局 政府信息公开 官方网站,https://www.mca.gov.cn/mzsj/xzqh/2025/202401xzqh.html,行政区划覆盖任务，不是已确认公安机构；区划变更及一对多机构关系须核实
police-520328,贵州,520328,湄潭县,county,police,pending_discovery,贵州 湄潭县 公安局 公安分局 政府信息公开 官方网站,https://www.mca.gov.cn/mzsj/xzqh/2025/202401xzqh.html,行政区划覆盖任务，不是已确认公安机构；区划变更及一对多机构关系须核实
police-520329,贵州,520329,余庆县,county,police,pending_discovery,贵州 余庆县 公安局 公安分局 政府信息公开 官方网站,https://www.mca.gov.cn/mzsj/xzqh/2025/202401xzqh.html,行政区划覆盖任务，不是已确认公安机构；区划变更及一对多机构关系须核实
police-520330,贵州,520330,习水县,county,police,pending_discovery,贵州 习水县 公安局 公安分局 政府信息公开 官方网站,https://www.mca.gov.cn/mzsj/xzqh/2025/202401xzqh.html,行政区划覆盖任务，不是已确认公安机构；区划变更及一对多机构关系须核实
police-520381,贵州,520381,赤水市,county,police,pending_discovery,贵州 赤水市 公安局 公安分局 政府信息公开 官方网站,https://www.mca.gov.cn/mzsj/xzqh/2025/202401xzqh.html,行政区划覆盖任务，不是已确认公安机构；区划变更及一对多机构关系须核实
police-520382,贵州,520382,仁怀市,county,police,pending_discovery,贵州 仁怀市 公安局 公安分局 政府信息公开 官方网站,https://www.mca.gov.cn/mzsj/xzqh/2025/202401xzqh.html,行政区划覆盖任务，不是已确认公安机构；区划变更及一对多机构关系须核实
police-520400,贵州,520400,安顺市,prefecture,police,pending_discovery,贵州 安顺市 公安局 公安分局 政府信息公开 官方网站,https://www.mca.gov.cn/mzsj/xzqh/2025/202401xzqh.html,行政区划覆盖任务，不是已确认公安机构；区划变更及一对多机构关系须核实
police-520402,贵州,520402,西秀区,county,police,pending_discovery,贵州 西秀区 公安局 公安分局 政府信息公开 官方网站,https://www.mca.gov.cn/mzsj/xzqh/2025/202401xzqh.html,行政区划覆盖任务，不是已确认公安机构；区划变更及一对多机构关系须核实
police-520403,贵州,520403,平坝区,county,police,pending_discovery,贵州 平坝区 公安局 公安分局 政府信息公开 官方网站,https://www.mca.gov.cn/mzsj/xzqh/2025/202401xzqh.html,行政区划覆盖任务，不是已确认公安机构；区划变更及一对多机构关系须核实
police-520422,贵州,520422,普定县,county,police,pending_discovery,贵州 普定县 公安局 公安分局 政府信息公开 官方网站,https://www.mca.gov.cn/mzsj/xzqh/2025/202401xzqh.html,行政区划覆盖任务，不是已确认公安机构；区划变更及一对多机构关系须核实
police-520423,贵州,520423,镇宁布依族苗族自治县,county,police,pending_discovery,贵州 镇宁布依族苗族自治县 公安局 公安分局 政府信息公开 官方网站,https://www.mca.gov.cn/mzsj/xzqh/2025/202401xzqh.html,行政区划覆盖任务，不是已确认公安机构；区划变更及一对多机构关系须核实
police-520424,贵州,520424,关岭布依族苗族自治县,county,police,pending_discovery,贵州 关岭布依族苗族自治县 公安局 公安分局 政府信息公开 官方网站,https://www.mca.gov.cn/mzsj/xzqh/2025/202401xzqh.html,行政区划覆盖任务，不是已确认公安机构；区划变更及一对多机构关系须核实
police-520425,贵州,520425,紫云苗族布依族自治县,county,police,pending_discovery,贵州 紫云苗族布依族自治县 公安局 公安分局 政府信息公开 官方网站,https://www.mca.gov.cn/mzsj/xzqh/2025/202401xzqh.html,行政区划覆盖任务，不是已确认公安机构；区划变更及一对多机构关系须核实
police-520500,贵州,520500,毕节市,prefecture,police,pending_discovery,贵州 毕节市 公安局 公安分局 政府信息公开 官方网站,https://www.mca.gov.cn/mzsj/xzqh/2025/202401xzqh.html,行政区划覆盖任务，不是已确认公安机构；区划变更及一对多机构关系须核实
police-520502,贵州,520502,七星关区,county,police,pending_discovery,贵州 七星关区 公安局 公安分局 政府信息公开 官方网站,https://www.mca.gov.cn/mzsj/xzqh/2025/202401xzqh.html,行政区划覆盖任务，不是已确认公安机构；区划变更及一对多机构关系须核实
police-520521,贵州,520521,大方县,county,police,pending_discovery,贵州 大方县 公安局 公安分局 政府信息公开 官方网站,https://www.mca.gov.cn/mzsj/xzqh/2025/202401xzqh.html,行政区划覆盖任务，不是已确认公安机构；区划变更及一对多机构关系须核实
police-520523,贵州,520523,金沙县,county,police,pending_discovery,贵州 金沙县 公安局 公安分局 政府信息公开 官方网站,https://www.mca.gov.cn/mzsj/xzqh/2025/202401xzqh.html,行政区划覆盖任务，不是已确认公安机构；区划变更及一对多机构关系须核实
police-520524,贵州,520524,织金县,county,police,pending_discovery,贵州 织金县 公安局 公安分局 政府信息公开 官方网站,https://www.mca.gov.cn/mzsj/xzqh/2025/202401xzqh.html,行政区划覆盖任务，不是已确认公安机构；区划变更及一对多机构关系须核实
police-520525,贵州,520525,纳雍县,county,police,pending_discovery,贵州 纳雍县 公安局 公安分局 政府信息公开 官方网站,https://www.mca.gov.cn/mzsj/xzqh/2025/202401xzqh.html,行政区划覆盖任务，不是已确认公安机构；区划变更及一对多机构关系须核实
police-520526,贵州,520526,威宁彝族回族苗族自治县,county,police,pending_discovery,贵州 威宁彝族回族苗族自治县 公安局 公安分局 政府信息公开 官方网站,https://www.mca.gov.cn/mzsj/xzqh/2025/202401xzqh.html,行政区划覆盖任务，不是已确认公安机构；区划变更及一对多机构关系须核实
police-520527,贵州,520527,赫章县,county,police,pending_discovery,贵州 赫章县 公安局 公安分局 政府信息公开 官方网站,https://www.mca.gov.cn/mzsj/xzqh/2025/202401xzqh.html,行政区划覆盖任务，不是已确认公安机构；区划变更及一对多机构关系须核实
police-520581,贵州,520581,黔西市,county,police,pending_discovery,贵州 黔西市 公安局 公安分局 政府信息公开 官方网站,https://www.mca.gov.cn/mzsj/xzqh/2025/202401xzqh.html,行政区划覆盖任务，不是已确认公安机构；区划变更及一对多机构关系须核实
police-520600,贵州,520600,铜仁市,prefecture,police,pending_discovery,贵州 铜仁市 公安局 公安分局 政府信息公开 官方网站,https://www.mca.gov.cn/mzsj/xzqh/2025/202401xzqh.html,行政区划覆盖任务，不是已确认公安机构；区划变更及一对多机构关系须核实
police-520602,贵州,520602,碧江区,county,police,pending_discovery,贵州 碧江区 公安局 公安分局 政府信息公开 官方网站,https://www.mca.gov.cn/mzsj/xzqh/2025/202401xzqh.html,行政区划覆盖任务，不是已确认公安机构；区划变更及一对多机构关系须核实
police-520603,贵州,520603,万山区,county,police,pending_discovery,贵州 万山区 公安局 公安分局 政府信息公开 官方网站,https://www.mca.gov.cn/mzsj/xzqh/2025/202401xzqh.html,行政区划覆盖任务，不是已确认公安机构；区划变更及一对多机构关系须核实
police-520621,贵州,520621,江口县,county,police,pending_discovery,贵州 江口县 公安局 公安分局 政府信息公开 官方网站,https://www.mca.gov.cn/mzsj/xzqh/2025/202401xzqh.html,行政区划覆盖任务，不是已确认公安机构；区划变更及一对多机构关系须核实
police-520622,贵州,520622,玉屏侗族自治县,county,police,pending_discovery,贵州 玉屏侗族自治县 公安局 公安分局 政府信息公开 官方网站,https://www.mca.gov.cn/mzsj/xzqh/2025/202401xzqh.html,行政区划覆盖任务，不是已确认公安机构；区划变更及一对多机构关系须核实
police-520623,贵州,520623,石阡县,county,police,pending_discovery,贵州 石阡县 公安局 公安分局 政府信息公开 官方网站,https://www.mca.gov.cn/mzsj/xzqh/2025/202401xzqh.html,行政区划覆盖任务，不是已确认公安机构；区划变更及一对多机构关系须核实
police-520624,贵州,520624,思南县,county,police,pending_discovery,贵州 思南县 公安局 公安分局 政府信息公开 官方网站,https://www.mca.gov.cn/mzsj/xzqh/2025/202401xzqh.html,行政区划覆盖任务，不是已确认公安机构；区划变更及一对多机构关系须核实
police-520625,贵州,520625,印江土家族苗族自治县,county,police,pending_discovery,贵州 印江土家族苗族自治县 公安局 公安分局 政府信息公开 官方网站,https://www.mca.gov.cn/mzsj/xzqh/2025/202401xzqh.html,行政区划覆盖任务，不是已确认公安机构；区划变更及一对多机构关系须核实
police-520626,贵州,520626,德江县,county,police,pending_discovery,贵州 德江县 公安局 公安分局 政府信息公开 官方网站,https://www.mca.gov.cn/mzsj/xzqh/2025/202401xzqh.html,行政区划覆盖任务，不是已确认公安机构；区划变更及一对多机构关系须核实
police-520627,贵州,520627,沿河土家族自治县,county,police,pending_discovery,贵州 沿河土家族自治县 公安局 公安分局 政府信息公开 官方网站,https://www.mca.gov.cn/mzsj/xzqh/2025/202401xzqh.html,行政区划覆盖任务，不是已确认公安机构；区划变更及一对多机构关系须核实
police-520628,贵州,520628,松桃苗族自治县,county,police,pending_discovery,贵州 松桃苗族自治县 公安局 公安分局 政府信息公开 官方网站,https://www.mca.gov.cn/mzsj/xzqh/2025/202401xzqh.html,行政区划覆盖任务，不是已确认公安机构；区划变更及一对多机构关系须核实
police-522300,贵州,522300,黔西南布依族苗族自治州,prefecture,police,pending_discovery,贵州 黔西南布依族苗族自治州 公安局 公安分局 政府信息公开 官方网站,https://www.mca.gov.cn/mzsj/xzqh/2025/202401xzqh.html,行政区划覆盖任务，不是已确认公安机构；区划变更及一对多机构关系须核实
police-522301,贵州,522301,兴义市,county,police,pending_discovery,贵州 兴义市 公安局 公安分局 政府信息公开 官方网站,https://www.mca.gov.cn/mzsj/xzqh/2025/202401xzqh.html,行政区划覆盖任务，不是已确认公安机构；区划变更及一对多机构关系须核实
police-522302,贵州,522302,兴仁市,county,police,pending_discovery,贵州 兴仁市 公安局 公安分局 政府信息公开 官方网站,https://www.mca.gov.cn/mzsj/xzqh/2025/202401xzqh.html,行政区划覆盖任务，不是已确认公安机构；区划变更及一对多机构关系须核实
police-522323,贵州,522323,普安县,county,police,pending_discovery,贵州 普安县 公安局 公安分局 政府信息公开 官方网站,https://www.mca.gov.cn/mzsj/xzqh/2025/202401xzqh.html,行政区划覆盖任务，不是已确认公安机构；区划变更及一对多机构关系须核实
police-522324,贵州,522324,晴隆县,county,police,pending_discovery,贵州 晴隆县 公安局 公安分局 政府信息公开 官方网站,https://www.mca.gov.cn/mzsj/xzqh/2025/202401xzqh.html,行政区划覆盖任务，不是已确认公安机构；区划变更及一对多机构关系须核实
police-522325,贵州,522325,贞丰县,county,police,pending_discovery,贵州 贞丰县 公安局 公安分局 政府信息公开 官方网站,https://www.mca.gov.cn/mzsj/xzqh/2025/202401xzqh.html,行政区划覆盖任务，不是已确认公安机构；区划变更及一对多机构关系须核实
police-522326,贵州,522326,望谟县,county,police,pending_discovery,贵州 望谟县 公安局 公安分局 政府信息公开 官方网站,https://www.mca.gov.cn/mzsj/xzqh/2025/202401xzqh.html,行政区划覆盖任务，不是已确认公安机构；区划变更及一对多机构关系须核实
police-522327,贵州,522327,册亨县,county,police,pending_discovery,贵州 册亨县 公安局 公安分局 政府信息公开 官方网站,https://www.mca.gov.cn/mzsj/xzqh/2025/202401xzqh.html,行政区划覆盖任务，不是已确认公安机构；区划变更及一对多机构关系须核实
police-522328,贵州,522328,安龙县,county,police,pending_discovery,贵州 安龙县 公安局 公安分局 政府信息公开 官方网站,https://www.mca.gov.cn/mzsj/xzqh/2025/202401xzqh.html,行政区划覆盖任务，不是已确认公安机构；区划变更及一对多机构关系须核实
police-522600,贵州,522600,黔东南苗族侗族自治州,prefecture,police,pending_discovery,贵州 黔东南苗族侗族自治州 公安局 公安分局 政府信息公开 官方网站,https://www.mca.gov.cn/mzsj/xzqh/2025/202401xzqh.html,行政区划覆盖任务，不是已确认公安机构；区划变更及一对多机构关系须核实
police-522601,贵州,522601,凯里市,county,police,pending_discovery,贵州 凯里市 公安局 公安分局 政府信息公开 官方网站,https://www.mca.gov.cn/mzsj/xzqh/2025/202401xzqh.html,行政区划覆盖任务，不是已确认公安机构；区划变更及一对多机构关系须核实
police-522622,贵州,522622,黄平县,county,police,pending_discovery,贵州 黄平县 公安局 公安分局 政府信息公开 官方网站,https://www.mca.gov.cn/mzsj/xzqh/2025/202401xzqh.html,行政区划覆盖任务，不是已确认公安机构；区划变更及一对多机构关系须核实
police-522623,贵州,522623,施秉县,county,police,pending_discovery,贵州 施秉县 公安局 公安分局 政府信息公开 官方网站,https://www.mca.gov.cn/mzsj/xzqh/2025/202401xzqh.html,行政区划覆盖任务，不是已确认公安机构；区划变更及一对多机构关系须核实
police-522624,贵州,522624,三穗县,county,police,pending_discovery,贵州 三穗县 公安局 公安分局 政府信息公开 官方网站,https://www.mca.gov.cn/mzsj/xzqh/2025/202401xzqh.html,行政区划覆盖任务，不是已确认公安机构；区划变更及一对多机构关系须核实
police-522625,贵州,522625,镇远县,county,police,pending_discovery,贵州 镇远县 公安局 公安分局 政府信息公开 官方网站,https://www.mca.gov.cn/mzsj/xzqh/2025/202401xzqh.html,行政区划覆盖任务，不是已确认公安机构；区划变更及一对多机构关系须核实
police-522626,贵州,522626,岑巩县,county,police,pending_discovery,贵州 岑巩县 公安局 公安分局 政府信息公开 官方网站,https://www.mca.gov.cn/mzsj/xzqh/2025/202401xzqh.html,行政区划覆盖任务，不是已确认公安机构；区划变更及一对多机构关系须核实
police-522627,贵州,522627,天柱县,county,police,pending_discovery,贵州 天柱县 公安局 公安分局 政府信息公开 官方网站,https://www.mca.gov.cn/mzsj/xzqh/2025/202401xzqh.html,行政区划覆盖任务，不是已确认公安机构；区划变更及一对多机构关系须核实
police-522628,贵州,522628,锦屏县,county,police,pending_discovery,贵州 锦屏县 公安局 公安分局 政府信息公开 官方网站,https://www.mca.gov.cn/mzsj/xzqh/2025/202401xzqh.html,行政区划覆盖任务，不是已确认公安机构；区划变更及一对多机构关系须核实
police-522629,贵州,522629,剑河县,county,police,pending_discovery,贵州 剑河县 公安局 公安分局 政府信息公开 官方网站,https://www.mca.gov.cn/mzsj/xzqh/2025/202401xzqh.html,行政区划覆盖任务，不是已确认公安机构；区划变更及一对多机构关系须核实
police-522630,贵州,522630,台江县,county,police,pending_discovery,贵州 台江县 公安局 公安分局 政府信息公开 官方网站,https://www.mca.gov.cn/mzsj/xzqh/2025/202401xzqh.html,行政区划覆盖任务，不是已确认公安机构；区划变更及一对多机构关系须核实
police-522631,贵州,522631,黎平县,county,police,pending_discovery,贵州 黎平县 公安局 公安分局 政府信息公开 官方网站,https://www.mca.gov.cn/mzsj/xzqh/2025/202401xzqh.html,行政区划覆盖任务，不是已确认公安机构；区划变更及一对多机构关系须核实
police-522632,贵州,522632,榕江县,county,police,pending_discovery,贵州 榕江县 公安局 公安分局 政府信息公开 官方网站,https://www.mca.gov.cn/mzsj/xzqh/2025/202401xzqh.html,行政区划覆盖任务，不是已确认公安机构；区划变更及一对多机构关系须核实
police-522633,贵州,522633,从江县,county,police,pending_discovery,贵州 从江县 公安局 公安分局 政府信息公开 官方网站,https://www.mca.gov.cn/mzsj/xzqh/2025/202401xzqh.html,行政区划覆盖任务，不是已确认公安机构；区划变更及一对多机构关系须核实
police-522634,贵州,522634,雷山县,county,police,pending_discovery,贵州 雷山县 公安局 公安分局 政府信息公开 官方网站,https://www.mca.gov.cn/mzsj/xzqh/2025/202401xzqh.html,行政区划覆盖任务，不是已确认公安机构；区划变更及一对多机构关系须核实
police-522635,贵州,522635,麻江县,county,police,pending_discovery,贵州 麻江县 公安局 公安分局 政府信息公开 官方网站,https://www.mca.gov.cn/mzsj/xzqh/2025/202401xzqh.html,行政区划覆盖任务，不是已确认公安机构；区划变更及一对多机构关系须核实
police-522636,贵州,522636,丹寨县,county,police,pending_discovery,贵州 丹寨县 公安局 公安分局 政府信息公开 官方网站,https://www.mca.gov.cn/mzsj/xzqh/2025/202401xzqh.html,行政区划覆盖任务，不是已确认公安机构；区划变更及一对多机构关系须核实
police-522700,贵州,522700,黔南布依族苗族自治州,prefecture,police,pending_discovery,贵州 黔南布依族苗族自治州 公安局 公安分局 政府信息公开 官方网站,https://www.mca.gov.cn/mzsj/xzqh/2025/202401xzqh.html,行政区划覆盖任务，不是已确认公安机构；区划变更及一对多机构关系须核实
police-522701,贵州,522701,都匀市,county,police,pending_discovery,贵州 都匀市 公安局 公安分局 政府信息公开 官方网站,https://www.mca.gov.cn/mzsj/xzqh/2025/202401xzqh.html,行政区划覆盖任务，不是已确认公安机构；区划变更及一对多机构关系须核实
police-522702,贵州,522702,福泉市,county,police,pending_discovery,贵州 福泉市 公安局 公安分局 政府信息公开 官方网站,https://www.mca.gov.cn/mzsj/xzqh/2025/202401xzqh.html,行政区划覆盖任务，不是已确认公安机构；区划变更及一对多机构关系须核实
police-522722,贵州,522722,荔波县,county,police,pending_discovery,贵州 荔波县 公安局 公安分局 政府信息公开 官方网站,https://www.mca.gov.cn/mzsj/xzqh/2025/202401xzqh.html,行政区划覆盖任务，不是已确认公安机构；区划变更及一对多机构关系须核实
police-522723,贵州,522723,贵定县,county,police,pending_discovery,贵州 贵定县 公安局 公安分局 政府信息公开 官方网站,https://www.mca.gov.cn/mzsj/xzqh/2025/202401xzqh.html,行政区划覆盖任务，不是已确认公安机构；区划变更及一对多机构关系须核实
police-522725,贵州,522725,瓮安县,county,police,pending_discovery,贵州 瓮安县 公安局 公安分局 政府信息公开 官方网站,https://www.mca.gov.cn/mzsj/xzqh/2025/202401xzqh.html,行政区划覆盖任务，不是已确认公安机构；区划变更及一对多机构关系须核实
police-522726,贵州,522726,独山县,county,police,pending_discovery,贵州 独山县 公安局 公安分局 政府信息公开 官方网站,https://www.mca.gov.cn/mzsj/xzqh/2025/202401xzqh.html,行政区划覆盖任务，不是已确认公安机构；区划变更及一对多机构关系须核实
police-522727,贵州,522727,平塘县,county,police,pending_discovery,贵州 平塘县 公安局 公安分局 政府信息公开 官方网站,https://www.mca.gov.cn/mzsj/xzqh/2025/202401xzqh.html,行政区划覆盖任务，不是已确认公安机构；区划变更及一对多机构关系须核实
police-522728,贵州,522728,罗甸县,county,police,pending_discovery,贵州 罗甸县 公安局 公安分局 政府信息公开 官方网站,https://www.mca.gov.cn/mzsj/xzqh/2025/202401xzqh.html,行政区划覆盖任务，不是已确认公安机构；区划变更及一对多机构关系须核实
police-522729,贵州,522729,长顺县,county,police,pending_discovery,贵州 长顺县 公安局 公安分局 政府信息公开 官方网站,https://www.mca.gov.cn/mzsj/xzqh/2025/202401xzqh.html,行政区划覆盖任务，不是已确认公安机构；区划变更及一对多机构关系须核实
police-522730,贵州,522730,龙里县,county,police,pending_discovery,贵州 龙里县 公安局 公安分局 政府信息公开 官方网站,https://www.mca.gov.cn/mzsj/xzqh/2025/202401xzqh.html,行政区划覆盖任务，不是已确认公安机构；区划变更及一对多机构关系须核实
police-522731,贵州,522731,惠水县,county,police,pending_discovery,贵州 惠水县 公安局 公安分局 政府信息公开 官方网站,https://www.mca.gov.cn/mzsj/xzqh/2025/202401xzqh.html,行政区划覆盖任务，不是已确认公安机构；区划变更及一对多机构关系须核实
police-522732,贵州,522732,三都水族自治县,county,police,pending_discovery,贵州 三都水族自治县 公安局 公安分局 政府信息公开 官方网站,https://www.mca.gov.cn/mzsj/xzqh/2025/202401xzqh.html,行政区划覆盖任务，不是已确认公安机构；区划变更及一对多机构关系须核实
police-530000,云南,530000,云南省,province,police,pending_discovery,云南 云南省 公安局 公安分局 政府信息公开 官方网站,https://www.mca.gov.cn/mzsj/xzqh/2025/202401xzqh.html,行政区划覆盖任务，不是已确认公安机构；区划变更及一对多机构关系须核实
police-530100,云南,530100,昆明市,prefecture,police,pending_discovery,云南 昆明市 公安局 公安分局 政府信息公开 官方网站,https://www.mca.gov.cn/mzsj/xzqh/2025/202401xzqh.html,行政区划覆盖任务，不是已确认公安机构；区划变更及一对多机构关系须核实
police-530102,云南,530102,五华区,county,police,pending_discovery,云南 五华区 公安局 公安分局 政府信息公开 官方网站,https://www.mca.gov.cn/mzsj/xzqh/2025/202401xzqh.html,行政区划覆盖任务，不是已确认公安机构；区划变更及一对多机构关系须核实
police-530103,云南,530103,盘龙区,county,police,pending_discovery,云南 盘龙区 公安局 公安分局 政府信息公开 官方网站,https://www.mca.gov.cn/mzsj/xzqh/2025/202401xzqh.html,行政区划覆盖任务，不是已确认公安机构；区划变更及一对多机构关系须核实
police-530111,云南,530111,官渡区,county,police,pending_discovery,云南 官渡区 公安局 公安分局 政府信息公开 官方网站,https://www.mca.gov.cn/mzsj/xzqh/2025/202401xzqh.html,行政区划覆盖任务，不是已确认公安机构；区划变更及一对多机构关系须核实
police-530112,云南,530112,西山区,county,police,pending_discovery,云南 西山区 公安局 公安分局 政府信息公开 官方网站,https://www.mca.gov.cn/mzsj/xzqh/2025/202401xzqh.html,行政区划覆盖任务，不是已确认公安机构；区划变更及一对多机构关系须核实
police-530113,云南,530113,东川区,county,police,pending_discovery,云南 东川区 公安局 公安分局 政府信息公开 官方网站,https://www.mca.gov.cn/mzsj/xzqh/2025/202401xzqh.html,行政区划覆盖任务，不是已确认公安机构；区划变更及一对多机构关系须核实
police-530114,云南,530114,呈贡区,county,police,pending_discovery,云南 呈贡区 公安局 公安分局 政府信息公开 官方网站,https://www.mca.gov.cn/mzsj/xzqh/2025/202401xzqh.html,行政区划覆盖任务，不是已确认公安机构；区划变更及一对多机构关系须核实
police-530115,云南,530115,晋宁区,county,police,pending_discovery,云南 晋宁区 公安局 公安分局 政府信息公开 官方网站,https://www.mca.gov.cn/mzsj/xzqh/2025/202401xzqh.html,行政区划覆盖任务，不是已确认公安机构；区划变更及一对多机构关系须核实
police-530124,云南,530124,富民县,county,police,pending_discovery,云南 富民县 公安局 公安分局 政府信息公开 官方网站,https://www.mca.gov.cn/mzsj/xzqh/2025/202401xzqh.html,行政区划覆盖任务，不是已确认公安机构；区划变更及一对多机构关系须核实
police-530125,云南,530125,宜良县,county,police,pending_discovery,云南 宜良县 公安局 公安分局 政府信息公开 官方网站,https://www.mca.gov.cn/mzsj/xzqh/2025/202401xzqh.html,行政区划覆盖任务，不是已确认公安机构；区划变更及一对多机构关系须核实
police-530126,云南,530126,石林彝族自治县,county,police,pending_discovery,云南 石林彝族自治县 公安局 公安分局 政府信息公开 官方网站,https://www.mca.gov.cn/mzsj/xzqh/2025/202401xzqh.html,行政区划覆盖任务，不是已确认公安机构；区划变更及一对多机构关系须核实
police-530127,云南,530127,嵩明县,county,police,pending_discovery,云南 嵩明县 公安局 公安分局 政府信息公开 官方网站,https://www.mca.gov.cn/mzsj/xzqh/2025/202401xzqh.html,行政区划覆盖任务，不是已确认公安机构；区划变更及一对多机构关系须核实
police-530128,云南,530128,禄劝彝族苗族自治县,county,police,pending_discovery,云南 禄劝彝族苗族自治县 公安局 公安分局 政府信息公开 官方网站,https://www.mca.gov.cn/mzsj/xzqh/2025/202401xzqh.html,行政区划覆盖任务，不是已确认公安机构；区划变更及一对多机构关系须核实
police-530129,云南,530129,寻甸回族彝族自治县,county,police,pending_discovery,云南 寻甸回族彝族自治县 公安局 公安分局 政府信息公开 官方网站,https://www.mca.gov.cn/mzsj/xzqh/2025/202401xzqh.html,行政区划覆盖任务，不是已确认公安机构；区划变更及一对多机构关系须核实
police-530181,云南,530181,安宁市,county,police,pending_discovery,云南 安宁市 公安局 公安分局 政府信息公开 官方网站,https://www.mca.gov.cn/mzsj/xzqh/2025/202401xzqh.html,行政区划覆盖任务，不是已确认公安机构；区划变更及一对多机构关系须核实
police-530300,云南,530300,曲靖市,prefecture,police,pending_discovery,云南 曲靖市 公安局 公安分局 政府信息公开 官方网站,https://www.mca.gov.cn/mzsj/xzqh/2025/202401xzqh.html,行政区划覆盖任务，不是已确认公安机构；区划变更及一对多机构关系须核实
police-530302,云南,530302,麒麟区,county,police,pending_discovery,云南 麒麟区 公安局 公安分局 政府信息公开 官方网站,https://www.mca.gov.cn/mzsj/xzqh/2025/202401xzqh.html,行政区划覆盖任务，不是已确认公安机构；区划变更及一对多机构关系须核实
police-530303,云南,530303,沾益区,county,police,pending_discovery,云南 沾益区 公安局 公安分局 政府信息公开 官方网站,https://www.mca.gov.cn/mzsj/xzqh/2025/202401xzqh.html,行政区划覆盖任务，不是已确认公安机构；区划变更及一对多机构关系须核实
police-530304,云南,530304,马龙区,county,police,pending_discovery,云南 马龙区 公安局 公安分局 政府信息公开 官方网站,https://www.mca.gov.cn/mzsj/xzqh/2025/202401xzqh.html,行政区划覆盖任务，不是已确认公安机构；区划变更及一对多机构关系须核实
police-530322,云南,530322,陆良县,county,police,pending_discovery,云南 陆良县 公安局 公安分局 政府信息公开 官方网站,https://www.mca.gov.cn/mzsj/xzqh/2025/202401xzqh.html,行政区划覆盖任务，不是已确认公安机构；区划变更及一对多机构关系须核实
police-530323,云南,530323,师宗县,county,police,pending_discovery,云南 师宗县 公安局 公安分局 政府信息公开 官方网站,https://www.mca.gov.cn/mzsj/xzqh/2025/202401xzqh.html,行政区划覆盖任务，不是已确认公安机构；区划变更及一对多机构关系须核实
police-530324,云南,530324,罗平县,county,police,pending_discovery,云南 罗平县 公安局 公安分局 政府信息公开 官方网站,https://www.mca.gov.cn/mzsj/xzqh/2025/202401xzqh.html,行政区划覆盖任务，不是已确认公安机构；区划变更及一对多机构关系须核实
police-530325,云南,530325,富源县,county,police,pending_discovery,云南 富源县 公安局 公安分局 政府信息公开 官方网站,https://www.mca.gov.cn/mzsj/xzqh/2025/202401xzqh.html,行政区划覆盖任务，不是已确认公安机构；区划变更及一对多机构关系须核实
police-530326,云南,530326,会泽县,county,police,pending_discovery,云南 会泽县 公安局 公安分局 政府信息公开 官方网站,https://www.mca.gov.cn/mzsj/xzqh/2025/202401xzqh.html,行政区划覆盖任务，不是已确认公安机构；区划变更及一对多机构关系须核实
police-530381,云南,530381,宣威市,county,police,pending_discovery,云南 宣威市 公安局 公安分局 政府信息公开 官方网站,https://www.mca.gov.cn/mzsj/xzqh/2025/202401xzqh.html,行政区划覆盖任务，不是已确认公安机构；区划变更及一对多机构关系须核实
police-530400,云南,530400,玉溪市,prefecture,police,pending_discovery,云南 玉溪市 公安局 公安分局 政府信息公开 官方网站,https://www.mca.gov.cn/mzsj/xzqh/2025/202401xzqh.html,行政区划覆盖任务，不是已确认公安机构；区划变更及一对多机构关系须核实
police-530402,云南,530402,红塔区,county,police,pending_discovery,云南 红塔区 公安局 公安分局 政府信息公开 官方网站,https://www.mca.gov.cn/mzsj/xzqh/2025/202401xzqh.html,行政区划覆盖任务，不是已确认公安机构；区划变更及一对多机构关系须核实
police-530403,云南,530403,江川区,county,police,pending_discovery,云南 江川区 公安局 公安分局 政府信息公开 官方网站,https://www.mca.gov.cn/mzsj/xzqh/2025/202401xzqh.html,行政区划覆盖任务，不是已确认公安机构；区划变更及一对多机构关系须核实
police-530423,云南,530423,通海县,county,police,pending_discovery,云南 通海县 公安局 公安分局 政府信息公开 官方网站,https://www.mca.gov.cn/mzsj/xzqh/2025/202401xzqh.html,行政区划覆盖任务，不是已确认公安机构；区划变更及一对多机构关系须核实
police-530424,云南,530424,华宁县,county,police,pending_discovery,云南 华宁县 公安局 公安分局 政府信息公开 官方网站,https://www.mca.gov.cn/mzsj/xzqh/2025/202401xzqh.html,行政区划覆盖任务，不是已确认公安机构；区划变更及一对多机构关系须核实
police-530425,云南,530425,易门县,county,police,pending_discovery,云南 易门县 公安局 公安分局 政府信息公开 官方网站,https://www.mca.gov.cn/mzsj/xzqh/2025/202401xzqh.html,行政区划覆盖任务，不是已确认公安机构；区划变更及一对多机构关系须核实
police-530426,云南,530426,峨山彝族自治县,county,police,pending_discovery,云南 峨山彝族自治县 公安局 公安分局 政府信息公开 官方网站,https://www.mca.gov.cn/mzsj/xzqh/2025/202401xzqh.html,行政区划覆盖任务，不是已确认公安机构；区划变更及一对多机构关系须核实
police-530427,云南,530427,新平彝族傣族自治县,county,police,pending_discovery,云南 新平彝族傣族自治县 公安局 公安分局 政府信息公开 官方网站,https://www.mca.gov.cn/mzsj/xzqh/2025/202401xzqh.html,行政区划覆盖任务，不是已确认公安机构；区划变更及一对多机构关系须核实
police-530428,云南,530428,元江哈尼族彝族傣族自治县,county,police,pending_discovery,云南 元江哈尼族彝族傣族自治县 公安局 公安分局 政府信息公开 官方网站,https://www.mca.gov.cn/mzsj/xzqh/2025/202401xzqh.html,行政区划覆盖任务，不是已确认公安机构；区划变更及一对多机构关系须核实
police-530481,云南,530481,澄江市,county,police,pending_discovery,云南 澄江市 公安局 公安分局 政府信息公开 官方网站,https://www.mca.gov.cn/mzsj/xzqh/2025/202401xzqh.html,行政区划覆盖任务，不是已确认公安机构；区划变更及一对多机构关系须核实
police-530500,云南,530500,保山市,prefecture,police,pending_discovery,云南 保山市 公安局 公安分局 政府信息公开 官方网站,https://www.mca.gov.cn/mzsj/xzqh/2025/202401xzqh.html,行政区划覆盖任务，不是已确认公安机构；区划变更及一对多机构关系须核实
police-530502,云南,530502,隆阳区,county,police,pending_discovery,云南 隆阳区 公安局 公安分局 政府信息公开 官方网站,https://www.mca.gov.cn/mzsj/xzqh/2025/202401xzqh.html,行政区划覆盖任务，不是已确认公安机构；区划变更及一对多机构关系须核实
police-530521,云南,530521,施甸县,county,police,pending_discovery,云南 施甸县 公安局 公安分局 政府信息公开 官方网站,https://www.mca.gov.cn/mzsj/xzqh/2025/202401xzqh.html,行政区划覆盖任务，不是已确认公安机构；区划变更及一对多机构关系须核实
police-530523,云南,530523,龙陵县,county,police,pending_discovery,云南 龙陵县 公安局 公安分局 政府信息公开 官方网站,https://www.mca.gov.cn/mzsj/xzqh/2025/202401xzqh.html,行政区划覆盖任务，不是已确认公安机构；区划变更及一对多机构关系须核实
police-530524,云南,530524,昌宁县,county,police,pending_discovery,云南 昌宁县 公安局 公安分局 政府信息公开 官方网站,https://www.mca.gov.cn/mzsj/xzqh/2025/202401xzqh.html,行政区划覆盖任务，不是已确认公安机构；区划变更及一对多机构关系须核实
police-530581,云南,530581,腾冲市,county,police,pending_discovery,云南 腾冲市 公安局 公安分局 政府信息公开 官方网站,https://www.mca.gov.cn/mzsj/xzqh/2025/202401xzqh.html,行政区划覆盖任务，不是已确认公安机构；区划变更及一对多机构关系须核实
police-530600,云南,530600,昭通市,prefecture,police,pending_discovery,云南 昭通市 公安局 公安分局 政府信息公开 官方网站,https://www.mca.gov.cn/mzsj/xzqh/2025/202401xzqh.html,行政区划覆盖任务，不是已确认公安机构；区划变更及一对多机构关系须核实
police-530602,云南,530602,昭阳区,county,police,pending_discovery,云南 昭阳区 公安局 公安分局 政府信息公开 官方网站,https://www.mca.gov.cn/mzsj/xzqh/2025/202401xzqh.html,行政区划覆盖任务，不是已确认公安机构；区划变更及一对多机构关系须核实
police-530621,云南,530621,鲁甸县,county,police,pending_discovery,云南 鲁甸县 公安局 公安分局 政府信息公开 官方网站,https://www.mca.gov.cn/mzsj/xzqh/2025/202401xzqh.html,行政区划覆盖任务，不是已确认公安机构；区划变更及一对多机构关系须核实
police-530622,云南,530622,巧家县,county,police,pending_discovery,云南 巧家县 公安局 公安分局 政府信息公开 官方网站,https://www.mca.gov.cn/mzsj/xzqh/2025/202401xzqh.html,行政区划覆盖任务，不是已确认公安机构；区划变更及一对多机构关系须核实
police-530623,云南,530623,盐津县,county,police,pending_discovery,云南 盐津县 公安局 公安分局 政府信息公开 官方网站,https://www.mca.gov.cn/mzsj/xzqh/2025/202401xzqh.html,行政区划覆盖任务，不是已确认公安机构；区划变更及一对多机构关系须核实
police-530624,云南,530624,大关县,county,police,pending_discovery,云南 大关县 公安局 公安分局 政府信息公开 官方网站,https://www.mca.gov.cn/mzsj/xzqh/2025/202401xzqh.html,行政区划覆盖任务，不是已确认公安机构；区划变更及一对多机构关系须核实
police-530625,云南,530625,永善县,county,police,pending_discovery,云南 永善县 公安局 公安分局 政府信息公开 官方网站,https://www.mca.gov.cn/mzsj/xzqh/2025/202401xzqh.html,行政区划覆盖任务，不是已确认公安机构；区划变更及一对多机构关系须核实
police-530626,云南,530626,绥江县,county,police,pending_discovery,云南 绥江县 公安局 公安分局 政府信息公开 官方网站,https://www.mca.gov.cn/mzsj/xzqh/2025/202401xzqh.html,行政区划覆盖任务，不是已确认公安机构；区划变更及一对多机构关系须核实
police-530627,云南,530627,镇雄县,county,police,pending_discovery,云南 镇雄县 公安局 公安分局 政府信息公开 官方网站,https://www.mca.gov.cn/mzsj/xzqh/2025/202401xzqh.html,行政区划覆盖任务，不是已确认公安机构；区划变更及一对多机构关系须核实
police-530628,云南,530628,彝良县,county,police,pending_discovery,云南 彝良县 公安局 公安分局 政府信息公开 官方网站,https://www.mca.gov.cn/mzsj/xzqh/2025/202401xzqh.html,行政区划覆盖任务，不是已确认公安机构；区划变更及一对多机构关系须核实
police-530629,云南,530629,威信县,county,police,pending_discovery,云南 威信县 公安局 公安分局 政府信息公开 官方网站,https://www.mca.gov.cn/mzsj/xzqh/2025/202401xzqh.html,行政区划覆盖任务，不是已确认公安机构；区划变更及一对多机构关系须核实
police-530681,云南,530681,水富市,county,police,pending_discovery,云南 水富市 公安局 公安分局 政府信息公开 官方网站,https://www.mca.gov.cn/mzsj/xzqh/2025/202401xzqh.html,行政区划覆盖任务，不是已确认公安机构；区划变更及一对多机构关系须核实
police-530700,云南,530700,丽江市,prefecture,police,pending_discovery,云南 丽江市 公安局 公安分局 政府信息公开 官方网站,https://www.mca.gov.cn/mzsj/xzqh/2025/202401xzqh.html,行政区划覆盖任务，不是已确认公安机构；区划变更及一对多机构关系须核实
police-530702,云南,530702,古城区,county,police,pending_discovery,云南 古城区 公安局 公安分局 政府信息公开 官方网站,https://www.mca.gov.cn/mzsj/xzqh/2025/202401xzqh.html,行政区划覆盖任务，不是已确认公安机构；区划变更及一对多机构关系须核实
police-530721,云南,530721,玉龙纳西族自治县,county,police,pending_discovery,云南 玉龙纳西族自治县 公安局 公安分局 政府信息公开 官方网站,https://www.mca.gov.cn/mzsj/xzqh/2025/202401xzqh.html,行政区划覆盖任务，不是已确认公安机构；区划变更及一对多机构关系须核实
police-530722,云南,530722,永胜县,county,police,pending_discovery,云南 永胜县 公安局 公安分局 政府信息公开 官方网站,https://www.mca.gov.cn/mzsj/xzqh/2025/202401xzqh.html,行政区划覆盖任务，不是已确认公安机构；区划变更及一对多机构关系须核实
police-530723,云南,530723,华坪县,county,police,pending_discovery,云南 华坪县 公安局 公安分局 政府信息公开 官方网站,https://www.mca.gov.cn/mzsj/xzqh/2025/202401xzqh.html,行政区划覆盖任务，不是已确认公安机构；区划变更及一对多机构关系须核实
police-530724,云南,530724,宁蒗彝族自治县,county,police,pending_discovery,云南 宁蒗彝族自治县 公安局 公安分局 政府信息公开 官方网站,https://www.mca.gov.cn/mzsj/xzqh/2025/202401xzqh.html,行政区划覆盖任务，不是已确认公安机构；区划变更及一对多机构关系须核实
police-530800,云南,530800,普洱市,prefecture,police,pending_discovery,云南 普洱市 公安局 公安分局 政府信息公开 官方网站,https://www.mca.gov.cn/mzsj/xzqh/2025/202401xzqh.html,行政区划覆盖任务，不是已确认公安机构；区划变更及一对多机构关系须核实
police-530802,云南,530802,思茅区,county,police,pending_discovery,云南 思茅区 公安局 公安分局 政府信息公开 官方网站,https://www.mca.gov.cn/mzsj/xzqh/2025/202401xzqh.html,行政区划覆盖任务，不是已确认公安机构；区划变更及一对多机构关系须核实
police-530821,云南,530821,宁洱哈尼族彝族自治县,county,police,pending_discovery,云南 宁洱哈尼族彝族自治县 公安局 公安分局 政府信息公开 官方网站,https://www.mca.gov.cn/mzsj/xzqh/2025/202401xzqh.html,行政区划覆盖任务，不是已确认公安机构；区划变更及一对多机构关系须核实
police-530822,云南,530822,墨江哈尼族自治县,county,police,pending_discovery,云南 墨江哈尼族自治县 公安局 公安分局 政府信息公开 官方网站,https://www.mca.gov.cn/mzsj/xzqh/2025/202401xzqh.html,行政区划覆盖任务，不是已确认公安机构；区划变更及一对多机构关系须核实
police-530823,云南,530823,景东彝族自治县,county,police,pending_discovery,云南 景东彝族自治县 公安局 公安分局 政府信息公开 官方网站,https://www.mca.gov.cn/mzsj/xzqh/2025/202401xzqh.html,行政区划覆盖任务，不是已确认公安机构；区划变更及一对多机构关系须核实
police-530824,云南,530824,景谷傣族彝族自治县,county,police,pending_discovery,云南 景谷傣族彝族自治县 公安局 公安分局 政府信息公开 官方网站,https://www.mca.gov.cn/mzsj/xzqh/2025/202401xzqh.html,行政区划覆盖任务，不是已确认公安机构；区划变更及一对多机构关系须核实
police-530825,云南,530825,镇沅彝族哈尼族拉祜族自治县,county,police,pending_discovery,云南 镇沅彝族哈尼族拉祜族自治县 公安局 公安分局 政府信息公开 官方网站,https://www.mca.gov.cn/mzsj/xzqh/2025/202401xzqh.html,行政区划覆盖任务，不是已确认公安机构；区划变更及一对多机构关系须核实
police-530826,云南,530826,江城哈尼族彝族自治县,county,police,pending_discovery,云南 江城哈尼族彝族自治县 公安局 公安分局 政府信息公开 官方网站,https://www.mca.gov.cn/mzsj/xzqh/2025/202401xzqh.html,行政区划覆盖任务，不是已确认公安机构；区划变更及一对多机构关系须核实
police-530827,云南,530827,孟连傣族拉祜族佤族自治县,county,police,pending_discovery,云南 孟连傣族拉祜族佤族自治县 公安局 公安分局 政府信息公开 官方网站,https://www.mca.gov.cn/mzsj/xzqh/2025/202401xzqh.html,行政区划覆盖任务，不是已确认公安机构；区划变更及一对多机构关系须核实
police-530828,云南,530828,澜沧拉祜族自治县,county,police,pending_discovery,云南 澜沧拉祜族自治县 公安局 公安分局 政府信息公开 官方网站,https://www.mca.gov.cn/mzsj/xzqh/2025/202401xzqh.html,行政区划覆盖任务，不是已确认公安机构；区划变更及一对多机构关系须核实
police-530829,云南,530829,西盟佤族自治县,county,police,pending_discovery,云南 西盟佤族自治县 公安局 公安分局 政府信息公开 官方网站,https://www.mca.gov.cn/mzsj/xzqh/2025/202401xzqh.html,行政区划覆盖任务，不是已确认公安机构；区划变更及一对多机构关系须核实
police-530900,云南,530900,临沧市,prefecture,police,pending_discovery,云南 临沧市 公安局 公安分局 政府信息公开 官方网站,https://www.mca.gov.cn/mzsj/xzqh/2025/202401xzqh.html,行政区划覆盖任务，不是已确认公安机构；区划变更及一对多机构关系须核实
police-530902,云南,530902,临翔区,county,police,pending_discovery,云南 临翔区 公安局 公安分局 政府信息公开 官方网站,https://www.mca.gov.cn/mzsj/xzqh/2025/202401xzqh.html,行政区划覆盖任务，不是已确认公安机构；区划变更及一对多机构关系须核实
police-530921,云南,530921,凤庆县,county,police,pending_discovery,云南 凤庆县 公安局 公安分局 政府信息公开 官方网站,https://www.mca.gov.cn/mzsj/xzqh/2025/202401xzqh.html,行政区划覆盖任务，不是已确认公安机构；区划变更及一对多机构关系须核实
police-530922,云南,530922,云县,county,police,pending_discovery,云南 云县 公安局 公安分局 政府信息公开 官方网站,https://www.mca.gov.cn/mzsj/xzqh/2025/202401xzqh.html,行政区划覆盖任务，不是已确认公安机构；区划变更及一对多机构关系须核实
police-530923,云南,530923,永德县,county,police,pending_discovery,云南 永德县 公安局 公安分局 政府信息公开 官方网站,https://www.mca.gov.cn/mzsj/xzqh/2025/202401xzqh.html,行政区划覆盖任务，不是已确认公安机构；区划变更及一对多机构关系须核实
police-530924,云南,530924,镇康县,county,police,pending_discovery,云南 镇康县 公安局 公安分局 政府信息公开 官方网站,https://www.mca.gov.cn/mzsj/xzqh/2025/202401xzqh.html,行政区划覆盖任务，不是已确认公安机构；区划变更及一对多机构关系须核实
police-530925,云南,530925,双江拉祜族佤族布朗族傣族自治县,county,police,pending_discovery,云南 双江拉祜族佤族布朗族傣族自治县 公安局 公安分局 政府信息公开 官方网站,https://www.mca.gov.cn/mzsj/xzqh/2025/202401xzqh.html,行政区划覆盖任务，不是已确认公安机构；区划变更及一对多机构关系须核实
police-530926,云南,530926,耿马傣族佤族自治县,county,police,pending_discovery,云南 耿马傣族佤族自治县 公安局 公安分局 政府信息公开 官方网站,https://www.mca.gov.cn/mzsj/xzqh/2025/202401xzqh.html,行政区划覆盖任务，不是已确认公安机构；区划变更及一对多机构关系须核实
police-530927,云南,530927,沧源佤族自治县,county,police,pending_discovery,云南 沧源佤族自治县 公安局 公安分局 政府信息公开 官方网站,https://www.mca.gov.cn/mzsj/xzqh/2025/202401xzqh.html,行政区划覆盖任务，不是已确认公安机构；区划变更及一对多机构关系须核实
police-532300,云南,532300,楚雄彝族自治州,prefecture,police,pending_discovery,云南 楚雄彝族自治州 公安局 公安分局 政府信息公开 官方网站,https://www.mca.gov.cn/mzsj/xzqh/2025/202401xzqh.html,行政区划覆盖任务，不是已确认公安机构；区划变更及一对多机构关系须核实
police-532301,云南,532301,楚雄市,county,police,pending_discovery,云南 楚雄市 公安局 公安分局 政府信息公开 官方网站,https://www.mca.gov.cn/mzsj/xzqh/2025/202401xzqh.html,行政区划覆盖任务，不是已确认公安机构；区划变更及一对多机构关系须核实
police-532302,云南,532302,禄丰市,county,police,pending_discovery,云南 禄丰市 公安局 公安分局 政府信息公开 官方网站,https://www.mca.gov.cn/mzsj/xzqh/2025/202401xzqh.html,行政区划覆盖任务，不是已确认公安机构；区划变更及一对多机构关系须核实
police-532322,云南,532322,双柏县,county,police,pending_discovery,云南 双柏县 公安局 公安分局 政府信息公开 官方网站,https://www.mca.gov.cn/mzsj/xzqh/2025/202401xzqh.html,行政区划覆盖任务，不是已确认公安机构；区划变更及一对多机构关系须核实
police-532323,云南,532323,牟定县,county,police,pending_discovery,云南 牟定县 公安局 公安分局 政府信息公开 官方网站,https://www.mca.gov.cn/mzsj/xzqh/2025/202401xzqh.html,行政区划覆盖任务，不是已确认公安机构；区划变更及一对多机构关系须核实
police-532324,云南,532324,南华县,county,police,pending_discovery,云南 南华县 公安局 公安分局 政府信息公开 官方网站,https://www.mca.gov.cn/mzsj/xzqh/2025/202401xzqh.html,行政区划覆盖任务，不是已确认公安机构；区划变更及一对多机构关系须核实
police-532325,云南,532325,姚安县,county,police,pending_discovery,云南 姚安县 公安局 公安分局 政府信息公开 官方网站,https://www.mca.gov.cn/mzsj/xzqh/2025/202401xzqh.html,行政区划覆盖任务，不是已确认公安机构；区划变更及一对多机构关系须核实
police-532326,云南,532326,大姚县,county,police,pending_discovery,云南 大姚县 公安局 公安分局 政府信息公开 官方网站,https://www.mca.gov.cn/mzsj/xzqh/2025/202401xzqh.html,行政区划覆盖任务，不是已确认公安机构；区划变更及一对多机构关系须核实
police-532327,云南,532327,永仁县,county,police,pending_discovery,云南 永仁县 公安局 公安分局 政府信息公开 官方网站,https://www.mca.gov.cn/mzsj/xzqh/2025/202401xzqh.html,行政区划覆盖任务，不是已确认公安机构；区划变更及一对多机构关系须核实
police-532328,云南,532328,元谋县,county,police,pending_discovery,云南 元谋县 公安局 公安分局 政府信息公开 官方网站,https://www.mca.gov.cn/mzsj/xzqh/2025/202401xzqh.html,行政区划覆盖任务，不是已确认公安机构；区划变更及一对多机构关系须核实
police-532329,云南,532329,武定县,county,police,pending_discovery,云南 武定县 公安局 公安分局 政府信息公开 官方网站,https://www.mca.gov.cn/mzsj/xzqh/2025/202401xzqh.html,行政区划覆盖任务，不是已确认公安机构；区划变更及一对多机构关系须核实
police-532500,云南,532500,红河哈尼族彝族自治州,prefecture,police,pending_discovery,云南 红河哈尼族彝族自治州 公安局 公安分局 政府信息公开 官方网站,https://www.mca.gov.cn/mzsj/xzqh/2025/202401xzqh.html,行政区划覆盖任务，不是已确认公安机构；区划变更及一对多机构关系须核实
police-532501,云南,532501,个旧市,county,police,pending_discovery,云南 个旧市 公安局 公安分局 政府信息公开 官方网站,https://www.mca.gov.cn/mzsj/xzqh/2025/202401xzqh.html,行政区划覆盖任务，不是已确认公安机构；区划变更及一对多机构关系须核实
police-532502,云南,532502,开远市,county,police,pending_discovery,云南 开远市 公安局 公安分局 政府信息公开 官方网站,https://www.mca.gov.cn/mzsj/xzqh/2025/202401xzqh.html,行政区划覆盖任务，不是已确认公安机构；区划变更及一对多机构关系须核实
police-532503,云南,532503,蒙自市,county,police,pending_discovery,云南 蒙自市 公安局 公安分局 政府信息公开 官方网站,https://www.mca.gov.cn/mzsj/xzqh/2025/202401xzqh.html,行政区划覆盖任务，不是已确认公安机构；区划变更及一对多机构关系须核实
police-532504,云南,532504,弥勒市,county,police,pending_discovery,云南 弥勒市 公安局 公安分局 政府信息公开 官方网站,https://www.mca.gov.cn/mzsj/xzqh/2025/202401xzqh.html,行政区划覆盖任务，不是已确认公安机构；区划变更及一对多机构关系须核实
police-532523,云南,532523,屏边苗族自治县,county,police,pending_discovery,云南 屏边苗族自治县 公安局 公安分局 政府信息公开 官方网站,https://www.mca.gov.cn/mzsj/xzqh/2025/202401xzqh.html,行政区划覆盖任务，不是已确认公安机构；区划变更及一对多机构关系须核实
police-532524,云南,532524,建水县,county,police,pending_discovery,云南 建水县 公安局 公安分局 政府信息公开 官方网站,https://www.mca.gov.cn/mzsj/xzqh/2025/202401xzqh.html,行政区划覆盖任务，不是已确认公安机构；区划变更及一对多机构关系须核实
police-532525,云南,532525,石屏县,county,police,pending_discovery,云南 石屏县 公安局 公安分局 政府信息公开 官方网站,https://www.mca.gov.cn/mzsj/xzqh/2025/202401xzqh.html,行政区划覆盖任务，不是已确认公安机构；区划变更及一对多机构关系须核实
police-532527,云南,532527,泸西县,county,police,pending_discovery,云南 泸西县 公安局 公安分局 政府信息公开 官方网站,https://www.mca.gov.cn/mzsj/xzqh/2025/202401xzqh.html,行政区划覆盖任务，不是已确认公安机构；区划变更及一对多机构关系须核实
police-532528,云南,532528,元阳县,county,police,pending_discovery,云南 元阳县 公安局 公安分局 政府信息公开 官方网站,https://www.mca.gov.cn/mzsj/xzqh/2025/202401xzqh.html,行政区划覆盖任务，不是已确认公安机构；区划变更及一对多机构关系须核实
police-532529,云南,532529,红河县,county,police,pending_discovery,云南 红河县 公安局 公安分局 政府信息公开 官方网站,https://www.mca.gov.cn/mzsj/xzqh/2025/202401xzqh.html,行政区划覆盖任务，不是已确认公安机构；区划变更及一对多机构关系须核实
police-532530,云南,532530,金平苗族瑶族傣族自治县,county,police,pending_discovery,云南 金平苗族瑶族傣族自治县 公安局 公安分局 政府信息公开 官方网站,https://www.mca.gov.cn/mzsj/xzqh/2025/202401xzqh.html,行政区划覆盖任务，不是已确认公安机构；区划变更及一对多机构关系须核实
police-532531,云南,532531,绿春县,county,police,pending_discovery,云南 绿春县 公安局 公安分局 政府信息公开 官方网站,https://www.mca.gov.cn/mzsj/xzqh/2025/202401xzqh.html,行政区划覆盖任务，不是已确认公安机构；区划变更及一对多机构关系须核实
police-532532,云南,532532,河口瑶族自治县,county,police,pending_discovery,云南 河口瑶族自治县 公安局 公安分局 政府信息公开 官方网站,https://www.mca.gov.cn/mzsj/xzqh/2025/202401xzqh.html,行政区划覆盖任务，不是已确认公安机构；区划变更及一对多机构关系须核实
police-532600,云南,532600,文山壮族苗族自治州,prefecture,police,pending_discovery,云南 文山壮族苗族自治州 公安局 公安分局 政府信息公开 官方网站,https://www.mca.gov.cn/mzsj/xzqh/2025/202401xzqh.html,行政区划覆盖任务，不是已确认公安机构；区划变更及一对多机构关系须核实
police-532601,云南,532601,文山市,county,police,pending_discovery,云南 文山市 公安局 公安分局 政府信息公开 官方网站,https://www.mca.gov.cn/mzsj/xzqh/2025/202401xzqh.html,行政区划覆盖任务，不是已确认公安机构；区划变更及一对多机构关系须核实
police-532622,云南,532622,砚山县,county,police,pending_discovery,云南 砚山县 公安局 公安分局 政府信息公开 官方网站,https://www.mca.gov.cn/mzsj/xzqh/2025/202401xzqh.html,行政区划覆盖任务，不是已确认公安机构；区划变更及一对多机构关系须核实
police-532623,云南,532623,西畴县,county,police,pending_discovery,云南 西畴县 公安局 公安分局 政府信息公开 官方网站,https://www.mca.gov.cn/mzsj/xzqh/2025/202401xzqh.html,行政区划覆盖任务，不是已确认公安机构；区划变更及一对多机构关系须核实
police-532624,云南,532624,麻栗坡县,county,police,pending_discovery,云南 麻栗坡县 公安局 公安分局 政府信息公开 官方网站,https://www.mca.gov.cn/mzsj/xzqh/2025/202401xzqh.html,行政区划覆盖任务，不是已确认公安机构；区划变更及一对多机构关系须核实
police-532625,云南,532625,马关县,county,police,pending_discovery,云南 马关县 公安局 公安分局 政府信息公开 官方网站,https://www.mca.gov.cn/mzsj/xzqh/2025/202401xzqh.html,行政区划覆盖任务，不是已确认公安机构；区划变更及一对多机构关系须核实
police-532626,云南,532626,丘北县,county,police,pending_discovery,云南 丘北县 公安局 公安分局 政府信息公开 官方网站,https://www.mca.gov.cn/mzsj/xzqh/2025/202401xzqh.html,行政区划覆盖任务，不是已确认公安机构；区划变更及一对多机构关系须核实
police-532627,云南,532627,广南县,county,police,pending_discovery,云南 广南县 公安局 公安分局 政府信息公开 官方网站,https://www.mca.gov.cn/mzsj/xzqh/2025/202401xzqh.html,行政区划覆盖任务，不是已确认公安机构；区划变更及一对多机构关系须核实
police-532628,云南,532628,富宁县,county,police,pending_discovery,云南 富宁县 公安局 公安分局 政府信息公开 官方网站,https://www.mca.gov.cn/mzsj/xzqh/2025/202401xzqh.html,行政区划覆盖任务，不是已确认公安机构；区划变更及一对多机构关系须核实
police-532800,云南,532800,西双版纳傣族自治州,prefecture,police,pending_discovery,云南 西双版纳傣族自治州 公安局 公安分局 政府信息公开 官方网站,https://www.mca.gov.cn/mzsj/xzqh/2025/202401xzqh.html,行政区划覆盖任务，不是已确认公安机构；区划变更及一对多机构关系须核实
police-532801,云南,532801,景洪市,county,police,pending_discovery,云南 景洪市 公安局 公安分局 政府信息公开 官方网站,https://www.mca.gov.cn/mzsj/xzqh/2025/202401xzqh.html,行政区划覆盖任务，不是已确认公安机构；区划变更及一对多机构关系须核实
police-532822,云南,532822,勐海县,county,police,pending_discovery,云南 勐海县 公安局 公安分局 政府信息公开 官方网站,https://www.mca.gov.cn/mzsj/xzqh/2025/202401xzqh.html,行政区划覆盖任务，不是已确认公安机构；区划变更及一对多机构关系须核实
police-532823,云南,532823,勐腊县,county,police,pending_discovery,云南 勐腊县 公安局 公安分局 政府信息公开 官方网站,https://www.mca.gov.cn/mzsj/xzqh/2025/202401xzqh.html,行政区划覆盖任务，不是已确认公安机构；区划变更及一对多机构关系须核实
police-532900,云南,532900,大理白族自治州,prefecture,police,pending_discovery,云南 大理白族自治州 公安局 公安分局 政府信息公开 官方网站,https://www.mca.gov.cn/mzsj/xzqh/2025/202401xzqh.html,行政区划覆盖任务，不是已确认公安机构；区划变更及一对多机构关系须核实
police-532901,云南,532901,大理市,county,police,pending_discovery,云南 大理市 公安局 公安分局 政府信息公开 官方网站,https://www.mca.gov.cn/mzsj/xzqh/2025/202401xzqh.html,行政区划覆盖任务，不是已确认公安机构；区划变更及一对多机构关系须核实
police-532922,云南,532922,漾濞彝族自治县,county,police,pending_discovery,云南 漾濞彝族自治县 公安局 公安分局 政府信息公开 官方网站,https://www.mca.gov.cn/mzsj/xzqh/2025/202401xzqh.html,行政区划覆盖任务，不是已确认公安机构；区划变更及一对多机构关系须核实
police-532923,云南,532923,祥云县,county,police,pending_discovery,云南 祥云县 公安局 公安分局 政府信息公开 官方网站,https://www.mca.gov.cn/mzsj/xzqh/2025/202401xzqh.html,行政区划覆盖任务，不是已确认公安机构；区划变更及一对多机构关系须核实
police-532924,云南,532924,宾川县,county,police,pending_discovery,云南 宾川县 公安局 公安分局 政府信息公开 官方网站,https://www.mca.gov.cn/mzsj/xzqh/2025/202401xzqh.html,行政区划覆盖任务，不是已确认公安机构；区划变更及一对多机构关系须核实
police-532925,云南,532925,弥渡县,county,police,pending_discovery,云南 弥渡县 公安局 公安分局 政府信息公开 官方网站,https://www.mca.gov.cn/mzsj/xzqh/2025/202401xzqh.html,行政区划覆盖任务，不是已确认公安机构；区划变更及一对多机构关系须核实
police-532926,云南,532926,南涧彝族自治县,county,police,pending_discovery,云南 南涧彝族自治县 公安局 公安分局 政府信息公开 官方网站,https://www.mca.gov.cn/mzsj/xzqh/2025/202401xzqh.html,行政区划覆盖任务，不是已确认公安机构；区划变更及一对多机构关系须核实
police-532927,云南,532927,巍山彝族回族自治县,county,police,pending_discovery,云南 巍山彝族回族自治县 公安局 公安分局 政府信息公开 官方网站,https://www.mca.gov.cn/mzsj/xzqh/2025/202401xzqh.html,行政区划覆盖任务，不是已确认公安机构；区划变更及一对多机构关系须核实
police-532928,云南,532928,永平县,county,police,pending_discovery,云南 永平县 公安局 公安分局 政府信息公开 官方网站,https://www.mca.gov.cn/mzsj/xzqh/2025/202401xzqh.html,行政区划覆盖任务，不是已确认公安机构；区划变更及一对多机构关系须核实
police-532929,云南,532929,云龙县,county,police,pending_discovery,云南 云龙县 公安局 公安分局 政府信息公开 官方网站,https://www.mca.gov.cn/mzsj/xzqh/2025/202401xzqh.html,行政区划覆盖任务，不是已确认公安机构；区划变更及一对多机构关系须核实
police-532930,云南,532930,洱源县,county,police,pending_discovery,云南 洱源县 公安局 公安分局 政府信息公开 官方网站,https://www.mca.gov.cn/mzsj/xzqh/2025/202401xzqh.html,行政区划覆盖任务，不是已确认公安机构；区划变更及一对多机构关系须核实
police-532931,云南,532931,剑川县,county,police,pending_discovery,云南 剑川县 公安局 公安分局 政府信息公开 官方网站,https://www.mca.gov.cn/mzsj/xzqh/2025/202401xzqh.html,行政区划覆盖任务，不是已确认公安机构；区划变更及一对多机构关系须核实
police-532932,云南,532932,鹤庆县,county,police,pending_discovery,云南 鹤庆县 公安局 公安分局 政府信息公开 官方网站,https://www.mca.gov.cn/mzsj/xzqh/2025/202401xzqh.html,行政区划覆盖任务，不是已确认公安机构；区划变更及一对多机构关系须核实
police-533100,云南,533100,德宏傣族景颇族自治州,prefecture,police,pending_discovery,云南 德宏傣族景颇族自治州 公安局 公安分局 政府信息公开 官方网站,https://www.mca.gov.cn/mzsj/xzqh/2025/202401xzqh.html,行政区划覆盖任务，不是已确认公安机构；区划变更及一对多机构关系须核实
police-533102,云南,533102,瑞丽市,county,police,pending_discovery,云南 瑞丽市 公安局 公安分局 政府信息公开 官方网站,https://www.mca.gov.cn/mzsj/xzqh/2025/202401xzqh.html,行政区划覆盖任务，不是已确认公安机构；区划变更及一对多机构关系须核实
police-533103,云南,533103,芒市,county,police,pending_discovery,云南 芒市 公安局 公安分局 政府信息公开 官方网站,https://www.mca.gov.cn/mzsj/xzqh/2025/202401xzqh.html,行政区划覆盖任务，不是已确认公安机构；区划变更及一对多机构关系须核实
police-533122,云南,533122,梁河县,county,police,pending_discovery,云南 梁河县 公安局 公安分局 政府信息公开 官方网站,https://www.mca.gov.cn/mzsj/xzqh/2025/202401xzqh.html,行政区划覆盖任务，不是已确认公安机构；区划变更及一对多机构关系须核实
police-533123,云南,533123,盈江县,county,police,pending_discovery,云南 盈江县 公安局 公安分局 政府信息公开 官方网站,https://www.mca.gov.cn/mzsj/xzqh/2025/202401xzqh.html,行政区划覆盖任务，不是已确认公安机构；区划变更及一对多机构关系须核实
police-533124,云南,533124,陇川县,county,police,pending_discovery,云南 陇川县 公安局 公安分局 政府信息公开 官方网站,https://www.mca.gov.cn/mzsj/xzqh/2025/202401xzqh.html,行政区划覆盖任务，不是已确认公安机构；区划变更及一对多机构关系须核实
police-533300,云南,533300,怒江傈僳族自治州,prefecture,police,pending_discovery,云南 怒江傈僳族自治州 公安局 公安分局 政府信息公开 官方网站,https://www.mca.gov.cn/mzsj/xzqh/2025/202401xzqh.html,行政区划覆盖任务，不是已确认公安机构；区划变更及一对多机构关系须核实
police-533301,云南,533301,泸水市,county,police,pending_discovery,云南 泸水市 公安局 公安分局 政府信息公开 官方网站,https://www.mca.gov.cn/mzsj/xzqh/2025/202401xzqh.html,行政区划覆盖任务，不是已确认公安机构；区划变更及一对多机构关系须核实
police-533323,云南,533323,福贡县,county,police,pending_discovery,云南 福贡县 公安局 公安分局 政府信息公开 官方网站,https://www.mca.gov.cn/mzsj/xzqh/2025/202401xzqh.html,行政区划覆盖任务，不是已确认公安机构；区划变更及一对多机构关系须核实
police-533324,云南,533324,贡山独龙族怒族自治县,county,police,pending_discovery,云南 贡山独龙族怒族自治县 公安局 公安分局 政府信息公开 官方网站,https://www.mca.gov.cn/mzsj/xzqh/2025/202401xzqh.html,行政区划覆盖任务，不是已确认公安机构；区划变更及一对多机构关系须核实
police-533325,云南,533325,兰坪白族普米族自治县,county,police,pending_discovery,云南 兰坪白族普米族自治县 公安局 公安分局 政府信息公开 官方网站,https://www.mca.gov.cn/mzsj/xzqh/2025/202401xzqh.html,行政区划覆盖任务，不是已确认公安机构；区划变更及一对多机构关系须核实
police-533400,云南,533400,迪庆藏族自治州,prefecture,police,pending_discovery,云南 迪庆藏族自治州 公安局 公安分局 政府信息公开 官方网站,https://www.mca.gov.cn/mzsj/xzqh/2025/202401xzqh.html,行政区划覆盖任务，不是已确认公安机构；区划变更及一对多机构关系须核实
police-533401,云南,533401,香格里拉市,county,police,pending_discovery,云南 香格里拉市 公安局 公安分局 政府信息公开 官方网站,https://www.mca.gov.cn/mzsj/xzqh/2025/202401xzqh.html,行政区划覆盖任务，不是已确认公安机构；区划变更及一对多机构关系须核实
police-533422,云南,533422,德钦县,county,police,pending_discovery,云南 德钦县 公安局 公安分局 政府信息公开 官方网站,https://www.mca.gov.cn/mzsj/xzqh/2025/202401xzqh.html,行政区划覆盖任务，不是已确认公安机构；区划变更及一对多机构关系须核实
police-533423,云南,533423,维西傈僳族自治县,county,police,pending_discovery,云南 维西傈僳族自治县 公安局 公安分局 政府信息公开 官方网站,https://www.mca.gov.cn/mzsj/xzqh/2025/202401xzqh.html,行政区划覆盖任务，不是已确认公安机构；区划变更及一对多机构关系须核实
police-540000,西藏,540000,西藏自治区,province,police,pending_discovery,西藏 西藏自治区 公安局 公安分局 政府信息公开 官方网站,https://www.mca.gov.cn/mzsj/xzqh/2025/202401xzqh.html,行政区划覆盖任务，不是已确认公安机构；区划变更及一对多机构关系须核实
police-540100,西藏,540100,拉萨市,prefecture,police,pending_discovery,西藏 拉萨市 公安局 公安分局 政府信息公开 官方网站,https://www.mca.gov.cn/mzsj/xzqh/2025/202401xzqh.html,行政区划覆盖任务，不是已确认公安机构；区划变更及一对多机构关系须核实
police-540102,西藏,540102,城关区,county,police,pending_discovery,西藏 城关区 公安局 公安分局 政府信息公开 官方网站,https://www.mca.gov.cn/mzsj/xzqh/2025/202401xzqh.html,行政区划覆盖任务，不是已确认公安机构；区划变更及一对多机构关系须核实
police-540103,西藏,540103,堆龙德庆区,county,police,pending_discovery,西藏 堆龙德庆区 公安局 公安分局 政府信息公开 官方网站,https://www.mca.gov.cn/mzsj/xzqh/2025/202401xzqh.html,行政区划覆盖任务，不是已确认公安机构；区划变更及一对多机构关系须核实
police-540104,西藏,540104,达孜区,county,police,pending_discovery,西藏 达孜区 公安局 公安分局 政府信息公开 官方网站,https://www.mca.gov.cn/mzsj/xzqh/2025/202401xzqh.html,行政区划覆盖任务，不是已确认公安机构；区划变更及一对多机构关系须核实
police-540121,西藏,540121,林周县,county,police,pending_discovery,西藏 林周县 公安局 公安分局 政府信息公开 官方网站,https://www.mca.gov.cn/mzsj/xzqh/2025/202401xzqh.html,行政区划覆盖任务，不是已确认公安机构；区划变更及一对多机构关系须核实
police-540122,西藏,540122,当雄县,county,police,pending_discovery,西藏 当雄县 公安局 公安分局 政府信息公开 官方网站,https://www.mca.gov.cn/mzsj/xzqh/2025/202401xzqh.html,行政区划覆盖任务，不是已确认公安机构；区划变更及一对多机构关系须核实
police-540123,西藏,540123,尼木县,county,police,pending_discovery,西藏 尼木县 公安局 公安分局 政府信息公开 官方网站,https://www.mca.gov.cn/mzsj/xzqh/2025/202401xzqh.html,行政区划覆盖任务，不是已确认公安机构；区划变更及一对多机构关系须核实
police-540124,西藏,540124,曲水县,county,police,pending_discovery,西藏 曲水县 公安局 公安分局 政府信息公开 官方网站,https://www.mca.gov.cn/mzsj/xzqh/2025/202401xzqh.html,行政区划覆盖任务，不是已确认公安机构；区划变更及一对多机构关系须核实
police-540127,西藏,540127,墨竹工卡县,county,police,pending_discovery,西藏 墨竹工卡县 公安局 公安分局 政府信息公开 官方网站,https://www.mca.gov.cn/mzsj/xzqh/2025/202401xzqh.html,行政区划覆盖任务，不是已确认公安机构；区划变更及一对多机构关系须核实
police-540200,西藏,540200,日喀则市,prefecture,police,pending_discovery,西藏 日喀则市 公安局 公安分局 政府信息公开 官方网站,https://www.mca.gov.cn/mzsj/xzqh/2025/202401xzqh.html,行政区划覆盖任务，不是已确认公安机构；区划变更及一对多机构关系须核实
police-540202,西藏,540202,桑珠孜区,county,police,pending_discovery,西藏 桑珠孜区 公安局 公安分局 政府信息公开 官方网站,https://www.mca.gov.cn/mzsj/xzqh/2025/202401xzqh.html,行政区划覆盖任务，不是已确认公安机构；区划变更及一对多机构关系须核实
police-540221,西藏,540221,南木林县,county,police,pending_discovery,西藏 南木林县 公安局 公安分局 政府信息公开 官方网站,https://www.mca.gov.cn/mzsj/xzqh/2025/202401xzqh.html,行政区划覆盖任务，不是已确认公安机构；区划变更及一对多机构关系须核实
police-540222,西藏,540222,江孜县,county,police,pending_discovery,西藏 江孜县 公安局 公安分局 政府信息公开 官方网站,https://www.mca.gov.cn/mzsj/xzqh/2025/202401xzqh.html,行政区划覆盖任务，不是已确认公安机构；区划变更及一对多机构关系须核实
police-540223,西藏,540223,定日县,county,police,pending_discovery,西藏 定日县 公安局 公安分局 政府信息公开 官方网站,https://www.mca.gov.cn/mzsj/xzqh/2025/202401xzqh.html,行政区划覆盖任务，不是已确认公安机构；区划变更及一对多机构关系须核实
police-540224,西藏,540224,萨迦县,county,police,pending_discovery,西藏 萨迦县 公安局 公安分局 政府信息公开 官方网站,https://www.mca.gov.cn/mzsj/xzqh/2025/202401xzqh.html,行政区划覆盖任务，不是已确认公安机构；区划变更及一对多机构关系须核实
police-540225,西藏,540225,拉孜县,county,police,pending_discovery,西藏 拉孜县 公安局 公安分局 政府信息公开 官方网站,https://www.mca.gov.cn/mzsj/xzqh/2025/202401xzqh.html,行政区划覆盖任务，不是已确认公安机构；区划变更及一对多机构关系须核实
police-540226,西藏,540226,昂仁县,county,police,pending_discovery,西藏 昂仁县 公安局 公安分局 政府信息公开 官方网站,https://www.mca.gov.cn/mzsj/xzqh/2025/202401xzqh.html,行政区划覆盖任务，不是已确认公安机构；区划变更及一对多机构关系须核实
police-540227,西藏,540227,谢通门县,county,police,pending_discovery,西藏 谢通门县 公安局 公安分局 政府信息公开 官方网站,https://www.mca.gov.cn/mzsj/xzqh/2025/202401xzqh.html,行政区划覆盖任务，不是已确认公安机构；区划变更及一对多机构关系须核实
police-540228,西藏,540228,白朗县,county,police,pending_discovery,西藏 白朗县 公安局 公安分局 政府信息公开 官方网站,https://www.mca.gov.cn/mzsj/xzqh/2025/202401xzqh.html,行政区划覆盖任务，不是已确认公安机构；区划变更及一对多机构关系须核实
police-540229,西藏,540229,仁布县,county,police,pending_discovery,西藏 仁布县 公安局 公安分局 政府信息公开 官方网站,https://www.mca.gov.cn/mzsj/xzqh/2025/202401xzqh.html,行政区划覆盖任务，不是已确认公安机构；区划变更及一对多机构关系须核实
police-540230,西藏,540230,康马县,county,police,pending_discovery,西藏 康马县 公安局 公安分局 政府信息公开 官方网站,https://www.mca.gov.cn/mzsj/xzqh/2025/202401xzqh.html,行政区划覆盖任务，不是已确认公安机构；区划变更及一对多机构关系须核实
police-540231,西藏,540231,定结县,county,police,pending_discovery,西藏 定结县 公安局 公安分局 政府信息公开 官方网站,https://www.mca.gov.cn/mzsj/xzqh/2025/202401xzqh.html,行政区划覆盖任务，不是已确认公安机构；区划变更及一对多机构关系须核实
police-540232,西藏,540232,仲巴县,county,police,pending_discovery,西藏 仲巴县 公安局 公安分局 政府信息公开 官方网站,https://www.mca.gov.cn/mzsj/xzqh/2025/202401xzqh.html,行政区划覆盖任务，不是已确认公安机构；区划变更及一对多机构关系须核实
police-540233,西藏,540233,亚东县,county,police,pending_discovery,西藏 亚东县 公安局 公安分局 政府信息公开 官方网站,https://www.mca.gov.cn/mzsj/xzqh/2025/202401xzqh.html,行政区划覆盖任务，不是已确认公安机构；区划变更及一对多机构关系须核实
police-540234,西藏,540234,吉隆县,county,police,pending_discovery,西藏 吉隆县 公安局 公安分局 政府信息公开 官方网站,https://www.mca.gov.cn/mzsj/xzqh/2025/202401xzqh.html,行政区划覆盖任务，不是已确认公安机构；区划变更及一对多机构关系须核实
police-540235,西藏,540235,聂拉木县,county,police,pending_discovery,西藏 聂拉木县 公安局 公安分局 政府信息公开 官方网站,https://www.mca.gov.cn/mzsj/xzqh/2025/202401xzqh.html,行政区划覆盖任务，不是已确认公安机构；区划变更及一对多机构关系须核实
police-540236,西藏,540236,萨嘎县,county,police,pending_discovery,西藏 萨嘎县 公安局 公安分局 政府信息公开 官方网站,https://www.mca.gov.cn/mzsj/xzqh/2025/202401xzqh.html,行政区划覆盖任务，不是已确认公安机构；区划变更及一对多机构关系须核实
police-540237,西藏,540237,岗巴县,county,police,pending_discovery,西藏 岗巴县 公安局 公安分局 政府信息公开 官方网站,https://www.mca.gov.cn/mzsj/xzqh/2025/202401xzqh.html,行政区划覆盖任务，不是已确认公安机构；区划变更及一对多机构关系须核实
police-540300,西藏,540300,昌都市,prefecture,police,pending_discovery,西藏 昌都市 公安局 公安分局 政府信息公开 官方网站,https://www.mca.gov.cn/mzsj/xzqh/2025/202401xzqh.html,行政区划覆盖任务，不是已确认公安机构；区划变更及一对多机构关系须核实
police-540302,西藏,540302,卡若区,county,police,pending_discovery,西藏 卡若区 公安局 公安分局 政府信息公开 官方网站,https://www.mca.gov.cn/mzsj/xzqh/2025/202401xzqh.html,行政区划覆盖任务，不是已确认公安机构；区划变更及一对多机构关系须核实
police-540321,西藏,540321,江达县,county,police,pending_discovery,西藏 江达县 公安局 公安分局 政府信息公开 官方网站,https://www.mca.gov.cn/mzsj/xzqh/2025/202401xzqh.html,行政区划覆盖任务，不是已确认公安机构；区划变更及一对多机构关系须核实
police-540322,西藏,540322,贡觉县,county,police,pending_discovery,西藏 贡觉县 公安局 公安分局 政府信息公开 官方网站,https://www.mca.gov.cn/mzsj/xzqh/2025/202401xzqh.html,行政区划覆盖任务，不是已确认公安机构；区划变更及一对多机构关系须核实
police-540323,西藏,540323,类乌齐县,county,police,pending_discovery,西藏 类乌齐县 公安局 公安分局 政府信息公开 官方网站,https://www.mca.gov.cn/mzsj/xzqh/2025/202401xzqh.html,行政区划覆盖任务，不是已确认公安机构；区划变更及一对多机构关系须核实
police-540324,西藏,540324,丁青县,county,police,pending_discovery,西藏 丁青县 公安局 公安分局 政府信息公开 官方网站,https://www.mca.gov.cn/mzsj/xzqh/2025/202401xzqh.html,行政区划覆盖任务，不是已确认公安机构；区划变更及一对多机构关系须核实
police-540325,西藏,540325,察雅县,county,police,pending_discovery,西藏 察雅县 公安局 公安分局 政府信息公开 官方网站,https://www.mca.gov.cn/mzsj/xzqh/2025/202401xzqh.html,行政区划覆盖任务，不是已确认公安机构；区划变更及一对多机构关系须核实
police-540326,西藏,540326,八宿县,county,police,pending_discovery,西藏 八宿县 公安局 公安分局 政府信息公开 官方网站,https://www.mca.gov.cn/mzsj/xzqh/2025/202401xzqh.html,行政区划覆盖任务，不是已确认公安机构；区划变更及一对多机构关系须核实
police-540327,西藏,540327,左贡县,county,police,pending_discovery,西藏 左贡县 公安局 公安分局 政府信息公开 官方网站,https://www.mca.gov.cn/mzsj/xzqh/2025/202401xzqh.html,行政区划覆盖任务，不是已确认公安机构；区划变更及一对多机构关系须核实
police-540328,西藏,540328,芒康县,county,police,pending_discovery,西藏 芒康县 公安局 公安分局 政府信息公开 官方网站,https://www.mca.gov.cn/mzsj/xzqh/2025/202401xzqh.html,行政区划覆盖任务，不是已确认公安机构；区划变更及一对多机构关系须核实
police-540329,西藏,540329,洛隆县,county,police,pending_discovery,西藏 洛隆县 公安局 公安分局 政府信息公开 官方网站,https://www.mca.gov.cn/mzsj/xzqh/2025/202401xzqh.html,行政区划覆盖任务，不是已确认公安机构；区划变更及一对多机构关系须核实
police-540330,西藏,540330,边坝县,county,police,pending_discovery,西藏 边坝县 公安局 公安分局 政府信息公开 官方网站,https://www.mca.gov.cn/mzsj/xzqh/2025/202401xzqh.html,行政区划覆盖任务，不是已确认公安机构；区划变更及一对多机构关系须核实
police-540400,西藏,540400,林芝市,prefecture,police,pending_discovery,西藏 林芝市 公安局 公安分局 政府信息公开 官方网站,https://www.mca.gov.cn/mzsj/xzqh/2025/202401xzqh.html,行政区划覆盖任务，不是已确认公安机构；区划变更及一对多机构关系须核实
police-540402,西藏,540402,巴宜区,county,police,pending_discovery,西藏 巴宜区 公安局 公安分局 政府信息公开 官方网站,https://www.mca.gov.cn/mzsj/xzqh/2025/202401xzqh.html,行政区划覆盖任务，不是已确认公安机构；区划变更及一对多机构关系须核实
police-540421,西藏,540421,工布江达县,county,police,pending_discovery,西藏 工布江达县 公安局 公安分局 政府信息公开 官方网站,https://www.mca.gov.cn/mzsj/xzqh/2025/202401xzqh.html,行政区划覆盖任务，不是已确认公安机构；区划变更及一对多机构关系须核实
police-540423,西藏,540423,墨脱县,county,police,pending_discovery,西藏 墨脱县 公安局 公安分局 政府信息公开 官方网站,https://www.mca.gov.cn/mzsj/xzqh/2025/202401xzqh.html,行政区划覆盖任务，不是已确认公安机构；区划变更及一对多机构关系须核实
police-540424,西藏,540424,波密县,county,police,pending_discovery,西藏 波密县 公安局 公安分局 政府信息公开 官方网站,https://www.mca.gov.cn/mzsj/xzqh/2025/202401xzqh.html,行政区划覆盖任务，不是已确认公安机构；区划变更及一对多机构关系须核实
police-540425,西藏,540425,察隅县,county,police,pending_discovery,西藏 察隅县 公安局 公安分局 政府信息公开 官方网站,https://www.mca.gov.cn/mzsj/xzqh/2025/202401xzqh.html,行政区划覆盖任务，不是已确认公安机构；区划变更及一对多机构关系须核实
police-540426,西藏,540426,朗县,county,police,pending_discovery,西藏 朗县 公安局 公安分局 政府信息公开 官方网站,https://www.mca.gov.cn/mzsj/xzqh/2025/202401xzqh.html,行政区划覆盖任务，不是已确认公安机构；区划变更及一对多机构关系须核实
police-540481,西藏,540481,米林市,county,police,pending_discovery,西藏 米林市 公安局 公安分局 政府信息公开 官方网站,https://www.mca.gov.cn/mzsj/xzqh/2025/202401xzqh.html,行政区划覆盖任务，不是已确认公安机构；区划变更及一对多机构关系须核实
police-540500,西藏,540500,山南市,prefecture,police,pending_discovery,西藏 山南市 公安局 公安分局 政府信息公开 官方网站,https://www.mca.gov.cn/mzsj/xzqh/2025/202401xzqh.html,行政区划覆盖任务，不是已确认公安机构；区划变更及一对多机构关系须核实
police-540502,西藏,540502,乃东区,county,police,pending_discovery,西藏 乃东区 公安局 公安分局 政府信息公开 官方网站,https://www.mca.gov.cn/mzsj/xzqh/2025/202401xzqh.html,行政区划覆盖任务，不是已确认公安机构；区划变更及一对多机构关系须核实
police-540521,西藏,540521,扎囊县,county,police,pending_discovery,西藏 扎囊县 公安局 公安分局 政府信息公开 官方网站,https://www.mca.gov.cn/mzsj/xzqh/2025/202401xzqh.html,行政区划覆盖任务，不是已确认公安机构；区划变更及一对多机构关系须核实
police-540522,西藏,540522,贡嘎县,county,police,pending_discovery,西藏 贡嘎县 公安局 公安分局 政府信息公开 官方网站,https://www.mca.gov.cn/mzsj/xzqh/2025/202401xzqh.html,行政区划覆盖任务，不是已确认公安机构；区划变更及一对多机构关系须核实
police-540523,西藏,540523,桑日县,county,police,pending_discovery,西藏 桑日县 公安局 公安分局 政府信息公开 官方网站,https://www.mca.gov.cn/mzsj/xzqh/2025/202401xzqh.html,行政区划覆盖任务，不是已确认公安机构；区划变更及一对多机构关系须核实
police-540524,西藏,540524,琼结县,county,police,pending_discovery,西藏 琼结县 公安局 公安分局 政府信息公开 官方网站,https://www.mca.gov.cn/mzsj/xzqh/2025/202401xzqh.html,行政区划覆盖任务，不是已确认公安机构；区划变更及一对多机构关系须核实
police-540525,西藏,540525,曲松县,county,police,pending_discovery,西藏 曲松县 公安局 公安分局 政府信息公开 官方网站,https://www.mca.gov.cn/mzsj/xzqh/2025/202401xzqh.html,行政区划覆盖任务，不是已确认公安机构；区划变更及一对多机构关系须核实
police-540526,西藏,540526,措美县,county,police,pending_discovery,西藏 措美县 公安局 公安分局 政府信息公开 官方网站,https://www.mca.gov.cn/mzsj/xzqh/2025/202401xzqh.html,行政区划覆盖任务，不是已确认公安机构；区划变更及一对多机构关系须核实
police-540527,西藏,540527,洛扎县,county,police,pending_discovery,西藏 洛扎县 公安局 公安分局 政府信息公开 官方网站,https://www.mca.gov.cn/mzsj/xzqh/2025/202401xzqh.html,行政区划覆盖任务，不是已确认公安机构；区划变更及一对多机构关系须核实
police-540528,西藏,540528,加查县,county,police,pending_discovery,西藏 加查县 公安局 公安分局 政府信息公开 官方网站,https://www.mca.gov.cn/mzsj/xzqh/2025/202401xzqh.html,行政区划覆盖任务，不是已确认公安机构；区划变更及一对多机构关系须核实
police-540529,西藏,540529,隆子县,county,police,pending_discovery,西藏 隆子县 公安局 公安分局 政府信息公开 官方网站,https://www.mca.gov.cn/mzsj/xzqh/2025/202401xzqh.html,行政区划覆盖任务，不是已确认公安机构；区划变更及一对多机构关系须核实
police-540531,西藏,540531,浪卡子县,county,police,pending_discovery,西藏 浪卡子县 公安局 公安分局 政府信息公开 官方网站,https://www.mca.gov.cn/mzsj/xzqh/2025/202401xzqh.html,行政区划覆盖任务，不是已确认公安机构；区划变更及一对多机构关系须核实
police-540581,西藏,540581,错那市,county,police,pending_discovery,西藏 错那市 公安局 公安分局 政府信息公开 官方网站,https://www.mca.gov.cn/mzsj/xzqh/2025/202401xzqh.html,行政区划覆盖任务，不是已确认公安机构；区划变更及一对多机构关系须核实
police-540600,西藏,540600,那曲市,prefecture,police,pending_discovery,西藏 那曲市 公安局 公安分局 政府信息公开 官方网站,https://www.mca.gov.cn/mzsj/xzqh/2025/202401xzqh.html,行政区划覆盖任务，不是已确认公安机构；区划变更及一对多机构关系须核实
police-540602,西藏,540602,色尼区,county,police,pending_discovery,西藏 色尼区 公安局 公安分局 政府信息公开 官方网站,https://www.mca.gov.cn/mzsj/xzqh/2025/202401xzqh.html,行政区划覆盖任务，不是已确认公安机构；区划变更及一对多机构关系须核实
police-540621,西藏,540621,嘉黎县,county,police,pending_discovery,西藏 嘉黎县 公安局 公安分局 政府信息公开 官方网站,https://www.mca.gov.cn/mzsj/xzqh/2025/202401xzqh.html,行政区划覆盖任务，不是已确认公安机构；区划变更及一对多机构关系须核实
police-540622,西藏,540622,比如县,county,police,pending_discovery,西藏 比如县 公安局 公安分局 政府信息公开 官方网站,https://www.mca.gov.cn/mzsj/xzqh/2025/202401xzqh.html,行政区划覆盖任务，不是已确认公安机构；区划变更及一对多机构关系须核实
police-540623,西藏,540623,聂荣县,county,police,pending_discovery,西藏 聂荣县 公安局 公安分局 政府信息公开 官方网站,https://www.mca.gov.cn/mzsj/xzqh/2025/202401xzqh.html,行政区划覆盖任务，不是已确认公安机构；区划变更及一对多机构关系须核实
police-540624,西藏,540624,安多县,county,police,pending_discovery,西藏 安多县 公安局 公安分局 政府信息公开 官方网站,https://www.mca.gov.cn/mzsj/xzqh/2025/202401xzqh.html,行政区划覆盖任务，不是已确认公安机构；区划变更及一对多机构关系须核实
police-540625,西藏,540625,申扎县,county,police,pending_discovery,西藏 申扎县 公安局 公安分局 政府信息公开 官方网站,https://www.mca.gov.cn/mzsj/xzqh/2025/202401xzqh.html,行政区划覆盖任务，不是已确认公安机构；区划变更及一对多机构关系须核实
police-540626,西藏,540626,索县,county,police,pending_discovery,西藏 索县 公安局 公安分局 政府信息公开 官方网站,https://www.mca.gov.cn/mzsj/xzqh/2025/202401xzqh.html,行政区划覆盖任务，不是已确认公安机构；区划变更及一对多机构关系须核实
police-540627,西藏,540627,班戈县,county,police,pending_discovery,西藏 班戈县 公安局 公安分局 政府信息公开 官方网站,https://www.mca.gov.cn/mzsj/xzqh/2025/202401xzqh.html,行政区划覆盖任务，不是已确认公安机构；区划变更及一对多机构关系须核实
police-540628,西藏,540628,巴青县,county,police,pending_discovery,西藏 巴青县 公安局 公安分局 政府信息公开 官方网站,https://www.mca.gov.cn/mzsj/xzqh/2025/202401xzqh.html,行政区划覆盖任务，不是已确认公安机构；区划变更及一对多机构关系须核实
police-540629,西藏,540629,尼玛县,county,police,pending_discovery,西藏 尼玛县 公安局 公安分局 政府信息公开 官方网站,https://www.mca.gov.cn/mzsj/xzqh/2025/202401xzqh.html,行政区划覆盖任务，不是已确认公安机构；区划变更及一对多机构关系须核实
police-540630,西藏,540630,双湖县,county,police,pending_discovery,西藏 双湖县 公安局 公安分局 政府信息公开 官方网站,https://www.mca.gov.cn/mzsj/xzqh/2025/202401xzqh.html,行政区划覆盖任务，不是已确认公安机构；区划变更及一对多机构关系须核实
police-542500,西藏,542500,阿里地区,prefecture,police,pending_discovery,西藏 阿里地区 公安局 公安分局 政府信息公开 官方网站,https://www.mca.gov.cn/mzsj/xzqh/2025/202401xzqh.html,行政区划覆盖任务，不是已确认公安机构；区划变更及一对多机构关系须核实
police-542521,西藏,542521,普兰县,county,police,pending_discovery,西藏 普兰县 公安局 公安分局 政府信息公开 官方网站,https://www.mca.gov.cn/mzsj/xzqh/2025/202401xzqh.html,行政区划覆盖任务，不是已确认公安机构；区划变更及一对多机构关系须核实
police-542522,西藏,542522,札达县,county,police,pending_discovery,西藏 札达县 公安局 公安分局 政府信息公开 官方网站,https://www.mca.gov.cn/mzsj/xzqh/2025/202401xzqh.html,行政区划覆盖任务，不是已确认公安机构；区划变更及一对多机构关系须核实
police-542523,西藏,542523,噶尔县,county,police,pending_discovery,西藏 噶尔县 公安局 公安分局 政府信息公开 官方网站,https://www.mca.gov.cn/mzsj/xzqh/2025/202401xzqh.html,行政区划覆盖任务，不是已确认公安机构；区划变更及一对多机构关系须核实
police-542524,西藏,542524,日土县,county,police,pending_discovery,西藏 日土县 公安局 公安分局 政府信息公开 官方网站,https://www.mca.gov.cn/mzsj/xzqh/2025/202401xzqh.html,行政区划覆盖任务，不是已确认公安机构；区划变更及一对多机构关系须核实
police-542525,西藏,542525,革吉县,county,police,pending_discovery,西藏 革吉县 公安局 公安分局 政府信息公开 官方网站,https://www.mca.gov.cn/mzsj/xzqh/2025/202401xzqh.html,行政区划覆盖任务，不是已确认公安机构；区划变更及一对多机构关系须核实
police-542526,西藏,542526,改则县,county,police,pending_discovery,西藏 改则县 公安局 公安分局 政府信息公开 官方网站,https://www.mca.gov.cn/mzsj/xzqh/2025/202401xzqh.html,行政区划覆盖任务，不是已确认公安机构；区划变更及一对多机构关系须核实
police-542527,西藏,542527,措勤县,county,police,pending_discovery,西藏 措勤县 公安局 公安分局 政府信息公开 官方网站,https://www.mca.gov.cn/mzsj/xzqh/2025/202401xzqh.html,行政区划覆盖任务，不是已确认公安机构；区划变更及一对多机构关系须核实
police-610000,陕西,610000,陕西省,province,police,pending_discovery,陕西 陕西省 公安局 公安分局 政府信息公开 官方网站,https://www.mca.gov.cn/mzsj/xzqh/2025/202401xzqh.html,行政区划覆盖任务，不是已确认公安机构；区划变更及一对多机构关系须核实
police-610100,陕西,610100,西安市,prefecture,police,pending_discovery,陕西 西安市 公安局 公安分局 政府信息公开 官方网站,https://www.mca.gov.cn/mzsj/xzqh/2025/202401xzqh.html,行政区划覆盖任务，不是已确认公安机构；区划变更及一对多机构关系须核实
police-610102,陕西,610102,新城区,county,police,pending_discovery,陕西 新城区 公安局 公安分局 政府信息公开 官方网站,https://www.mca.gov.cn/mzsj/xzqh/2025/202401xzqh.html,行政区划覆盖任务，不是已确认公安机构；区划变更及一对多机构关系须核实
police-610103,陕西,610103,碑林区,county,police,pending_discovery,陕西 碑林区 公安局 公安分局 政府信息公开 官方网站,https://www.mca.gov.cn/mzsj/xzqh/2025/202401xzqh.html,行政区划覆盖任务，不是已确认公安机构；区划变更及一对多机构关系须核实
police-610104,陕西,610104,莲湖区,county,police,pending_discovery,陕西 莲湖区 公安局 公安分局 政府信息公开 官方网站,https://www.mca.gov.cn/mzsj/xzqh/2025/202401xzqh.html,行政区划覆盖任务，不是已确认公安机构；区划变更及一对多机构关系须核实
police-610111,陕西,610111,灞桥区,county,police,pending_discovery,陕西 灞桥区 公安局 公安分局 政府信息公开 官方网站,https://www.mca.gov.cn/mzsj/xzqh/2025/202401xzqh.html,行政区划覆盖任务，不是已确认公安机构；区划变更及一对多机构关系须核实
police-610112,陕西,610112,未央区,county,police,pending_discovery,陕西 未央区 公安局 公安分局 政府信息公开 官方网站,https://www.mca.gov.cn/mzsj/xzqh/2025/202401xzqh.html,行政区划覆盖任务，不是已确认公安机构；区划变更及一对多机构关系须核实
police-610113,陕西,610113,雁塔区,county,police,pending_discovery,陕西 雁塔区 公安局 公安分局 政府信息公开 官方网站,https://www.mca.gov.cn/mzsj/xzqh/2025/202401xzqh.html,行政区划覆盖任务，不是已确认公安机构；区划变更及一对多机构关系须核实
police-610114,陕西,610114,阎良区,county,police,pending_discovery,陕西 阎良区 公安局 公安分局 政府信息公开 官方网站,https://www.mca.gov.cn/mzsj/xzqh/2025/202401xzqh.html,行政区划覆盖任务，不是已确认公安机构；区划变更及一对多机构关系须核实
police-610115,陕西,610115,临潼区,county,police,pending_discovery,陕西 临潼区 公安局 公安分局 政府信息公开 官方网站,https://www.mca.gov.cn/mzsj/xzqh/2025/202401xzqh.html,行政区划覆盖任务，不是已确认公安机构；区划变更及一对多机构关系须核实
police-610116,陕西,610116,长安区,county,police,pending_discovery,陕西 长安区 公安局 公安分局 政府信息公开 官方网站,https://www.mca.gov.cn/mzsj/xzqh/2025/202401xzqh.html,行政区划覆盖任务，不是已确认公安机构；区划变更及一对多机构关系须核实
police-610117,陕西,610117,高陵区,county,police,pending_discovery,陕西 高陵区 公安局 公安分局 政府信息公开 官方网站,https://www.mca.gov.cn/mzsj/xzqh/2025/202401xzqh.html,行政区划覆盖任务，不是已确认公安机构；区划变更及一对多机构关系须核实
police-610118,陕西,610118,鄠邑区,county,police,pending_discovery,陕西 鄠邑区 公安局 公安分局 政府信息公开 官方网站,https://www.mca.gov.cn/mzsj/xzqh/2025/202401xzqh.html,行政区划覆盖任务，不是已确认公安机构；区划变更及一对多机构关系须核实
police-610122,陕西,610122,蓝田县,county,police,pending_discovery,陕西 蓝田县 公安局 公安分局 政府信息公开 官方网站,https://www.mca.gov.cn/mzsj/xzqh/2025/202401xzqh.html,行政区划覆盖任务，不是已确认公安机构；区划变更及一对多机构关系须核实
police-610124,陕西,610124,周至县,county,police,pending_discovery,陕西 周至县 公安局 公安分局 政府信息公开 官方网站,https://www.mca.gov.cn/mzsj/xzqh/2025/202401xzqh.html,行政区划覆盖任务，不是已确认公安机构；区划变更及一对多机构关系须核实
police-610200,陕西,610200,铜川市,prefecture,police,pending_discovery,陕西 铜川市 公安局 公安分局 政府信息公开 官方网站,https://www.mca.gov.cn/mzsj/xzqh/2025/202401xzqh.html,行政区划覆盖任务，不是已确认公安机构；区划变更及一对多机构关系须核实
police-610202,陕西,610202,王益区,county,police,pending_discovery,陕西 王益区 公安局 公安分局 政府信息公开 官方网站,https://www.mca.gov.cn/mzsj/xzqh/2025/202401xzqh.html,行政区划覆盖任务，不是已确认公安机构；区划变更及一对多机构关系须核实
police-610203,陕西,610203,印台区,county,police,pending_discovery,陕西 印台区 公安局 公安分局 政府信息公开 官方网站,https://www.mca.gov.cn/mzsj/xzqh/2025/202401xzqh.html,行政区划覆盖任务，不是已确认公安机构；区划变更及一对多机构关系须核实
police-610204,陕西,610204,耀州区,county,police,pending_discovery,陕西 耀州区 公安局 公安分局 政府信息公开 官方网站,https://www.mca.gov.cn/mzsj/xzqh/2025/202401xzqh.html,行政区划覆盖任务，不是已确认公安机构；区划变更及一对多机构关系须核实
police-610222,陕西,610222,宜君县,county,police,pending_discovery,陕西 宜君县 公安局 公安分局 政府信息公开 官方网站,https://www.mca.gov.cn/mzsj/xzqh/2025/202401xzqh.html,行政区划覆盖任务，不是已确认公安机构；区划变更及一对多机构关系须核实
police-610300,陕西,610300,宝鸡市,prefecture,police,pending_discovery,陕西 宝鸡市 公安局 公安分局 政府信息公开 官方网站,https://www.mca.gov.cn/mzsj/xzqh/2025/202401xzqh.html,行政区划覆盖任务，不是已确认公安机构；区划变更及一对多机构关系须核实
police-610302,陕西,610302,渭滨区,county,police,pending_discovery,陕西 渭滨区 公安局 公安分局 政府信息公开 官方网站,https://www.mca.gov.cn/mzsj/xzqh/2025/202401xzqh.html,行政区划覆盖任务，不是已确认公安机构；区划变更及一对多机构关系须核实
police-610303,陕西,610303,金台区,county,police,pending_discovery,陕西 金台区 公安局 公安分局 政府信息公开 官方网站,https://www.mca.gov.cn/mzsj/xzqh/2025/202401xzqh.html,行政区划覆盖任务，不是已确认公安机构；区划变更及一对多机构关系须核实
police-610304,陕西,610304,陈仓区,county,police,pending_discovery,陕西 陈仓区 公安局 公安分局 政府信息公开 官方网站,https://www.mca.gov.cn/mzsj/xzqh/2025/202401xzqh.html,行政区划覆盖任务，不是已确认公安机构；区划变更及一对多机构关系须核实
police-610305,陕西,610305,凤翔区,county,police,pending_discovery,陕西 凤翔区 公安局 公安分局 政府信息公开 官方网站,https://www.mca.gov.cn/mzsj/xzqh/2025/202401xzqh.html,行政区划覆盖任务，不是已确认公安机构；区划变更及一对多机构关系须核实
police-610323,陕西,610323,岐山县,county,police,pending_discovery,陕西 岐山县 公安局 公安分局 政府信息公开 官方网站,https://www.mca.gov.cn/mzsj/xzqh/2025/202401xzqh.html,行政区划覆盖任务，不是已确认公安机构；区划变更及一对多机构关系须核实
police-610324,陕西,610324,扶风县,county,police,pending_discovery,陕西 扶风县 公安局 公安分局 政府信息公开 官方网站,https://www.mca.gov.cn/mzsj/xzqh/2025/202401xzqh.html,行政区划覆盖任务，不是已确认公安机构；区划变更及一对多机构关系须核实
police-610326,陕西,610326,眉县,county,police,pending_discovery,陕西 眉县 公安局 公安分局 政府信息公开 官方网站,https://www.mca.gov.cn/mzsj/xzqh/2025/202401xzqh.html,行政区划覆盖任务，不是已确认公安机构；区划变更及一对多机构关系须核实
police-610327,陕西,610327,陇县,county,police,pending_discovery,陕西 陇县 公安局 公安分局 政府信息公开 官方网站,https://www.mca.gov.cn/mzsj/xzqh/2025/202401xzqh.html,行政区划覆盖任务，不是已确认公安机构；区划变更及一对多机构关系须核实
police-610328,陕西,610328,千阳县,county,police,pending_discovery,陕西 千阳县 公安局 公安分局 政府信息公开 官方网站,https://www.mca.gov.cn/mzsj/xzqh/2025/202401xzqh.html,行政区划覆盖任务，不是已确认公安机构；区划变更及一对多机构关系须核实
police-610329,陕西,610329,麟游县,county,police,pending_discovery,陕西 麟游县 公安局 公安分局 政府信息公开 官方网站,https://www.mca.gov.cn/mzsj/xzqh/2025/202401xzqh.html,行政区划覆盖任务，不是已确认公安机构；区划变更及一对多机构关系须核实
police-610330,陕西,610330,凤县,county,police,pending_discovery,陕西 凤县 公安局 公安分局 政府信息公开 官方网站,https://www.mca.gov.cn/mzsj/xzqh/2025/202401xzqh.html,行政区划覆盖任务，不是已确认公安机构；区划变更及一对多机构关系须核实
police-610331,陕西,610331,太白县,county,police,pending_discovery,陕西 太白县 公安局 公安分局 政府信息公开 官方网站,https://www.mca.gov.cn/mzsj/xzqh/2025/202401xzqh.html,行政区划覆盖任务，不是已确认公安机构；区划变更及一对多机构关系须核实
police-610400,陕西,610400,咸阳市,prefecture,police,pending_discovery,陕西 咸阳市 公安局 公安分局 政府信息公开 官方网站,https://www.mca.gov.cn/mzsj/xzqh/2025/202401xzqh.html,行政区划覆盖任务，不是已确认公安机构；区划变更及一对多机构关系须核实
police-610402,陕西,610402,秦都区,county,police,pending_discovery,陕西 秦都区 公安局 公安分局 政府信息公开 官方网站,https://www.mca.gov.cn/mzsj/xzqh/2025/202401xzqh.html,行政区划覆盖任务，不是已确认公安机构；区划变更及一对多机构关系须核实
police-610403,陕西,610403,杨陵区,county,police,pending_discovery,陕西 杨陵区 公安局 公安分局 政府信息公开 官方网站,https://www.mca.gov.cn/mzsj/xzqh/2025/202401xzqh.html,行政区划覆盖任务，不是已确认公安机构；区划变更及一对多机构关系须核实
police-610404,陕西,610404,渭城区,county,police,pending_discovery,陕西 渭城区 公安局 公安分局 政府信息公开 官方网站,https://www.mca.gov.cn/mzsj/xzqh/2025/202401xzqh.html,行政区划覆盖任务，不是已确认公安机构；区划变更及一对多机构关系须核实
police-610422,陕西,610422,三原县,county,police,pending_discovery,陕西 三原县 公安局 公安分局 政府信息公开 官方网站,https://www.mca.gov.cn/mzsj/xzqh/2025/202401xzqh.html,行政区划覆盖任务，不是已确认公安机构；区划变更及一对多机构关系须核实
police-610423,陕西,610423,泾阳县,county,police,pending_discovery,陕西 泾阳县 公安局 公安分局 政府信息公开 官方网站,https://www.mca.gov.cn/mzsj/xzqh/2025/202401xzqh.html,行政区划覆盖任务，不是已确认公安机构；区划变更及一对多机构关系须核实
police-610424,陕西,610424,乾县,county,police,pending_discovery,陕西 乾县 公安局 公安分局 政府信息公开 官方网站,https://www.mca.gov.cn/mzsj/xzqh/2025/202401xzqh.html,行政区划覆盖任务，不是已确认公安机构；区划变更及一对多机构关系须核实
police-610425,陕西,610425,礼泉县,county,police,pending_discovery,陕西 礼泉县 公安局 公安分局 政府信息公开 官方网站,https://www.mca.gov.cn/mzsj/xzqh/2025/202401xzqh.html,行政区划覆盖任务，不是已确认公安机构；区划变更及一对多机构关系须核实
police-610426,陕西,610426,永寿县,county,police,pending_discovery,陕西 永寿县 公安局 公安分局 政府信息公开 官方网站,https://www.mca.gov.cn/mzsj/xzqh/2025/202401xzqh.html,行政区划覆盖任务，不是已确认公安机构；区划变更及一对多机构关系须核实
police-610428,陕西,610428,长武县,county,police,pending_discovery,陕西 长武县 公安局 公安分局 政府信息公开 官方网站,https://www.mca.gov.cn/mzsj/xzqh/2025/202401xzqh.html,行政区划覆盖任务，不是已确认公安机构；区划变更及一对多机构关系须核实
police-610429,陕西,610429,旬邑县,county,police,pending_discovery,陕西 旬邑县 公安局 公安分局 政府信息公开 官方网站,https://www.mca.gov.cn/mzsj/xzqh/2025/202401xzqh.html,行政区划覆盖任务，不是已确认公安机构；区划变更及一对多机构关系须核实
police-610430,陕西,610430,淳化县,county,police,pending_discovery,陕西 淳化县 公安局 公安分局 政府信息公开 官方网站,https://www.mca.gov.cn/mzsj/xzqh/2025/202401xzqh.html,行政区划覆盖任务，不是已确认公安机构；区划变更及一对多机构关系须核实
police-610431,陕西,610431,武功县,county,police,pending_discovery,陕西 武功县 公安局 公安分局 政府信息公开 官方网站,https://www.mca.gov.cn/mzsj/xzqh/2025/202401xzqh.html,行政区划覆盖任务，不是已确认公安机构；区划变更及一对多机构关系须核实
police-610481,陕西,610481,兴平市,county,police,pending_discovery,陕西 兴平市 公安局 公安分局 政府信息公开 官方网站,https://www.mca.gov.cn/mzsj/xzqh/2025/202401xzqh.html,行政区划覆盖任务，不是已确认公安机构；区划变更及一对多机构关系须核实
police-610482,陕西,610482,彬州市,county,police,pending_discovery,陕西 彬州市 公安局 公安分局 政府信息公开 官方网站,https://www.mca.gov.cn/mzsj/xzqh/2025/202401xzqh.html,行政区划覆盖任务，不是已确认公安机构；区划变更及一对多机构关系须核实
police-610500,陕西,610500,渭南市,prefecture,police,pending_discovery,陕西 渭南市 公安局 公安分局 政府信息公开 官方网站,https://www.mca.gov.cn/mzsj/xzqh/2025/202401xzqh.html,行政区划覆盖任务，不是已确认公安机构；区划变更及一对多机构关系须核实
police-610502,陕西,610502,临渭区,county,police,pending_discovery,陕西 临渭区 公安局 公安分局 政府信息公开 官方网站,https://www.mca.gov.cn/mzsj/xzqh/2025/202401xzqh.html,行政区划覆盖任务，不是已确认公安机构；区划变更及一对多机构关系须核实
police-610503,陕西,610503,华州区,county,police,pending_discovery,陕西 华州区 公安局 公安分局 政府信息公开 官方网站,https://www.mca.gov.cn/mzsj/xzqh/2025/202401xzqh.html,行政区划覆盖任务，不是已确认公安机构；区划变更及一对多机构关系须核实
police-610522,陕西,610522,潼关县,county,police,pending_discovery,陕西 潼关县 公安局 公安分局 政府信息公开 官方网站,https://www.mca.gov.cn/mzsj/xzqh/2025/202401xzqh.html,行政区划覆盖任务，不是已确认公安机构；区划变更及一对多机构关系须核实
police-610523,陕西,610523,大荔县,county,police,pending_discovery,陕西 大荔县 公安局 公安分局 政府信息公开 官方网站,https://www.mca.gov.cn/mzsj/xzqh/2025/202401xzqh.html,行政区划覆盖任务，不是已确认公安机构；区划变更及一对多机构关系须核实
police-610524,陕西,610524,合阳县,county,police,pending_discovery,陕西 合阳县 公安局 公安分局 政府信息公开 官方网站,https://www.mca.gov.cn/mzsj/xzqh/2025/202401xzqh.html,行政区划覆盖任务，不是已确认公安机构；区划变更及一对多机构关系须核实
police-610525,陕西,610525,澄城县,county,police,pending_discovery,陕西 澄城县 公安局 公安分局 政府信息公开 官方网站,https://www.mca.gov.cn/mzsj/xzqh/2025/202401xzqh.html,行政区划覆盖任务，不是已确认公安机构；区划变更及一对多机构关系须核实
police-610526,陕西,610526,蒲城县,county,police,pending_discovery,陕西 蒲城县 公安局 公安分局 政府信息公开 官方网站,https://www.mca.gov.cn/mzsj/xzqh/2025/202401xzqh.html,行政区划覆盖任务，不是已确认公安机构；区划变更及一对多机构关系须核实
police-610527,陕西,610527,白水县,county,police,pending_discovery,陕西 白水县 公安局 公安分局 政府信息公开 官方网站,https://www.mca.gov.cn/mzsj/xzqh/2025/202401xzqh.html,行政区划覆盖任务，不是已确认公安机构；区划变更及一对多机构关系须核实
police-610528,陕西,610528,富平县,county,police,pending_discovery,陕西 富平县 公安局 公安分局 政府信息公开 官方网站,https://www.mca.gov.cn/mzsj/xzqh/2025/202401xzqh.html,行政区划覆盖任务，不是已确认公安机构；区划变更及一对多机构关系须核实
police-610581,陕西,610581,韩城市,county,police,pending_discovery,陕西 韩城市 公安局 公安分局 政府信息公开 官方网站,https://www.mca.gov.cn/mzsj/xzqh/2025/202401xzqh.html,行政区划覆盖任务，不是已确认公安机构；区划变更及一对多机构关系须核实
police-610582,陕西,610582,华阴市,county,police,pending_discovery,陕西 华阴市 公安局 公安分局 政府信息公开 官方网站,https://www.mca.gov.cn/mzsj/xzqh/2025/202401xzqh.html,行政区划覆盖任务，不是已确认公安机构；区划变更及一对多机构关系须核实
police-610600,陕西,610600,延安市,prefecture,police,pending_discovery,陕西 延安市 公安局 公安分局 政府信息公开 官方网站,https://www.mca.gov.cn/mzsj/xzqh/2025/202401xzqh.html,行政区划覆盖任务，不是已确认公安机构；区划变更及一对多机构关系须核实
police-610602,陕西,610602,宝塔区,county,police,pending_discovery,陕西 宝塔区 公安局 公安分局 政府信息公开 官方网站,https://www.mca.gov.cn/mzsj/xzqh/2025/202401xzqh.html,行政区划覆盖任务，不是已确认公安机构；区划变更及一对多机构关系须核实
police-610603,陕西,610603,安塞区,county,police,pending_discovery,陕西 安塞区 公安局 公安分局 政府信息公开 官方网站,https://www.mca.gov.cn/mzsj/xzqh/2025/202401xzqh.html,行政区划覆盖任务，不是已确认公安机构；区划变更及一对多机构关系须核实
police-610621,陕西,610621,延长县,county,police,pending_discovery,陕西 延长县 公安局 公安分局 政府信息公开 官方网站,https://www.mca.gov.cn/mzsj/xzqh/2025/202401xzqh.html,行政区划覆盖任务，不是已确认公安机构；区划变更及一对多机构关系须核实
police-610622,陕西,610622,延川县,county,police,pending_discovery,陕西 延川县 公安局 公安分局 政府信息公开 官方网站,https://www.mca.gov.cn/mzsj/xzqh/2025/202401xzqh.html,行政区划覆盖任务，不是已确认公安机构；区划变更及一对多机构关系须核实
police-610625,陕西,610625,志丹县,county,police,pending_discovery,陕西 志丹县 公安局 公安分局 政府信息公开 官方网站,https://www.mca.gov.cn/mzsj/xzqh/2025/202401xzqh.html,行政区划覆盖任务，不是已确认公安机构；区划变更及一对多机构关系须核实
police-610626,陕西,610626,吴起县,county,police,pending_discovery,陕西 吴起县 公安局 公安分局 政府信息公开 官方网站,https://www.mca.gov.cn/mzsj/xzqh/2025/202401xzqh.html,行政区划覆盖任务，不是已确认公安机构；区划变更及一对多机构关系须核实
police-610627,陕西,610627,甘泉县,county,police,pending_discovery,陕西 甘泉县 公安局 公安分局 政府信息公开 官方网站,https://www.mca.gov.cn/mzsj/xzqh/2025/202401xzqh.html,行政区划覆盖任务，不是已确认公安机构；区划变更及一对多机构关系须核实
police-610628,陕西,610628,富县,county,police,pending_discovery,陕西 富县 公安局 公安分局 政府信息公开 官方网站,https://www.mca.gov.cn/mzsj/xzqh/2025/202401xzqh.html,行政区划覆盖任务，不是已确认公安机构；区划变更及一对多机构关系须核实
police-610629,陕西,610629,洛川县,county,police,pending_discovery,陕西 洛川县 公安局 公安分局 政府信息公开 官方网站,https://www.mca.gov.cn/mzsj/xzqh/2025/202401xzqh.html,行政区划覆盖任务，不是已确认公安机构；区划变更及一对多机构关系须核实
police-610630,陕西,610630,宜川县,county,police,pending_discovery,陕西 宜川县 公安局 公安分局 政府信息公开 官方网站,https://www.mca.gov.cn/mzsj/xzqh/2025/202401xzqh.html,行政区划覆盖任务，不是已确认公安机构；区划变更及一对多机构关系须核实
police-610631,陕西,610631,黄龙县,county,police,pending_discovery,陕西 黄龙县 公安局 公安分局 政府信息公开 官方网站,https://www.mca.gov.cn/mzsj/xzqh/2025/202401xzqh.html,行政区划覆盖任务，不是已确认公安机构；区划变更及一对多机构关系须核实
police-610632,陕西,610632,黄陵县,county,police,pending_discovery,陕西 黄陵县 公安局 公安分局 政府信息公开 官方网站,https://www.mca.gov.cn/mzsj/xzqh/2025/202401xzqh.html,行政区划覆盖任务，不是已确认公安机构；区划变更及一对多机构关系须核实
police-610681,陕西,610681,子长市,county,police,pending_discovery,陕西 子长市 公安局 公安分局 政府信息公开 官方网站,https://www.mca.gov.cn/mzsj/xzqh/2025/202401xzqh.html,行政区划覆盖任务，不是已确认公安机构；区划变更及一对多机构关系须核实
police-610700,陕西,610700,汉中市,prefecture,police,pending_discovery,陕西 汉中市 公安局 公安分局 政府信息公开 官方网站,https://www.mca.gov.cn/mzsj/xzqh/2025/202401xzqh.html,行政区划覆盖任务，不是已确认公安机构；区划变更及一对多机构关系须核实
police-610702,陕西,610702,汉台区,county,police,pending_discovery,陕西 汉台区 公安局 公安分局 政府信息公开 官方网站,https://www.mca.gov.cn/mzsj/xzqh/2025/202401xzqh.html,行政区划覆盖任务，不是已确认公安机构；区划变更及一对多机构关系须核实
police-610703,陕西,610703,南郑区,county,police,pending_discovery,陕西 南郑区 公安局 公安分局 政府信息公开 官方网站,https://www.mca.gov.cn/mzsj/xzqh/2025/202401xzqh.html,行政区划覆盖任务，不是已确认公安机构；区划变更及一对多机构关系须核实
police-610722,陕西,610722,城固县,county,police,pending_discovery,陕西 城固县 公安局 公安分局 政府信息公开 官方网站,https://www.mca.gov.cn/mzsj/xzqh/2025/202401xzqh.html,行政区划覆盖任务，不是已确认公安机构；区划变更及一对多机构关系须核实
police-610723,陕西,610723,洋县,county,police,pending_discovery,陕西 洋县 公安局 公安分局 政府信息公开 官方网站,https://www.mca.gov.cn/mzsj/xzqh/2025/202401xzqh.html,行政区划覆盖任务，不是已确认公安机构；区划变更及一对多机构关系须核实
police-610724,陕西,610724,西乡县,county,police,pending_discovery,陕西 西乡县 公安局 公安分局 政府信息公开 官方网站,https://www.mca.gov.cn/mzsj/xzqh/2025/202401xzqh.html,行政区划覆盖任务，不是已确认公安机构；区划变更及一对多机构关系须核实
police-610725,陕西,610725,勉县,county,police,pending_discovery,陕西 勉县 公安局 公安分局 政府信息公开 官方网站,https://www.mca.gov.cn/mzsj/xzqh/2025/202401xzqh.html,行政区划覆盖任务，不是已确认公安机构；区划变更及一对多机构关系须核实
police-610726,陕西,610726,宁强县,county,police,pending_discovery,陕西 宁强县 公安局 公安分局 政府信息公开 官方网站,https://www.mca.gov.cn/mzsj/xzqh/2025/202401xzqh.html,行政区划覆盖任务，不是已确认公安机构；区划变更及一对多机构关系须核实
police-610727,陕西,610727,略阳县,county,police,pending_discovery,陕西 略阳县 公安局 公安分局 政府信息公开 官方网站,https://www.mca.gov.cn/mzsj/xzqh/2025/202401xzqh.html,行政区划覆盖任务，不是已确认公安机构；区划变更及一对多机构关系须核实
police-610728,陕西,610728,镇巴县,county,police,pending_discovery,陕西 镇巴县 公安局 公安分局 政府信息公开 官方网站,https://www.mca.gov.cn/mzsj/xzqh/2025/202401xzqh.html,行政区划覆盖任务，不是已确认公安机构；区划变更及一对多机构关系须核实
police-610729,陕西,610729,留坝县,county,police,pending_discovery,陕西 留坝县 公安局 公安分局 政府信息公开 官方网站,https://www.mca.gov.cn/mzsj/xzqh/2025/202401xzqh.html,行政区划覆盖任务，不是已确认公安机构；区划变更及一对多机构关系须核实
police-610730,陕西,610730,佛坪县,county,police,pending_discovery,陕西 佛坪县 公安局 公安分局 政府信息公开 官方网站,https://www.mca.gov.cn/mzsj/xzqh/2025/202401xzqh.html,行政区划覆盖任务，不是已确认公安机构；区划变更及一对多机构关系须核实
police-610800,陕西,610800,榆林市,prefecture,police,pending_discovery,陕西 榆林市 公安局 公安分局 政府信息公开 官方网站,https://www.mca.gov.cn/mzsj/xzqh/2025/202401xzqh.html,行政区划覆盖任务，不是已确认公安机构；区划变更及一对多机构关系须核实
police-610802,陕西,610802,榆阳区,county,police,pending_discovery,陕西 榆阳区 公安局 公安分局 政府信息公开 官方网站,https://www.mca.gov.cn/mzsj/xzqh/2025/202401xzqh.html,行政区划覆盖任务，不是已确认公安机构；区划变更及一对多机构关系须核实
police-610803,陕西,610803,横山区,county,police,pending_discovery,陕西 横山区 公安局 公安分局 政府信息公开 官方网站,https://www.mca.gov.cn/mzsj/xzqh/2025/202401xzqh.html,行政区划覆盖任务，不是已确认公安机构；区划变更及一对多机构关系须核实
police-610822,陕西,610822,府谷县,county,police,pending_discovery,陕西 府谷县 公安局 公安分局 政府信息公开 官方网站,https://www.mca.gov.cn/mzsj/xzqh/2025/202401xzqh.html,行政区划覆盖任务，不是已确认公安机构；区划变更及一对多机构关系须核实
police-610824,陕西,610824,靖边县,county,police,pending_discovery,陕西 靖边县 公安局 公安分局 政府信息公开 官方网站,https://www.mca.gov.cn/mzsj/xzqh/2025/202401xzqh.html,行政区划覆盖任务，不是已确认公安机构；区划变更及一对多机构关系须核实
police-610825,陕西,610825,定边县,county,police,pending_discovery,陕西 定边县 公安局 公安分局 政府信息公开 官方网站,https://www.mca.gov.cn/mzsj/xzqh/2025/202401xzqh.html,行政区划覆盖任务，不是已确认公安机构；区划变更及一对多机构关系须核实
police-610826,陕西,610826,绥德县,county,police,pending_discovery,陕西 绥德县 公安局 公安分局 政府信息公开 官方网站,https://www.mca.gov.cn/mzsj/xzqh/2025/202401xzqh.html,行政区划覆盖任务，不是已确认公安机构；区划变更及一对多机构关系须核实
police-610827,陕西,610827,米脂县,county,police,pending_discovery,陕西 米脂县 公安局 公安分局 政府信息公开 官方网站,https://www.mca.gov.cn/mzsj/xzqh/2025/202401xzqh.html,行政区划覆盖任务，不是已确认公安机构；区划变更及一对多机构关系须核实
police-610828,陕西,610828,佳县,county,police,pending_discovery,陕西 佳县 公安局 公安分局 政府信息公开 官方网站,https://www.mca.gov.cn/mzsj/xzqh/2025/202401xzqh.html,行政区划覆盖任务，不是已确认公安机构；区划变更及一对多机构关系须核实
police-610829,陕西,610829,吴堡县,county,police,pending_discovery,陕西 吴堡县 公安局 公安分局 政府信息公开 官方网站,https://www.mca.gov.cn/mzsj/xzqh/2025/202401xzqh.html,行政区划覆盖任务，不是已确认公安机构；区划变更及一对多机构关系须核实
police-610830,陕西,610830,清涧县,county,police,pending_discovery,陕西 清涧县 公安局 公安分局 政府信息公开 官方网站,https://www.mca.gov.cn/mzsj/xzqh/2025/202401xzqh.html,行政区划覆盖任务，不是已确认公安机构；区划变更及一对多机构关系须核实
police-610831,陕西,610831,子洲县,county,police,pending_discovery,陕西 子洲县 公安局 公安分局 政府信息公开 官方网站,https://www.mca.gov.cn/mzsj/xzqh/2025/202401xzqh.html,行政区划覆盖任务，不是已确认公安机构；区划变更及一对多机构关系须核实
police-610881,陕西,610881,神木市,county,police,pending_discovery,陕西 神木市 公安局 公安分局 政府信息公开 官方网站,https://www.mca.gov.cn/mzsj/xzqh/2025/202401xzqh.html,行政区划覆盖任务，不是已确认公安机构；区划变更及一对多机构关系须核实
police-610900,陕西,610900,安康市,prefecture,police,pending_discovery,陕西 安康市 公安局 公安分局 政府信息公开 官方网站,https://www.mca.gov.cn/mzsj/xzqh/2025/202401xzqh.html,行政区划覆盖任务，不是已确认公安机构；区划变更及一对多机构关系须核实
police-610902,陕西,610902,汉滨区,county,police,pending_discovery,陕西 汉滨区 公安局 公安分局 政府信息公开 官方网站,https://www.mca.gov.cn/mzsj/xzqh/2025/202401xzqh.html,行政区划覆盖任务，不是已确认公安机构；区划变更及一对多机构关系须核实
police-610921,陕西,610921,汉阴县,county,police,pending_discovery,陕西 汉阴县 公安局 公安分局 政府信息公开 官方网站,https://www.mca.gov.cn/mzsj/xzqh/2025/202401xzqh.html,行政区划覆盖任务，不是已确认公安机构；区划变更及一对多机构关系须核实
police-610922,陕西,610922,石泉县,county,police,pending_discovery,陕西 石泉县 公安局 公安分局 政府信息公开 官方网站,https://www.mca.gov.cn/mzsj/xzqh/2025/202401xzqh.html,行政区划覆盖任务，不是已确认公安机构；区划变更及一对多机构关系须核实
police-610923,陕西,610923,宁陕县,county,police,pending_discovery,陕西 宁陕县 公安局 公安分局 政府信息公开 官方网站,https://www.mca.gov.cn/mzsj/xzqh/2025/202401xzqh.html,行政区划覆盖任务，不是已确认公安机构；区划变更及一对多机构关系须核实
police-610924,陕西,610924,紫阳县,county,police,pending_discovery,陕西 紫阳县 公安局 公安分局 政府信息公开 官方网站,https://www.mca.gov.cn/mzsj/xzqh/2025/202401xzqh.html,行政区划覆盖任务，不是已确认公安机构；区划变更及一对多机构关系须核实
police-610925,陕西,610925,岚皋县,county,police,pending_discovery,陕西 岚皋县 公安局 公安分局 政府信息公开 官方网站,https://www.mca.gov.cn/mzsj/xzqh/2025/202401xzqh.html,行政区划覆盖任务，不是已确认公安机构；区划变更及一对多机构关系须核实
police-610926,陕西,610926,平利县,county,police,pending_discovery,陕西 平利县 公安局 公安分局 政府信息公开 官方网站,https://www.mca.gov.cn/mzsj/xzqh/2025/202401xzqh.html,行政区划覆盖任务，不是已确认公安机构；区划变更及一对多机构关系须核实
police-610927,陕西,610927,镇坪县,county,police,pending_discovery,陕西 镇坪县 公安局 公安分局 政府信息公开 官方网站,https://www.mca.gov.cn/mzsj/xzqh/2025/202401xzqh.html,行政区划覆盖任务，不是已确认公安机构；区划变更及一对多机构关系须核实
police-610929,陕西,610929,白河县,county,police,pending_discovery,陕西 白河县 公安局 公安分局 政府信息公开 官方网站,https://www.mca.gov.cn/mzsj/xzqh/2025/202401xzqh.html,行政区划覆盖任务，不是已确认公安机构；区划变更及一对多机构关系须核实
police-610981,陕西,610981,旬阳市,county,police,pending_discovery,陕西 旬阳市 公安局 公安分局 政府信息公开 官方网站,https://www.mca.gov.cn/mzsj/xzqh/2025/202401xzqh.html,行政区划覆盖任务，不是已确认公安机构；区划变更及一对多机构关系须核实
police-611000,陕西,611000,商洛市,prefecture,police,pending_discovery,陕西 商洛市 公安局 公安分局 政府信息公开 官方网站,https://www.mca.gov.cn/mzsj/xzqh/2025/202401xzqh.html,行政区划覆盖任务，不是已确认公安机构；区划变更及一对多机构关系须核实
police-611002,陕西,611002,商州区,county,police,pending_discovery,陕西 商州区 公安局 公安分局 政府信息公开 官方网站,https://www.mca.gov.cn/mzsj/xzqh/2025/202401xzqh.html,行政区划覆盖任务，不是已确认公安机构；区划变更及一对多机构关系须核实
police-611021,陕西,611021,洛南县,county,police,pending_discovery,陕西 洛南县 公安局 公安分局 政府信息公开 官方网站,https://www.mca.gov.cn/mzsj/xzqh/2025/202401xzqh.html,行政区划覆盖任务，不是已确认公安机构；区划变更及一对多机构关系须核实
police-611022,陕西,611022,丹凤县,county,police,pending_discovery,陕西 丹凤县 公安局 公安分局 政府信息公开 官方网站,https://www.mca.gov.cn/mzsj/xzqh/2025/202401xzqh.html,行政区划覆盖任务，不是已确认公安机构；区划变更及一对多机构关系须核实
police-611023,陕西,611023,商南县,county,police,pending_discovery,陕西 商南县 公安局 公安分局 政府信息公开 官方网站,https://www.mca.gov.cn/mzsj/xzqh/2025/202401xzqh.html,行政区划覆盖任务，不是已确认公安机构；区划变更及一对多机构关系须核实
police-611024,陕西,611024,山阳县,county,police,pending_discovery,陕西 山阳县 公安局 公安分局 政府信息公开 官方网站,https://www.mca.gov.cn/mzsj/xzqh/2025/202401xzqh.html,行政区划覆盖任务，不是已确认公安机构；区划变更及一对多机构关系须核实
police-611025,陕西,611025,镇安县,county,police,pending_discovery,陕西 镇安县 公安局 公安分局 政府信息公开 官方网站,https://www.mca.gov.cn/mzsj/xzqh/2025/202401xzqh.html,行政区划覆盖任务，不是已确认公安机构；区划变更及一对多机构关系须核实
police-611026,陕西,611026,柞水县,county,police,pending_discovery,陕西 柞水县 公安局 公安分局 政府信息公开 官方网站,https://www.mca.gov.cn/mzsj/xzqh/2025/202401xzqh.html,行政区划覆盖任务，不是已确认公安机构；区划变更及一对多机构关系须核实
police-620000,甘肃,620000,甘肃省,province,police,pending_discovery,甘肃 甘肃省 公安局 公安分局 政府信息公开 官方网站,https://www.mca.gov.cn/mzsj/xzqh/2025/202401xzqh.html,行政区划覆盖任务，不是已确认公安机构；区划变更及一对多机构关系须核实
police-620100,甘肃,620100,兰州市,prefecture,police,pending_discovery,甘肃 兰州市 公安局 公安分局 政府信息公开 官方网站,https://www.mca.gov.cn/mzsj/xzqh/2025/202401xzqh.html,行政区划覆盖任务，不是已确认公安机构；区划变更及一对多机构关系须核实
police-620102,甘肃,620102,城关区,county,police,pending_discovery,甘肃 城关区 公安局 公安分局 政府信息公开 官方网站,https://www.mca.gov.cn/mzsj/xzqh/2025/202401xzqh.html,行政区划覆盖任务，不是已确认公安机构；区划变更及一对多机构关系须核实
police-620103,甘肃,620103,七里河区,county,police,pending_discovery,甘肃 七里河区 公安局 公安分局 政府信息公开 官方网站,https://www.mca.gov.cn/mzsj/xzqh/2025/202401xzqh.html,行政区划覆盖任务，不是已确认公安机构；区划变更及一对多机构关系须核实
police-620104,甘肃,620104,西固区,county,police,pending_discovery,甘肃 西固区 公安局 公安分局 政府信息公开 官方网站,https://www.mca.gov.cn/mzsj/xzqh/2025/202401xzqh.html,行政区划覆盖任务，不是已确认公安机构；区划变更及一对多机构关系须核实
police-620105,甘肃,620105,安宁区,county,police,pending_discovery,甘肃 安宁区 公安局 公安分局 政府信息公开 官方网站,https://www.mca.gov.cn/mzsj/xzqh/2025/202401xzqh.html,行政区划覆盖任务，不是已确认公安机构；区划变更及一对多机构关系须核实
police-620111,甘肃,620111,红古区,county,police,pending_discovery,甘肃 红古区 公安局 公安分局 政府信息公开 官方网站,https://www.mca.gov.cn/mzsj/xzqh/2025/202401xzqh.html,行政区划覆盖任务，不是已确认公安机构；区划变更及一对多机构关系须核实
police-620121,甘肃,620121,永登县,county,police,pending_discovery,甘肃 永登县 公安局 公安分局 政府信息公开 官方网站,https://www.mca.gov.cn/mzsj/xzqh/2025/202401xzqh.html,行政区划覆盖任务，不是已确认公安机构；区划变更及一对多机构关系须核实
police-620122,甘肃,620122,皋兰县,county,police,pending_discovery,甘肃 皋兰县 公安局 公安分局 政府信息公开 官方网站,https://www.mca.gov.cn/mzsj/xzqh/2025/202401xzqh.html,行政区划覆盖任务，不是已确认公安机构；区划变更及一对多机构关系须核实
police-620123,甘肃,620123,榆中县,county,police,pending_discovery,甘肃 榆中县 公安局 公安分局 政府信息公开 官方网站,https://www.mca.gov.cn/mzsj/xzqh/2025/202401xzqh.html,行政区划覆盖任务，不是已确认公安机构；区划变更及一对多机构关系须核实
police-620200,甘肃,620200,嘉峪关市,prefecture,police,pending_discovery,甘肃 嘉峪关市 公安局 公安分局 政府信息公开 官方网站,https://www.mca.gov.cn/mzsj/xzqh/2025/202401xzqh.html,行政区划覆盖任务，不是已确认公安机构；区划变更及一对多机构关系须核实
police-620300,甘肃,620300,金昌市,prefecture,police,pending_discovery,甘肃 金昌市 公安局 公安分局 政府信息公开 官方网站,https://www.mca.gov.cn/mzsj/xzqh/2025/202401xzqh.html,行政区划覆盖任务，不是已确认公安机构；区划变更及一对多机构关系须核实
police-620302,甘肃,620302,金川区,county,police,pending_discovery,甘肃 金川区 公安局 公安分局 政府信息公开 官方网站,https://www.mca.gov.cn/mzsj/xzqh/2025/202401xzqh.html,行政区划覆盖任务，不是已确认公安机构；区划变更及一对多机构关系须核实
police-620321,甘肃,620321,永昌县,county,police,pending_discovery,甘肃 永昌县 公安局 公安分局 政府信息公开 官方网站,https://www.mca.gov.cn/mzsj/xzqh/2025/202401xzqh.html,行政区划覆盖任务，不是已确认公安机构；区划变更及一对多机构关系须核实
police-620400,甘肃,620400,白银市,prefecture,police,pending_discovery,甘肃 白银市 公安局 公安分局 政府信息公开 官方网站,https://www.mca.gov.cn/mzsj/xzqh/2025/202401xzqh.html,行政区划覆盖任务，不是已确认公安机构；区划变更及一对多机构关系须核实
police-620402,甘肃,620402,白银区,county,police,pending_discovery,甘肃 白银区 公安局 公安分局 政府信息公开 官方网站,https://www.mca.gov.cn/mzsj/xzqh/2025/202401xzqh.html,行政区划覆盖任务，不是已确认公安机构；区划变更及一对多机构关系须核实
police-620403,甘肃,620403,平川区,county,police,pending_discovery,甘肃 平川区 公安局 公安分局 政府信息公开 官方网站,https://www.mca.gov.cn/mzsj/xzqh/2025/202401xzqh.html,行政区划覆盖任务，不是已确认公安机构；区划变更及一对多机构关系须核实
police-620421,甘肃,620421,靖远县,county,police,pending_discovery,甘肃 靖远县 公安局 公安分局 政府信息公开 官方网站,https://www.mca.gov.cn/mzsj/xzqh/2025/202401xzqh.html,行政区划覆盖任务，不是已确认公安机构；区划变更及一对多机构关系须核实
police-620422,甘肃,620422,会宁县,county,police,pending_discovery,甘肃 会宁县 公安局 公安分局 政府信息公开 官方网站,https://www.mca.gov.cn/mzsj/xzqh/2025/202401xzqh.html,行政区划覆盖任务，不是已确认公安机构；区划变更及一对多机构关系须核实
police-620423,甘肃,620423,景泰县,county,police,pending_discovery,甘肃 景泰县 公安局 公安分局 政府信息公开 官方网站,https://www.mca.gov.cn/mzsj/xzqh/2025/202401xzqh.html,行政区划覆盖任务，不是已确认公安机构；区划变更及一对多机构关系须核实
police-620500,甘肃,620500,天水市,prefecture,police,pending_discovery,甘肃 天水市 公安局 公安分局 政府信息公开 官方网站,https://www.mca.gov.cn/mzsj/xzqh/2025/202401xzqh.html,行政区划覆盖任务，不是已确认公安机构；区划变更及一对多机构关系须核实
police-620502,甘肃,620502,秦州区,county,police,pending_discovery,甘肃 秦州区 公安局 公安分局 政府信息公开 官方网站,https://www.mca.gov.cn/mzsj/xzqh/2025/202401xzqh.html,行政区划覆盖任务，不是已确认公安机构；区划变更及一对多机构关系须核实
police-620503,甘肃,620503,麦积区,county,police,pending_discovery,甘肃 麦积区 公安局 公安分局 政府信息公开 官方网站,https://www.mca.gov.cn/mzsj/xzqh/2025/202401xzqh.html,行政区划覆盖任务，不是已确认公安机构；区划变更及一对多机构关系须核实
police-620521,甘肃,620521,清水县,county,police,pending_discovery,甘肃 清水县 公安局 公安分局 政府信息公开 官方网站,https://www.mca.gov.cn/mzsj/xzqh/2025/202401xzqh.html,行政区划覆盖任务，不是已确认公安机构；区划变更及一对多机构关系须核实
police-620522,甘肃,620522,秦安县,county,police,pending_discovery,甘肃 秦安县 公安局 公安分局 政府信息公开 官方网站,https://www.mca.gov.cn/mzsj/xzqh/2025/202401xzqh.html,行政区划覆盖任务，不是已确认公安机构；区划变更及一对多机构关系须核实
police-620523,甘肃,620523,甘谷县,county,police,pending_discovery,甘肃 甘谷县 公安局 公安分局 政府信息公开 官方网站,https://www.mca.gov.cn/mzsj/xzqh/2025/202401xzqh.html,行政区划覆盖任务，不是已确认公安机构；区划变更及一对多机构关系须核实
police-620524,甘肃,620524,武山县,county,police,pending_discovery,甘肃 武山县 公安局 公安分局 政府信息公开 官方网站,https://www.mca.gov.cn/mzsj/xzqh/2025/202401xzqh.html,行政区划覆盖任务，不是已确认公安机构；区划变更及一对多机构关系须核实
police-620525,甘肃,620525,张家川回族自治县,county,police,pending_discovery,甘肃 张家川回族自治县 公安局 公安分局 政府信息公开 官方网站,https://www.mca.gov.cn/mzsj/xzqh/2025/202401xzqh.html,行政区划覆盖任务，不是已确认公安机构；区划变更及一对多机构关系须核实
police-620600,甘肃,620600,武威市,prefecture,police,pending_discovery,甘肃 武威市 公安局 公安分局 政府信息公开 官方网站,https://www.mca.gov.cn/mzsj/xzqh/2025/202401xzqh.html,行政区划覆盖任务，不是已确认公安机构；区划变更及一对多机构关系须核实
police-620602,甘肃,620602,凉州区,county,police,pending_discovery,甘肃 凉州区 公安局 公安分局 政府信息公开 官方网站,https://www.mca.gov.cn/mzsj/xzqh/2025/202401xzqh.html,行政区划覆盖任务，不是已确认公安机构；区划变更及一对多机构关系须核实
police-620621,甘肃,620621,民勤县,county,police,pending_discovery,甘肃 民勤县 公安局 公安分局 政府信息公开 官方网站,https://www.mca.gov.cn/mzsj/xzqh/2025/202401xzqh.html,行政区划覆盖任务，不是已确认公安机构；区划变更及一对多机构关系须核实
police-620622,甘肃,620622,古浪县,county,police,pending_discovery,甘肃 古浪县 公安局 公安分局 政府信息公开 官方网站,https://www.mca.gov.cn/mzsj/xzqh/2025/202401xzqh.html,行政区划覆盖任务，不是已确认公安机构；区划变更及一对多机构关系须核实
police-620623,甘肃,620623,天祝藏族自治县,county,police,pending_discovery,甘肃 天祝藏族自治县 公安局 公安分局 政府信息公开 官方网站,https://www.mca.gov.cn/mzsj/xzqh/2025/202401xzqh.html,行政区划覆盖任务，不是已确认公安机构；区划变更及一对多机构关系须核实
police-620700,甘肃,620700,张掖市,prefecture,police,pending_discovery,甘肃 张掖市 公安局 公安分局 政府信息公开 官方网站,https://www.mca.gov.cn/mzsj/xzqh/2025/202401xzqh.html,行政区划覆盖任务，不是已确认公安机构；区划变更及一对多机构关系须核实
police-620702,甘肃,620702,甘州区,county,police,pending_discovery,甘肃 甘州区 公安局 公安分局 政府信息公开 官方网站,https://www.mca.gov.cn/mzsj/xzqh/2025/202401xzqh.html,行政区划覆盖任务，不是已确认公安机构；区划变更及一对多机构关系须核实
police-620721,甘肃,620721,肃南裕固族自治县,county,police,pending_discovery,甘肃 肃南裕固族自治县 公安局 公安分局 政府信息公开 官方网站,https://www.mca.gov.cn/mzsj/xzqh/2025/202401xzqh.html,行政区划覆盖任务，不是已确认公安机构；区划变更及一对多机构关系须核实
police-620722,甘肃,620722,民乐县,county,police,pending_discovery,甘肃 民乐县 公安局 公安分局 政府信息公开 官方网站,https://www.mca.gov.cn/mzsj/xzqh/2025/202401xzqh.html,行政区划覆盖任务，不是已确认公安机构；区划变更及一对多机构关系须核实
police-620723,甘肃,620723,临泽县,county,police,pending_discovery,甘肃 临泽县 公安局 公安分局 政府信息公开 官方网站,https://www.mca.gov.cn/mzsj/xzqh/2025/202401xzqh.html,行政区划覆盖任务，不是已确认公安机构；区划变更及一对多机构关系须核实
police-620724,甘肃,620724,高台县,county,police,pending_discovery,甘肃 高台县 公安局 公安分局 政府信息公开 官方网站,https://www.mca.gov.cn/mzsj/xzqh/2025/202401xzqh.html,行政区划覆盖任务，不是已确认公安机构；区划变更及一对多机构关系须核实
police-620725,甘肃,620725,山丹县,county,police,pending_discovery,甘肃 山丹县 公安局 公安分局 政府信息公开 官方网站,https://www.mca.gov.cn/mzsj/xzqh/2025/202401xzqh.html,行政区划覆盖任务，不是已确认公安机构；区划变更及一对多机构关系须核实
police-620800,甘肃,620800,平凉市,prefecture,police,pending_discovery,甘肃 平凉市 公安局 公安分局 政府信息公开 官方网站,https://www.mca.gov.cn/mzsj/xzqh/2025/202401xzqh.html,行政区划覆盖任务，不是已确认公安机构；区划变更及一对多机构关系须核实
police-620802,甘肃,620802,崆峒区,county,police,pending_discovery,甘肃 崆峒区 公安局 公安分局 政府信息公开 官方网站,https://www.mca.gov.cn/mzsj/xzqh/2025/202401xzqh.html,行政区划覆盖任务，不是已确认公安机构；区划变更及一对多机构关系须核实
police-620821,甘肃,620821,泾川县,county,police,pending_discovery,甘肃 泾川县 公安局 公安分局 政府信息公开 官方网站,https://www.mca.gov.cn/mzsj/xzqh/2025/202401xzqh.html,行政区划覆盖任务，不是已确认公安机构；区划变更及一对多机构关系须核实
police-620822,甘肃,620822,灵台县,county,police,pending_discovery,甘肃 灵台县 公安局 公安分局 政府信息公开 官方网站,https://www.mca.gov.cn/mzsj/xzqh/2025/202401xzqh.html,行政区划覆盖任务，不是已确认公安机构；区划变更及一对多机构关系须核实
police-620823,甘肃,620823,崇信县,county,police,pending_discovery,甘肃 崇信县 公安局 公安分局 政府信息公开 官方网站,https://www.mca.gov.cn/mzsj/xzqh/2025/202401xzqh.html,行政区划覆盖任务，不是已确认公安机构；区划变更及一对多机构关系须核实
police-620825,甘肃,620825,庄浪县,county,police,pending_discovery,甘肃 庄浪县 公安局 公安分局 政府信息公开 官方网站,https://www.mca.gov.cn/mzsj/xzqh/2025/202401xzqh.html,行政区划覆盖任务，不是已确认公安机构；区划变更及一对多机构关系须核实
police-620826,甘肃,620826,静宁县,county,police,pending_discovery,甘肃 静宁县 公安局 公安分局 政府信息公开 官方网站,https://www.mca.gov.cn/mzsj/xzqh/2025/202401xzqh.html,行政区划覆盖任务，不是已确认公安机构；区划变更及一对多机构关系须核实
police-620881,甘肃,620881,华亭市,county,police,pending_discovery,甘肃 华亭市 公安局 公安分局 政府信息公开 官方网站,https://www.mca.gov.cn/mzsj/xzqh/2025/202401xzqh.html,行政区划覆盖任务，不是已确认公安机构；区划变更及一对多机构关系须核实
police-620900,甘肃,620900,酒泉市,prefecture,police,pending_discovery,甘肃 酒泉市 公安局 公安分局 政府信息公开 官方网站,https://www.mca.gov.cn/mzsj/xzqh/2025/202401xzqh.html,行政区划覆盖任务，不是已确认公安机构；区划变更及一对多机构关系须核实
police-620902,甘肃,620902,肃州区,county,police,pending_discovery,甘肃 肃州区 公安局 公安分局 政府信息公开 官方网站,https://www.mca.gov.cn/mzsj/xzqh/2025/202401xzqh.html,行政区划覆盖任务，不是已确认公安机构；区划变更及一对多机构关系须核实
police-620921,甘肃,620921,金塔县,county,police,pending_discovery,甘肃 金塔县 公安局 公安分局 政府信息公开 官方网站,https://www.mca.gov.cn/mzsj/xzqh/2025/202401xzqh.html,行政区划覆盖任务，不是已确认公安机构；区划变更及一对多机构关系须核实
police-620922,甘肃,620922,瓜州县,county,police,pending_discovery,甘肃 瓜州县 公安局 公安分局 政府信息公开 官方网站,https://www.mca.gov.cn/mzsj/xzqh/2025/202401xzqh.html,行政区划覆盖任务，不是已确认公安机构；区划变更及一对多机构关系须核实
police-620923,甘肃,620923,肃北蒙古族自治县,county,police,pending_discovery,甘肃 肃北蒙古族自治县 公安局 公安分局 政府信息公开 官方网站,https://www.mca.gov.cn/mzsj/xzqh/2025/202401xzqh.html,行政区划覆盖任务，不是已确认公安机构；区划变更及一对多机构关系须核实
police-620924,甘肃,620924,阿克塞哈萨克族自治县,county,police,pending_discovery,甘肃 阿克塞哈萨克族自治县 公安局 公安分局 政府信息公开 官方网站,https://www.mca.gov.cn/mzsj/xzqh/2025/202401xzqh.html,行政区划覆盖任务，不是已确认公安机构；区划变更及一对多机构关系须核实
police-620981,甘肃,620981,玉门市,county,police,pending_discovery,甘肃 玉门市 公安局 公安分局 政府信息公开 官方网站,https://www.mca.gov.cn/mzsj/xzqh/2025/202401xzqh.html,行政区划覆盖任务，不是已确认公安机构；区划变更及一对多机构关系须核实
police-620982,甘肃,620982,敦煌市,county,police,pending_discovery,甘肃 敦煌市 公安局 公安分局 政府信息公开 官方网站,https://www.mca.gov.cn/mzsj/xzqh/2025/202401xzqh.html,行政区划覆盖任务，不是已确认公安机构；区划变更及一对多机构关系须核实
police-621000,甘肃,621000,庆阳市,prefecture,police,pending_discovery,甘肃 庆阳市 公安局 公安分局 政府信息公开 官方网站,https://www.mca.gov.cn/mzsj/xzqh/2025/202401xzqh.html,行政区划覆盖任务，不是已确认公安机构；区划变更及一对多机构关系须核实
police-621002,甘肃,621002,西峰区,county,police,pending_discovery,甘肃 西峰区 公安局 公安分局 政府信息公开 官方网站,https://www.mca.gov.cn/mzsj/xzqh/2025/202401xzqh.html,行政区划覆盖任务，不是已确认公安机构；区划变更及一对多机构关系须核实
police-621021,甘肃,621021,庆城县,county,police,pending_discovery,甘肃 庆城县 公安局 公安分局 政府信息公开 官方网站,https://www.mca.gov.cn/mzsj/xzqh/2025/202401xzqh.html,行政区划覆盖任务，不是已确认公安机构；区划变更及一对多机构关系须核实
police-621022,甘肃,621022,环县,county,police,pending_discovery,甘肃 环县 公安局 公安分局 政府信息公开 官方网站,https://www.mca.gov.cn/mzsj/xzqh/2025/202401xzqh.html,行政区划覆盖任务，不是已确认公安机构；区划变更及一对多机构关系须核实
police-621023,甘肃,621023,华池县,county,police,pending_discovery,甘肃 华池县 公安局 公安分局 政府信息公开 官方网站,https://www.mca.gov.cn/mzsj/xzqh/2025/202401xzqh.html,行政区划覆盖任务，不是已确认公安机构；区划变更及一对多机构关系须核实
police-621024,甘肃,621024,合水县,county,police,pending_discovery,甘肃 合水县 公安局 公安分局 政府信息公开 官方网站,https://www.mca.gov.cn/mzsj/xzqh/2025/202401xzqh.html,行政区划覆盖任务，不是已确认公安机构；区划变更及一对多机构关系须核实
police-621025,甘肃,621025,正宁县,county,police,pending_discovery,甘肃 正宁县 公安局 公安分局 政府信息公开 官方网站,https://www.mca.gov.cn/mzsj/xzqh/2025/202401xzqh.html,行政区划覆盖任务，不是已确认公安机构；区划变更及一对多机构关系须核实
police-621026,甘肃,621026,宁县,county,police,pending_discovery,甘肃 宁县 公安局 公安分局 政府信息公开 官方网站,https://www.mca.gov.cn/mzsj/xzqh/2025/202401xzqh.html,行政区划覆盖任务，不是已确认公安机构；区划变更及一对多机构关系须核实
police-621027,甘肃,621027,镇原县,county,police,pending_discovery,甘肃 镇原县 公安局 公安分局 政府信息公开 官方网站,https://www.mca.gov.cn/mzsj/xzqh/2025/202401xzqh.html,行政区划覆盖任务，不是已确认公安机构；区划变更及一对多机构关系须核实
police-621100,甘肃,621100,定西市,prefecture,police,pending_discovery,甘肃 定西市 公安局 公安分局 政府信息公开 官方网站,https://www.mca.gov.cn/mzsj/xzqh/2025/202401xzqh.html,行政区划覆盖任务，不是已确认公安机构；区划变更及一对多机构关系须核实
police-621102,甘肃,621102,安定区,county,police,pending_discovery,甘肃 安定区 公安局 公安分局 政府信息公开 官方网站,https://www.mca.gov.cn/mzsj/xzqh/2025/202401xzqh.html,行政区划覆盖任务，不是已确认公安机构；区划变更及一对多机构关系须核实
police-621121,甘肃,621121,通渭县,county,police,pending_discovery,甘肃 通渭县 公安局 公安分局 政府信息公开 官方网站,https://www.mca.gov.cn/mzsj/xzqh/2025/202401xzqh.html,行政区划覆盖任务，不是已确认公安机构；区划变更及一对多机构关系须核实
police-621122,甘肃,621122,陇西县,county,police,pending_discovery,甘肃 陇西县 公安局 公安分局 政府信息公开 官方网站,https://www.mca.gov.cn/mzsj/xzqh/2025/202401xzqh.html,行政区划覆盖任务，不是已确认公安机构；区划变更及一对多机构关系须核实
police-621123,甘肃,621123,渭源县,county,police,pending_discovery,甘肃 渭源县 公安局 公安分局 政府信息公开 官方网站,https://www.mca.gov.cn/mzsj/xzqh/2025/202401xzqh.html,行政区划覆盖任务，不是已确认公安机构；区划变更及一对多机构关系须核实
police-621124,甘肃,621124,临洮县,county,police,pending_discovery,甘肃 临洮县 公安局 公安分局 政府信息公开 官方网站,https://www.mca.gov.cn/mzsj/xzqh/2025/202401xzqh.html,行政区划覆盖任务，不是已确认公安机构；区划变更及一对多机构关系须核实
police-621125,甘肃,621125,漳县,county,police,pending_discovery,甘肃 漳县 公安局 公安分局 政府信息公开 官方网站,https://www.mca.gov.cn/mzsj/xzqh/2025/202401xzqh.html,行政区划覆盖任务，不是已确认公安机构；区划变更及一对多机构关系须核实
police-621126,甘肃,621126,岷县,county,police,pending_discovery,甘肃 岷县 公安局 公安分局 政府信息公开 官方网站,https://www.mca.gov.cn/mzsj/xzqh/2025/202401xzqh.html,行政区划覆盖任务，不是已确认公安机构；区划变更及一对多机构关系须核实
police-621200,甘肃,621200,陇南市,prefecture,police,pending_discovery,甘肃 陇南市 公安局 公安分局 政府信息公开 官方网站,https://www.mca.gov.cn/mzsj/xzqh/2025/202401xzqh.html,行政区划覆盖任务，不是已确认公安机构；区划变更及一对多机构关系须核实
police-621202,甘肃,621202,武都区,county,police,pending_discovery,甘肃 武都区 公安局 公安分局 政府信息公开 官方网站,https://www.mca.gov.cn/mzsj/xzqh/2025/202401xzqh.html,行政区划覆盖任务，不是已确认公安机构；区划变更及一对多机构关系须核实
police-621221,甘肃,621221,成县,county,police,pending_discovery,甘肃 成县 公安局 公安分局 政府信息公开 官方网站,https://www.mca.gov.cn/mzsj/xzqh/2025/202401xzqh.html,行政区划覆盖任务，不是已确认公安机构；区划变更及一对多机构关系须核实
police-621222,甘肃,621222,文县,county,police,pending_discovery,甘肃 文县 公安局 公安分局 政府信息公开 官方网站,https://www.mca.gov.cn/mzsj/xzqh/2025/202401xzqh.html,行政区划覆盖任务，不是已确认公安机构；区划变更及一对多机构关系须核实
police-621223,甘肃,621223,宕昌县,county,police,pending_discovery,甘肃 宕昌县 公安局 公安分局 政府信息公开 官方网站,https://www.mca.gov.cn/mzsj/xzqh/2025/202401xzqh.html,行政区划覆盖任务，不是已确认公安机构；区划变更及一对多机构关系须核实
police-621224,甘肃,621224,康县,county,police,pending_discovery,甘肃 康县 公安局 公安分局 政府信息公开 官方网站,https://www.mca.gov.cn/mzsj/xzqh/2025/202401xzqh.html,行政区划覆盖任务，不是已确认公安机构；区划变更及一对多机构关系须核实
police-621225,甘肃,621225,西和县,county,police,pending_discovery,甘肃 西和县 公安局 公安分局 政府信息公开 官方网站,https://www.mca.gov.cn/mzsj/xzqh/2025/202401xzqh.html,行政区划覆盖任务，不是已确认公安机构；区划变更及一对多机构关系须核实
police-621226,甘肃,621226,礼县,county,police,pending_discovery,甘肃 礼县 公安局 公安分局 政府信息公开 官方网站,https://www.mca.gov.cn/mzsj/xzqh/2025/202401xzqh.html,行政区划覆盖任务，不是已确认公安机构；区划变更及一对多机构关系须核实
police-621227,甘肃,621227,徽县,county,police,pending_discovery,甘肃 徽县 公安局 公安分局 政府信息公开 官方网站,https://www.mca.gov.cn/mzsj/xzqh/2025/202401xzqh.html,行政区划覆盖任务，不是已确认公安机构；区划变更及一对多机构关系须核实
police-621228,甘肃,621228,两当县,county,police,pending_discovery,甘肃 两当县 公安局 公安分局 政府信息公开 官方网站,https://www.mca.gov.cn/mzsj/xzqh/2025/202401xzqh.html,行政区划覆盖任务，不是已确认公安机构；区划变更及一对多机构关系须核实
police-622900,甘肃,622900,临夏回族自治州,prefecture,police,pending_discovery,甘肃 临夏回族自治州 公安局 公安分局 政府信息公开 官方网站,https://www.mca.gov.cn/mzsj/xzqh/2025/202401xzqh.html,行政区划覆盖任务，不是已确认公安机构；区划变更及一对多机构关系须核实
police-622901,甘肃,622901,临夏市,county,police,pending_discovery,甘肃 临夏市 公安局 公安分局 政府信息公开 官方网站,https://www.mca.gov.cn/mzsj/xzqh/2025/202401xzqh.html,行政区划覆盖任务，不是已确认公安机构；区划变更及一对多机构关系须核实
police-622921,甘肃,622921,临夏县,county,police,pending_discovery,甘肃 临夏县 公安局 公安分局 政府信息公开 官方网站,https://www.mca.gov.cn/mzsj/xzqh/2025/202401xzqh.html,行政区划覆盖任务，不是已确认公安机构；区划变更及一对多机构关系须核实
police-622922,甘肃,622922,康乐县,county,police,pending_discovery,甘肃 康乐县 公安局 公安分局 政府信息公开 官方网站,https://www.mca.gov.cn/mzsj/xzqh/2025/202401xzqh.html,行政区划覆盖任务，不是已确认公安机构；区划变更及一对多机构关系须核实
police-622923,甘肃,622923,永靖县,county,police,pending_discovery,甘肃 永靖县 公安局 公安分局 政府信息公开 官方网站,https://www.mca.gov.cn/mzsj/xzqh/2025/202401xzqh.html,行政区划覆盖任务，不是已确认公安机构；区划变更及一对多机构关系须核实
police-622924,甘肃,622924,广河县,county,police,pending_discovery,甘肃 广河县 公安局 公安分局 政府信息公开 官方网站,https://www.mca.gov.cn/mzsj/xzqh/2025/202401xzqh.html,行政区划覆盖任务，不是已确认公安机构；区划变更及一对多机构关系须核实
police-622925,甘肃,622925,和政县,county,police,pending_discovery,甘肃 和政县 公安局 公安分局 政府信息公开 官方网站,https://www.mca.gov.cn/mzsj/xzqh/2025/202401xzqh.html,行政区划覆盖任务，不是已确认公安机构；区划变更及一对多机构关系须核实
police-622926,甘肃,622926,东乡族自治县,county,police,pending_discovery,甘肃 东乡族自治县 公安局 公安分局 政府信息公开 官方网站,https://www.mca.gov.cn/mzsj/xzqh/2025/202401xzqh.html,行政区划覆盖任务，不是已确认公安机构；区划变更及一对多机构关系须核实
police-622927,甘肃,622927,积石山保安族东乡族撒拉族自治县,county,police,pending_discovery,甘肃 积石山保安族东乡族撒拉族自治县 公安局 公安分局 政府信息公开 官方网站,https://www.mca.gov.cn/mzsj/xzqh/2025/202401xzqh.html,行政区划覆盖任务，不是已确认公安机构；区划变更及一对多机构关系须核实
police-623000,甘肃,623000,甘南藏族自治州,prefecture,police,pending_discovery,甘肃 甘南藏族自治州 公安局 公安分局 政府信息公开 官方网站,https://www.mca.gov.cn/mzsj/xzqh/2025/202401xzqh.html,行政区划覆盖任务，不是已确认公安机构；区划变更及一对多机构关系须核实
police-623001,甘肃,623001,合作市,county,police,pending_discovery,甘肃 合作市 公安局 公安分局 政府信息公开 官方网站,https://www.mca.gov.cn/mzsj/xzqh/2025/202401xzqh.html,行政区划覆盖任务，不是已确认公安机构；区划变更及一对多机构关系须核实
police-623021,甘肃,623021,临潭县,county,police,pending_discovery,甘肃 临潭县 公安局 公安分局 政府信息公开 官方网站,https://www.mca.gov.cn/mzsj/xzqh/2025/202401xzqh.html,行政区划覆盖任务，不是已确认公安机构；区划变更及一对多机构关系须核实
police-623022,甘肃,623022,卓尼县,county,police,pending_discovery,甘肃 卓尼县 公安局 公安分局 政府信息公开 官方网站,https://www.mca.gov.cn/mzsj/xzqh/2025/202401xzqh.html,行政区划覆盖任务，不是已确认公安机构；区划变更及一对多机构关系须核实
police-623023,甘肃,623023,舟曲县,county,police,pending_discovery,甘肃 舟曲县 公安局 公安分局 政府信息公开 官方网站,https://www.mca.gov.cn/mzsj/xzqh/2025/202401xzqh.html,行政区划覆盖任务，不是已确认公安机构；区划变更及一对多机构关系须核实
police-623024,甘肃,623024,迭部县,county,police,pending_discovery,甘肃 迭部县 公安局 公安分局 政府信息公开 官方网站,https://www.mca.gov.cn/mzsj/xzqh/2025/202401xzqh.html,行政区划覆盖任务，不是已确认公安机构；区划变更及一对多机构关系须核实
police-623025,甘肃,623025,玛曲县,county,police,pending_discovery,甘肃 玛曲县 公安局 公安分局 政府信息公开 官方网站,https://www.mca.gov.cn/mzsj/xzqh/2025/202401xzqh.html,行政区划覆盖任务，不是已确认公安机构；区划变更及一对多机构关系须核实
police-623026,甘肃,623026,碌曲县,county,police,pending_discovery,甘肃 碌曲县 公安局 公安分局 政府信息公开 官方网站,https://www.mca.gov.cn/mzsj/xzqh/2025/202401xzqh.html,行政区划覆盖任务，不是已确认公安机构；区划变更及一对多机构关系须核实
police-623027,甘肃,623027,夏河县,county,police,pending_discovery,甘肃 夏河县 公安局 公安分局 政府信息公开 官方网站,https://www.mca.gov.cn/mzsj/xzqh/2025/202401xzqh.html,行政区划覆盖任务，不是已确认公安机构；区划变更及一对多机构关系须核实
police-630000,青海,630000,青海省,province,police,pending_discovery,青海 青海省 公安局 公安分局 政府信息公开 官方网站,https://www.mca.gov.cn/mzsj/xzqh/2025/202401xzqh.html,行政区划覆盖任务，不是已确认公安机构；区划变更及一对多机构关系须核实
police-630100,青海,630100,西宁市,prefecture,police,pending_discovery,青海 西宁市 公安局 公安分局 政府信息公开 官方网站,https://www.mca.gov.cn/mzsj/xzqh/2025/202401xzqh.html,行政区划覆盖任务，不是已确认公安机构；区划变更及一对多机构关系须核实
police-630102,青海,630102,城东区,county,police,pending_discovery,青海 城东区 公安局 公安分局 政府信息公开 官方网站,https://www.mca.gov.cn/mzsj/xzqh/2025/202401xzqh.html,行政区划覆盖任务，不是已确认公安机构；区划变更及一对多机构关系须核实
police-630103,青海,630103,城中区,county,police,pending_discovery,青海 城中区 公安局 公安分局 政府信息公开 官方网站,https://www.mca.gov.cn/mzsj/xzqh/2025/202401xzqh.html,行政区划覆盖任务，不是已确认公安机构；区划变更及一对多机构关系须核实
police-630104,青海,630104,城西区,county,police,pending_discovery,青海 城西区 公安局 公安分局 政府信息公开 官方网站,https://www.mca.gov.cn/mzsj/xzqh/2025/202401xzqh.html,行政区划覆盖任务，不是已确认公安机构；区划变更及一对多机构关系须核实
police-630105,青海,630105,城北区,county,police,pending_discovery,青海 城北区 公安局 公安分局 政府信息公开 官方网站,https://www.mca.gov.cn/mzsj/xzqh/2025/202401xzqh.html,行政区划覆盖任务，不是已确认公安机构；区划变更及一对多机构关系须核实
police-630106,青海,630106,湟中区,county,police,pending_discovery,青海 湟中区 公安局 公安分局 政府信息公开 官方网站,https://www.mca.gov.cn/mzsj/xzqh/2025/202401xzqh.html,行政区划覆盖任务，不是已确认公安机构；区划变更及一对多机构关系须核实
police-630121,青海,630121,大通回族土族自治县,county,police,pending_discovery,青海 大通回族土族自治县 公安局 公安分局 政府信息公开 官方网站,https://www.mca.gov.cn/mzsj/xzqh/2025/202401xzqh.html,行政区划覆盖任务，不是已确认公安机构；区划变更及一对多机构关系须核实
police-630123,青海,630123,湟源县,county,police,pending_discovery,青海 湟源县 公安局 公安分局 政府信息公开 官方网站,https://www.mca.gov.cn/mzsj/xzqh/2025/202401xzqh.html,行政区划覆盖任务，不是已确认公安机构；区划变更及一对多机构关系须核实
police-630200,青海,630200,海东市,prefecture,police,pending_discovery,青海 海东市 公安局 公安分局 政府信息公开 官方网站,https://www.mca.gov.cn/mzsj/xzqh/2025/202401xzqh.html,行政区划覆盖任务，不是已确认公安机构；区划变更及一对多机构关系须核实
police-630202,青海,630202,乐都区,county,police,pending_discovery,青海 乐都区 公安局 公安分局 政府信息公开 官方网站,https://www.mca.gov.cn/mzsj/xzqh/2025/202401xzqh.html,行政区划覆盖任务，不是已确认公安机构；区划变更及一对多机构关系须核实
police-630203,青海,630203,平安区,county,police,pending_discovery,青海 平安区 公安局 公安分局 政府信息公开 官方网站,https://www.mca.gov.cn/mzsj/xzqh/2025/202401xzqh.html,行政区划覆盖任务，不是已确认公安机构；区划变更及一对多机构关系须核实
police-630222,青海,630222,民和回族土族自治县,county,police,pending_discovery,青海 民和回族土族自治县 公安局 公安分局 政府信息公开 官方网站,https://www.mca.gov.cn/mzsj/xzqh/2025/202401xzqh.html,行政区划覆盖任务，不是已确认公安机构；区划变更及一对多机构关系须核实
police-630223,青海,630223,互助土族自治县,county,police,pending_discovery,青海 互助土族自治县 公安局 公安分局 政府信息公开 官方网站,https://www.mca.gov.cn/mzsj/xzqh/2025/202401xzqh.html,行政区划覆盖任务，不是已确认公安机构；区划变更及一对多机构关系须核实
police-630224,青海,630224,化隆回族自治县,county,police,pending_discovery,青海 化隆回族自治县 公安局 公安分局 政府信息公开 官方网站,https://www.mca.gov.cn/mzsj/xzqh/2025/202401xzqh.html,行政区划覆盖任务，不是已确认公安机构；区划变更及一对多机构关系须核实
police-630225,青海,630225,循化撒拉族自治县,county,police,pending_discovery,青海 循化撒拉族自治县 公安局 公安分局 政府信息公开 官方网站,https://www.mca.gov.cn/mzsj/xzqh/2025/202401xzqh.html,行政区划覆盖任务，不是已确认公安机构；区划变更及一对多机构关系须核实
police-632200,青海,632200,海北藏族自治州,prefecture,police,pending_discovery,青海 海北藏族自治州 公安局 公安分局 政府信息公开 官方网站,https://www.mca.gov.cn/mzsj/xzqh/2025/202401xzqh.html,行政区划覆盖任务，不是已确认公安机构；区划变更及一对多机构关系须核实
police-632221,青海,632221,门源回族自治县,county,police,pending_discovery,青海 门源回族自治县 公安局 公安分局 政府信息公开 官方网站,https://www.mca.gov.cn/mzsj/xzqh/2025/202401xzqh.html,行政区划覆盖任务，不是已确认公安机构；区划变更及一对多机构关系须核实
police-632222,青海,632222,祁连县,county,police,pending_discovery,青海 祁连县 公安局 公安分局 政府信息公开 官方网站,https://www.mca.gov.cn/mzsj/xzqh/2025/202401xzqh.html,行政区划覆盖任务，不是已确认公安机构；区划变更及一对多机构关系须核实
police-632223,青海,632223,海晏县,county,police,pending_discovery,青海 海晏县 公安局 公安分局 政府信息公开 官方网站,https://www.mca.gov.cn/mzsj/xzqh/2025/202401xzqh.html,行政区划覆盖任务，不是已确认公安机构；区划变更及一对多机构关系须核实
police-632224,青海,632224,刚察县,county,police,pending_discovery,青海 刚察县 公安局 公安分局 政府信息公开 官方网站,https://www.mca.gov.cn/mzsj/xzqh/2025/202401xzqh.html,行政区划覆盖任务，不是已确认公安机构；区划变更及一对多机构关系须核实
police-632300,青海,632300,黄南藏族自治州,prefecture,police,pending_discovery,青海 黄南藏族自治州 公安局 公安分局 政府信息公开 官方网站,https://www.mca.gov.cn/mzsj/xzqh/2025/202401xzqh.html,行政区划覆盖任务，不是已确认公安机构；区划变更及一对多机构关系须核实
police-632301,青海,632301,同仁市,county,police,pending_discovery,青海 同仁市 公安局 公安分局 政府信息公开 官方网站,https://www.mca.gov.cn/mzsj/xzqh/2025/202401xzqh.html,行政区划覆盖任务，不是已确认公安机构；区划变更及一对多机构关系须核实
police-632322,青海,632322,尖扎县,county,police,pending_discovery,青海 尖扎县 公安局 公安分局 政府信息公开 官方网站,https://www.mca.gov.cn/mzsj/xzqh/2025/202401xzqh.html,行政区划覆盖任务，不是已确认公安机构；区划变更及一对多机构关系须核实
police-632323,青海,632323,泽库县,county,police,pending_discovery,青海 泽库县 公安局 公安分局 政府信息公开 官方网站,https://www.mca.gov.cn/mzsj/xzqh/2025/202401xzqh.html,行政区划覆盖任务，不是已确认公安机构；区划变更及一对多机构关系须核实
police-632324,青海,632324,河南蒙古族自治县,county,police,pending_discovery,青海 河南蒙古族自治县 公安局 公安分局 政府信息公开 官方网站,https://www.mca.gov.cn/mzsj/xzqh/2025/202401xzqh.html,行政区划覆盖任务，不是已确认公安机构；区划变更及一对多机构关系须核实
police-632500,青海,632500,海南藏族自治州,prefecture,police,pending_discovery,青海 海南藏族自治州 公安局 公安分局 政府信息公开 官方网站,https://www.mca.gov.cn/mzsj/xzqh/2025/202401xzqh.html,行政区划覆盖任务，不是已确认公安机构；区划变更及一对多机构关系须核实
police-632521,青海,632521,共和县,county,police,pending_discovery,青海 共和县 公安局 公安分局 政府信息公开 官方网站,https://www.mca.gov.cn/mzsj/xzqh/2025/202401xzqh.html,行政区划覆盖任务，不是已确认公安机构；区划变更及一对多机构关系须核实
police-632522,青海,632522,同德县,county,police,pending_discovery,青海 同德县 公安局 公安分局 政府信息公开 官方网站,https://www.mca.gov.cn/mzsj/xzqh/2025/202401xzqh.html,行政区划覆盖任务，不是已确认公安机构；区划变更及一对多机构关系须核实
police-632523,青海,632523,贵德县,county,police,pending_discovery,青海 贵德县 公安局 公安分局 政府信息公开 官方网站,https://www.mca.gov.cn/mzsj/xzqh/2025/202401xzqh.html,行政区划覆盖任务，不是已确认公安机构；区划变更及一对多机构关系须核实
police-632524,青海,632524,兴海县,county,police,pending_discovery,青海 兴海县 公安局 公安分局 政府信息公开 官方网站,https://www.mca.gov.cn/mzsj/xzqh/2025/202401xzqh.html,行政区划覆盖任务，不是已确认公安机构；区划变更及一对多机构关系须核实
police-632525,青海,632525,贵南县,county,police,pending_discovery,青海 贵南县 公安局 公安分局 政府信息公开 官方网站,https://www.mca.gov.cn/mzsj/xzqh/2025/202401xzqh.html,行政区划覆盖任务，不是已确认公安机构；区划变更及一对多机构关系须核实
police-632600,青海,632600,果洛藏族自治州,prefecture,police,pending_discovery,青海 果洛藏族自治州 公安局 公安分局 政府信息公开 官方网站,https://www.mca.gov.cn/mzsj/xzqh/2025/202401xzqh.html,行政区划覆盖任务，不是已确认公安机构；区划变更及一对多机构关系须核实
police-632621,青海,632621,玛沁县,county,police,pending_discovery,青海 玛沁县 公安局 公安分局 政府信息公开 官方网站,https://www.mca.gov.cn/mzsj/xzqh/2025/202401xzqh.html,行政区划覆盖任务，不是已确认公安机构；区划变更及一对多机构关系须核实
police-632622,青海,632622,班玛县,county,police,pending_discovery,青海 班玛县 公安局 公安分局 政府信息公开 官方网站,https://www.mca.gov.cn/mzsj/xzqh/2025/202401xzqh.html,行政区划覆盖任务，不是已确认公安机构；区划变更及一对多机构关系须核实
police-632623,青海,632623,甘德县,county,police,pending_discovery,青海 甘德县 公安局 公安分局 政府信息公开 官方网站,https://www.mca.gov.cn/mzsj/xzqh/2025/202401xzqh.html,行政区划覆盖任务，不是已确认公安机构；区划变更及一对多机构关系须核实
police-632624,青海,632624,达日县,county,police,pending_discovery,青海 达日县 公安局 公安分局 政府信息公开 官方网站,https://www.mca.gov.cn/mzsj/xzqh/2025/202401xzqh.html,行政区划覆盖任务，不是已确认公安机构；区划变更及一对多机构关系须核实
police-632625,青海,632625,久治县,county,police,pending_discovery,青海 久治县 公安局 公安分局 政府信息公开 官方网站,https://www.mca.gov.cn/mzsj/xzqh/2025/202401xzqh.html,行政区划覆盖任务，不是已确认公安机构；区划变更及一对多机构关系须核实
police-632626,青海,632626,玛多县,county,police,pending_discovery,青海 玛多县 公安局 公安分局 政府信息公开 官方网站,https://www.mca.gov.cn/mzsj/xzqh/2025/202401xzqh.html,行政区划覆盖任务，不是已确认公安机构；区划变更及一对多机构关系须核实
police-632700,青海,632700,玉树藏族自治州,prefecture,police,pending_discovery,青海 玉树藏族自治州 公安局 公安分局 政府信息公开 官方网站,https://www.mca.gov.cn/mzsj/xzqh/2025/202401xzqh.html,行政区划覆盖任务，不是已确认公安机构；区划变更及一对多机构关系须核实
police-632701,青海,632701,玉树市,county,police,pending_discovery,青海 玉树市 公安局 公安分局 政府信息公开 官方网站,https://www.mca.gov.cn/mzsj/xzqh/2025/202401xzqh.html,行政区划覆盖任务，不是已确认公安机构；区划变更及一对多机构关系须核实
police-632722,青海,632722,杂多县,county,police,pending_discovery,青海 杂多县 公安局 公安分局 政府信息公开 官方网站,https://www.mca.gov.cn/mzsj/xzqh/2025/202401xzqh.html,行政区划覆盖任务，不是已确认公安机构；区划变更及一对多机构关系须核实
police-632723,青海,632723,称多县,county,police,pending_discovery,青海 称多县 公安局 公安分局 政府信息公开 官方网站,https://www.mca.gov.cn/mzsj/xzqh/2025/202401xzqh.html,行政区划覆盖任务，不是已确认公安机构；区划变更及一对多机构关系须核实
police-632724,青海,632724,治多县,county,police,pending_discovery,青海 治多县 公安局 公安分局 政府信息公开 官方网站,https://www.mca.gov.cn/mzsj/xzqh/2025/202401xzqh.html,行政区划覆盖任务，不是已确认公安机构；区划变更及一对多机构关系须核实
police-632725,青海,632725,囊谦县,county,police,pending_discovery,青海 囊谦县 公安局 公安分局 政府信息公开 官方网站,https://www.mca.gov.cn/mzsj/xzqh/2025/202401xzqh.html,行政区划覆盖任务，不是已确认公安机构；区划变更及一对多机构关系须核实
police-632726,青海,632726,曲麻莱县,county,police,pending_discovery,青海 曲麻莱县 公安局 公安分局 政府信息公开 官方网站,https://www.mca.gov.cn/mzsj/xzqh/2025/202401xzqh.html,行政区划覆盖任务，不是已确认公安机构；区划变更及一对多机构关系须核实
police-632800,青海,632800,海西蒙古族藏族自治州,prefecture,police,pending_discovery,青海 海西蒙古族藏族自治州 公安局 公安分局 政府信息公开 官方网站,https://www.mca.gov.cn/mzsj/xzqh/2025/202401xzqh.html,行政区划覆盖任务，不是已确认公安机构；区划变更及一对多机构关系须核实
police-632801,青海,632801,格尔木市,county,police,pending_discovery,青海 格尔木市 公安局 公安分局 政府信息公开 官方网站,https://www.mca.gov.cn/mzsj/xzqh/2025/202401xzqh.html,行政区划覆盖任务，不是已确认公安机构；区划变更及一对多机构关系须核实
police-632802,青海,632802,德令哈市,county,police,pending_discovery,青海 德令哈市 公安局 公安分局 政府信息公开 官方网站,https://www.mca.gov.cn/mzsj/xzqh/2025/202401xzqh.html,行政区划覆盖任务，不是已确认公安机构；区划变更及一对多机构关系须核实
police-632803,青海,632803,茫崖市,county,police,pending_discovery,青海 茫崖市 公安局 公安分局 政府信息公开 官方网站,https://www.mca.gov.cn/mzsj/xzqh/2025/202401xzqh.html,行政区划覆盖任务，不是已确认公安机构；区划变更及一对多机构关系须核实
police-632821,青海,632821,乌兰县,county,police,pending_discovery,青海 乌兰县 公安局 公安分局 政府信息公开 官方网站,https://www.mca.gov.cn/mzsj/xzqh/2025/202401xzqh.html,行政区划覆盖任务，不是已确认公安机构；区划变更及一对多机构关系须核实
police-632822,青海,632822,都兰县,county,police,pending_discovery,青海 都兰县 公安局 公安分局 政府信息公开 官方网站,https://www.mca.gov.cn/mzsj/xzqh/2025/202401xzqh.html,行政区划覆盖任务，不是已确认公安机构；区划变更及一对多机构关系须核实
police-632823,青海,632823,天峻县,county,police,pending_discovery,青海 天峻县 公安局 公安分局 政府信息公开 官方网站,https://www.mca.gov.cn/mzsj/xzqh/2025/202401xzqh.html,行政区划覆盖任务，不是已确认公安机构；区划变更及一对多机构关系须核实
police-640000,宁夏,640000,宁夏回族自治区,province,police,pending_discovery,宁夏 宁夏回族自治区 公安局 公安分局 政府信息公开 官方网站,https://www.mca.gov.cn/mzsj/xzqh/2025/202401xzqh.html,行政区划覆盖任务，不是已确认公安机构；区划变更及一对多机构关系须核实
police-640100,宁夏,640100,银川市,prefecture,police,pending_discovery,宁夏 银川市 公安局 公安分局 政府信息公开 官方网站,https://www.mca.gov.cn/mzsj/xzqh/2025/202401xzqh.html,行政区划覆盖任务，不是已确认公安机构；区划变更及一对多机构关系须核实
police-640104,宁夏,640104,兴庆区,county,police,pending_discovery,宁夏 兴庆区 公安局 公安分局 政府信息公开 官方网站,https://www.mca.gov.cn/mzsj/xzqh/2025/202401xzqh.html,行政区划覆盖任务，不是已确认公安机构；区划变更及一对多机构关系须核实
police-640105,宁夏,640105,西夏区,county,police,pending_discovery,宁夏 西夏区 公安局 公安分局 政府信息公开 官方网站,https://www.mca.gov.cn/mzsj/xzqh/2025/202401xzqh.html,行政区划覆盖任务，不是已确认公安机构；区划变更及一对多机构关系须核实
police-640106,宁夏,640106,金凤区,county,police,pending_discovery,宁夏 金凤区 公安局 公安分局 政府信息公开 官方网站,https://www.mca.gov.cn/mzsj/xzqh/2025/202401xzqh.html,行政区划覆盖任务，不是已确认公安机构；区划变更及一对多机构关系须核实
police-640121,宁夏,640121,永宁县,county,police,pending_discovery,宁夏 永宁县 公安局 公安分局 政府信息公开 官方网站,https://www.mca.gov.cn/mzsj/xzqh/2025/202401xzqh.html,行政区划覆盖任务，不是已确认公安机构；区划变更及一对多机构关系须核实
police-640122,宁夏,640122,贺兰县,county,police,pending_discovery,宁夏 贺兰县 公安局 公安分局 政府信息公开 官方网站,https://www.mca.gov.cn/mzsj/xzqh/2025/202401xzqh.html,行政区划覆盖任务，不是已确认公安机构；区划变更及一对多机构关系须核实
police-640181,宁夏,640181,灵武市,county,police,pending_discovery,宁夏 灵武市 公安局 公安分局 政府信息公开 官方网站,https://www.mca.gov.cn/mzsj/xzqh/2025/202401xzqh.html,行政区划覆盖任务，不是已确认公安机构；区划变更及一对多机构关系须核实
police-640200,宁夏,640200,石嘴山市,prefecture,police,pending_discovery,宁夏 石嘴山市 公安局 公安分局 政府信息公开 官方网站,https://www.mca.gov.cn/mzsj/xzqh/2025/202401xzqh.html,行政区划覆盖任务，不是已确认公安机构；区划变更及一对多机构关系须核实
police-640202,宁夏,640202,大武口区,county,police,pending_discovery,宁夏 大武口区 公安局 公安分局 政府信息公开 官方网站,https://www.mca.gov.cn/mzsj/xzqh/2025/202401xzqh.html,行政区划覆盖任务，不是已确认公安机构；区划变更及一对多机构关系须核实
police-640205,宁夏,640205,惠农区,county,police,pending_discovery,宁夏 惠农区 公安局 公安分局 政府信息公开 官方网站,https://www.mca.gov.cn/mzsj/xzqh/2025/202401xzqh.html,行政区划覆盖任务，不是已确认公安机构；区划变更及一对多机构关系须核实
police-640221,宁夏,640221,平罗县,county,police,pending_discovery,宁夏 平罗县 公安局 公安分局 政府信息公开 官方网站,https://www.mca.gov.cn/mzsj/xzqh/2025/202401xzqh.html,行政区划覆盖任务，不是已确认公安机构；区划变更及一对多机构关系须核实
police-640300,宁夏,640300,吴忠市,prefecture,police,pending_discovery,宁夏 吴忠市 公安局 公安分局 政府信息公开 官方网站,https://www.mca.gov.cn/mzsj/xzqh/2025/202401xzqh.html,行政区划覆盖任务，不是已确认公安机构；区划变更及一对多机构关系须核实
police-640302,宁夏,640302,利通区,county,police,pending_discovery,宁夏 利通区 公安局 公安分局 政府信息公开 官方网站,https://www.mca.gov.cn/mzsj/xzqh/2025/202401xzqh.html,行政区划覆盖任务，不是已确认公安机构；区划变更及一对多机构关系须核实
police-640303,宁夏,640303,红寺堡区,county,police,pending_discovery,宁夏 红寺堡区 公安局 公安分局 政府信息公开 官方网站,https://www.mca.gov.cn/mzsj/xzqh/2025/202401xzqh.html,行政区划覆盖任务，不是已确认公安机构；区划变更及一对多机构关系须核实
police-640323,宁夏,640323,盐池县,county,police,pending_discovery,宁夏 盐池县 公安局 公安分局 政府信息公开 官方网站,https://www.mca.gov.cn/mzsj/xzqh/2025/202401xzqh.html,行政区划覆盖任务，不是已确认公安机构；区划变更及一对多机构关系须核实
police-640324,宁夏,640324,同心县,county,police,pending_discovery,宁夏 同心县 公安局 公安分局 政府信息公开 官方网站,https://www.mca.gov.cn/mzsj/xzqh/2025/202401xzqh.html,行政区划覆盖任务，不是已确认公安机构；区划变更及一对多机构关系须核实
police-640381,宁夏,640381,青铜峡市,county,police,pending_discovery,宁夏 青铜峡市 公安局 公安分局 政府信息公开 官方网站,https://www.mca.gov.cn/mzsj/xzqh/2025/202401xzqh.html,行政区划覆盖任务，不是已确认公安机构；区划变更及一对多机构关系须核实
police-640400,宁夏,640400,固原市,prefecture,police,pending_discovery,宁夏 固原市 公安局 公安分局 政府信息公开 官方网站,https://www.mca.gov.cn/mzsj/xzqh/2025/202401xzqh.html,行政区划覆盖任务，不是已确认公安机构；区划变更及一对多机构关系须核实
police-640402,宁夏,640402,原州区,county,police,pending_discovery,宁夏 原州区 公安局 公安分局 政府信息公开 官方网站,https://www.mca.gov.cn/mzsj/xzqh/2025/202401xzqh.html,行政区划覆盖任务，不是已确认公安机构；区划变更及一对多机构关系须核实
police-640422,宁夏,640422,西吉县,county,police,pending_discovery,宁夏 西吉县 公安局 公安分局 政府信息公开 官方网站,https://www.mca.gov.cn/mzsj/xzqh/2025/202401xzqh.html,行政区划覆盖任务，不是已确认公安机构；区划变更及一对多机构关系须核实
police-640423,宁夏,640423,隆德县,county,police,pending_discovery,宁夏 隆德县 公安局 公安分局 政府信息公开 官方网站,https://www.mca.gov.cn/mzsj/xzqh/2025/202401xzqh.html,行政区划覆盖任务，不是已确认公安机构；区划变更及一对多机构关系须核实
police-640424,宁夏,640424,泾源县,county,police,pending_discovery,宁夏 泾源县 公安局 公安分局 政府信息公开 官方网站,https://www.mca.gov.cn/mzsj/xzqh/2025/202401xzqh.html,行政区划覆盖任务，不是已确认公安机构；区划变更及一对多机构关系须核实
police-640425,宁夏,640425,彭阳县,county,police,pending_discovery,宁夏 彭阳县 公安局 公安分局 政府信息公开 官方网站,https://www.mca.gov.cn/mzsj/xzqh/2025/202401xzqh.html,行政区划覆盖任务，不是已确认公安机构；区划变更及一对多机构关系须核实
police-640500,宁夏,640500,中卫市,prefecture,police,pending_discovery,宁夏 中卫市 公安局 公安分局 政府信息公开 官方网站,https://www.mca.gov.cn/mzsj/xzqh/2025/202401xzqh.html,行政区划覆盖任务，不是已确认公安机构；区划变更及一对多机构关系须核实
police-640502,宁夏,640502,沙坡头区,county,police,pending_discovery,宁夏 沙坡头区 公安局 公安分局 政府信息公开 官方网站,https://www.mca.gov.cn/mzsj/xzqh/2025/202401xzqh.html,行政区划覆盖任务，不是已确认公安机构；区划变更及一对多机构关系须核实
police-640521,宁夏,640521,中宁县,county,police,pending_discovery,宁夏 中宁县 公安局 公安分局 政府信息公开 官方网站,https://www.mca.gov.cn/mzsj/xzqh/2025/202401xzqh.html,行政区划覆盖任务，不是已确认公安机构；区划变更及一对多机构关系须核实
police-640522,宁夏,640522,海原县,county,police,pending_discovery,宁夏 海原县 公安局 公安分局 政府信息公开 官方网站,https://www.mca.gov.cn/mzsj/xzqh/2025/202401xzqh.html,行政区划覆盖任务，不是已确认公安机构；区划变更及一对多机构关系须核实
police-650000,新疆,650000,新疆维吾尔自治区,province,police,pending_discovery,新疆 新疆维吾尔自治区 公安局 公安分局 政府信息公开 官方网站,https://www.mca.gov.cn/mzsj/xzqh/2025/202401xzqh.html,行政区划覆盖任务，不是已确认公安机构；区划变更及一对多机构关系须核实
police-650100,新疆,650100,乌鲁木齐市,prefecture,police,pending_discovery,新疆 乌鲁木齐市 公安局 公安分局 政府信息公开 官方网站,https://www.mca.gov.cn/mzsj/xzqh/2025/202401xzqh.html,行政区划覆盖任务，不是已确认公安机构；区划变更及一对多机构关系须核实
police-650102,新疆,650102,天山区,county,police,pending_discovery,新疆 天山区 公安局 公安分局 政府信息公开 官方网站,https://www.mca.gov.cn/mzsj/xzqh/2025/202401xzqh.html,行政区划覆盖任务，不是已确认公安机构；区划变更及一对多机构关系须核实
police-650103,新疆,650103,沙依巴克区,county,police,pending_discovery,新疆 沙依巴克区 公安局 公安分局 政府信息公开 官方网站,https://www.mca.gov.cn/mzsj/xzqh/2025/202401xzqh.html,行政区划覆盖任务，不是已确认公安机构；区划变更及一对多机构关系须核实
police-650104,新疆,650104,新市区,county,police,pending_discovery,新疆 新市区 公安局 公安分局 政府信息公开 官方网站,https://www.mca.gov.cn/mzsj/xzqh/2025/202401xzqh.html,行政区划覆盖任务，不是已确认公安机构；区划变更及一对多机构关系须核实
police-650105,新疆,650105,水磨沟区,county,police,pending_discovery,新疆 水磨沟区 公安局 公安分局 政府信息公开 官方网站,https://www.mca.gov.cn/mzsj/xzqh/2025/202401xzqh.html,行政区划覆盖任务，不是已确认公安机构；区划变更及一对多机构关系须核实
police-650106,新疆,650106,头屯河区,county,police,pending_discovery,新疆 头屯河区 公安局 公安分局 政府信息公开 官方网站,https://www.mca.gov.cn/mzsj/xzqh/2025/202401xzqh.html,行政区划覆盖任务，不是已确认公安机构；区划变更及一对多机构关系须核实
police-650107,新疆,650107,达坂城区,county,police,pending_discovery,新疆 达坂城区 公安局 公安分局 政府信息公开 官方网站,https://www.mca.gov.cn/mzsj/xzqh/2025/202401xzqh.html,行政区划覆盖任务，不是已确认公安机构；区划变更及一对多机构关系须核实
police-650109,新疆,650109,米东区,county,police,pending_discovery,新疆 米东区 公安局 公安分局 政府信息公开 官方网站,https://www.mca.gov.cn/mzsj/xzqh/2025/202401xzqh.html,行政区划覆盖任务，不是已确认公安机构；区划变更及一对多机构关系须核实
police-650121,新疆,650121,乌鲁木齐县,county,police,pending_discovery,新疆 乌鲁木齐县 公安局 公安分局 政府信息公开 官方网站,https://www.mca.gov.cn/mzsj/xzqh/2025/202401xzqh.html,行政区划覆盖任务，不是已确认公安机构；区划变更及一对多机构关系须核实
police-650200,新疆,650200,克拉玛依市,prefecture,police,pending_discovery,新疆 克拉玛依市 公安局 公安分局 政府信息公开 官方网站,https://www.mca.gov.cn/mzsj/xzqh/2025/202401xzqh.html,行政区划覆盖任务，不是已确认公安机构；区划变更及一对多机构关系须核实
police-650202,新疆,650202,独山子区,county,police,pending_discovery,新疆 独山子区 公安局 公安分局 政府信息公开 官方网站,https://www.mca.gov.cn/mzsj/xzqh/2025/202401xzqh.html,行政区划覆盖任务，不是已确认公安机构；区划变更及一对多机构关系须核实
police-650203,新疆,650203,克拉玛依区,county,police,pending_discovery,新疆 克拉玛依区 公安局 公安分局 政府信息公开 官方网站,https://www.mca.gov.cn/mzsj/xzqh/2025/202401xzqh.html,行政区划覆盖任务，不是已确认公安机构；区划变更及一对多机构关系须核实
police-650204,新疆,650204,白碱滩区,county,police,pending_discovery,新疆 白碱滩区 公安局 公安分局 政府信息公开 官方网站,https://www.mca.gov.cn/mzsj/xzqh/2025/202401xzqh.html,行政区划覆盖任务，不是已确认公安机构；区划变更及一对多机构关系须核实
police-650205,新疆,650205,乌尔禾区,county,police,pending_discovery,新疆 乌尔禾区 公安局 公安分局 政府信息公开 官方网站,https://www.mca.gov.cn/mzsj/xzqh/2025/202401xzqh.html,行政区划覆盖任务，不是已确认公安机构；区划变更及一对多机构关系须核实
police-650400,新疆,650400,吐鲁番市,prefecture,police,pending_discovery,新疆 吐鲁番市 公安局 公安分局 政府信息公开 官方网站,https://www.mca.gov.cn/mzsj/xzqh/2025/202401xzqh.html,行政区划覆盖任务，不是已确认公安机构；区划变更及一对多机构关系须核实
police-650402,新疆,650402,高昌区,county,police,pending_discovery,新疆 高昌区 公安局 公安分局 政府信息公开 官方网站,https://www.mca.gov.cn/mzsj/xzqh/2025/202401xzqh.html,行政区划覆盖任务，不是已确认公安机构；区划变更及一对多机构关系须核实
police-650421,新疆,650421,鄯善县,county,police,pending_discovery,新疆 鄯善县 公安局 公安分局 政府信息公开 官方网站,https://www.mca.gov.cn/mzsj/xzqh/2025/202401xzqh.html,行政区划覆盖任务，不是已确认公安机构；区划变更及一对多机构关系须核实
police-650422,新疆,650422,托克逊县,county,police,pending_discovery,新疆 托克逊县 公安局 公安分局 政府信息公开 官方网站,https://www.mca.gov.cn/mzsj/xzqh/2025/202401xzqh.html,行政区划覆盖任务，不是已确认公安机构；区划变更及一对多机构关系须核实
police-650500,新疆,650500,哈密市,prefecture,police,pending_discovery,新疆 哈密市 公安局 公安分局 政府信息公开 官方网站,https://www.mca.gov.cn/mzsj/xzqh/2025/202401xzqh.html,行政区划覆盖任务，不是已确认公安机构；区划变更及一对多机构关系须核实
police-650502,新疆,650502,伊州区,county,police,pending_discovery,新疆 伊州区 公安局 公安分局 政府信息公开 官方网站,https://www.mca.gov.cn/mzsj/xzqh/2025/202401xzqh.html,行政区划覆盖任务，不是已确认公安机构；区划变更及一对多机构关系须核实
police-650521,新疆,650521,巴里坤哈萨克自治县,county,police,pending_discovery,新疆 巴里坤哈萨克自治县 公安局 公安分局 政府信息公开 官方网站,https://www.mca.gov.cn/mzsj/xzqh/2025/202401xzqh.html,行政区划覆盖任务，不是已确认公安机构；区划变更及一对多机构关系须核实
police-650522,新疆,650522,伊吾县,county,police,pending_discovery,新疆 伊吾县 公安局 公安分局 政府信息公开 官方网站,https://www.mca.gov.cn/mzsj/xzqh/2025/202401xzqh.html,行政区划覆盖任务，不是已确认公安机构；区划变更及一对多机构关系须核实
police-652300,新疆,652300,昌吉回族自治州,prefecture,police,pending_discovery,新疆 昌吉回族自治州 公安局 公安分局 政府信息公开 官方网站,https://www.mca.gov.cn/mzsj/xzqh/2025/202401xzqh.html,行政区划覆盖任务，不是已确认公安机构；区划变更及一对多机构关系须核实
police-652301,新疆,652301,昌吉市,county,police,pending_discovery,新疆 昌吉市 公安局 公安分局 政府信息公开 官方网站,https://www.mca.gov.cn/mzsj/xzqh/2025/202401xzqh.html,行政区划覆盖任务，不是已确认公安机构；区划变更及一对多机构关系须核实
police-652302,新疆,652302,阜康市,county,police,pending_discovery,新疆 阜康市 公安局 公安分局 政府信息公开 官方网站,https://www.mca.gov.cn/mzsj/xzqh/2025/202401xzqh.html,行政区划覆盖任务，不是已确认公安机构；区划变更及一对多机构关系须核实
police-652323,新疆,652323,呼图壁县,county,police,pending_discovery,新疆 呼图壁县 公安局 公安分局 政府信息公开 官方网站,https://www.mca.gov.cn/mzsj/xzqh/2025/202401xzqh.html,行政区划覆盖任务，不是已确认公安机构；区划变更及一对多机构关系须核实
police-652324,新疆,652324,玛纳斯县,county,police,pending_discovery,新疆 玛纳斯县 公安局 公安分局 政府信息公开 官方网站,https://www.mca.gov.cn/mzsj/xzqh/2025/202401xzqh.html,行政区划覆盖任务，不是已确认公安机构；区划变更及一对多机构关系须核实
police-652325,新疆,652325,奇台县,county,police,pending_discovery,新疆 奇台县 公安局 公安分局 政府信息公开 官方网站,https://www.mca.gov.cn/mzsj/xzqh/2025/202401xzqh.html,行政区划覆盖任务，不是已确认公安机构；区划变更及一对多机构关系须核实
police-652327,新疆,652327,吉木萨尔县,county,police,pending_discovery,新疆 吉木萨尔县 公安局 公安分局 政府信息公开 官方网站,https://www.mca.gov.cn/mzsj/xzqh/2025/202401xzqh.html,行政区划覆盖任务，不是已确认公安机构；区划变更及一对多机构关系须核实
police-652328,新疆,652328,木垒哈萨克自治县,county,police,pending_discovery,新疆 木垒哈萨克自治县 公安局 公安分局 政府信息公开 官方网站,https://www.mca.gov.cn/mzsj/xzqh/2025/202401xzqh.html,行政区划覆盖任务，不是已确认公安机构；区划变更及一对多机构关系须核实
police-652700,新疆,652700,博尔塔拉蒙古自治州,prefecture,police,pending_discovery,新疆 博尔塔拉蒙古自治州 公安局 公安分局 政府信息公开 官方网站,https://www.mca.gov.cn/mzsj/xzqh/2025/202401xzqh.html,行政区划覆盖任务，不是已确认公安机构；区划变更及一对多机构关系须核实
police-652701,新疆,652701,博乐市,county,police,pending_discovery,新疆 博乐市 公安局 公安分局 政府信息公开 官方网站,https://www.mca.gov.cn/mzsj/xzqh/2025/202401xzqh.html,行政区划覆盖任务，不是已确认公安机构；区划变更及一对多机构关系须核实
police-652702,新疆,652702,阿拉山口市,county,police,pending_discovery,新疆 阿拉山口市 公安局 公安分局 政府信息公开 官方网站,https://www.mca.gov.cn/mzsj/xzqh/2025/202401xzqh.html,行政区划覆盖任务，不是已确认公安机构；区划变更及一对多机构关系须核实
police-652722,新疆,652722,精河县,county,police,pending_discovery,新疆 精河县 公安局 公安分局 政府信息公开 官方网站,https://www.mca.gov.cn/mzsj/xzqh/2025/202401xzqh.html,行政区划覆盖任务，不是已确认公安机构；区划变更及一对多机构关系须核实
police-652723,新疆,652723,温泉县,county,police,pending_discovery,新疆 温泉县 公安局 公安分局 政府信息公开 官方网站,https://www.mca.gov.cn/mzsj/xzqh/2025/202401xzqh.html,行政区划覆盖任务，不是已确认公安机构；区划变更及一对多机构关系须核实
police-652800,新疆,652800,巴音郭楞蒙古自治州,prefecture,police,pending_discovery,新疆 巴音郭楞蒙古自治州 公安局 公安分局 政府信息公开 官方网站,https://www.mca.gov.cn/mzsj/xzqh/2025/202401xzqh.html,行政区划覆盖任务，不是已确认公安机构；区划变更及一对多机构关系须核实
police-652801,新疆,652801,库尔勒市,county,police,pending_discovery,新疆 库尔勒市 公安局 公安分局 政府信息公开 官方网站,https://www.mca.gov.cn/mzsj/xzqh/2025/202401xzqh.html,行政区划覆盖任务，不是已确认公安机构；区划变更及一对多机构关系须核实
police-652822,新疆,652822,轮台县,county,police,pending_discovery,新疆 轮台县 公安局 公安分局 政府信息公开 官方网站,https://www.mca.gov.cn/mzsj/xzqh/2025/202401xzqh.html,行政区划覆盖任务，不是已确认公安机构；区划变更及一对多机构关系须核实
police-652823,新疆,652823,尉犁县,county,police,pending_discovery,新疆 尉犁县 公安局 公安分局 政府信息公开 官方网站,https://www.mca.gov.cn/mzsj/xzqh/2025/202401xzqh.html,行政区划覆盖任务，不是已确认公安机构；区划变更及一对多机构关系须核实
police-652824,新疆,652824,若羌县,county,police,pending_discovery,新疆 若羌县 公安局 公安分局 政府信息公开 官方网站,https://www.mca.gov.cn/mzsj/xzqh/2025/202401xzqh.html,行政区划覆盖任务，不是已确认公安机构；区划变更及一对多机构关系须核实
police-652825,新疆,652825,且末县,county,police,pending_discovery,新疆 且末县 公安局 公安分局 政府信息公开 官方网站,https://www.mca.gov.cn/mzsj/xzqh/2025/202401xzqh.html,行政区划覆盖任务，不是已确认公安机构；区划变更及一对多机构关系须核实
police-652826,新疆,652826,焉耆回族自治县,county,police,pending_discovery,新疆 焉耆回族自治县 公安局 公安分局 政府信息公开 官方网站,https://www.mca.gov.cn/mzsj/xzqh/2025/202401xzqh.html,行政区划覆盖任务，不是已确认公安机构；区划变更及一对多机构关系须核实
police-652827,新疆,652827,和静县,county,police,pending_discovery,新疆 和静县 公安局 公安分局 政府信息公开 官方网站,https://www.mca.gov.cn/mzsj/xzqh/2025/202401xzqh.html,行政区划覆盖任务，不是已确认公安机构；区划变更及一对多机构关系须核实
police-652828,新疆,652828,和硕县,county,police,pending_discovery,新疆 和硕县 公安局 公安分局 政府信息公开 官方网站,https://www.mca.gov.cn/mzsj/xzqh/2025/202401xzqh.html,行政区划覆盖任务，不是已确认公安机构；区划变更及一对多机构关系须核实
police-652829,新疆,652829,博湖县,county,police,pending_discovery,新疆 博湖县 公安局 公安分局 政府信息公开 官方网站,https://www.mca.gov.cn/mzsj/xzqh/2025/202401xzqh.html,行政区划覆盖任务，不是已确认公安机构；区划变更及一对多机构关系须核实
police-652900,新疆,652900,阿克苏地区,prefecture,police,pending_discovery,新疆 阿克苏地区 公安局 公安分局 政府信息公开 官方网站,https://www.mca.gov.cn/mzsj/xzqh/2025/202401xzqh.html,行政区划覆盖任务，不是已确认公安机构；区划变更及一对多机构关系须核实
police-652901,新疆,652901,阿克苏市,county,police,pending_discovery,新疆 阿克苏市 公安局 公安分局 政府信息公开 官方网站,https://www.mca.gov.cn/mzsj/xzqh/2025/202401xzqh.html,行政区划覆盖任务，不是已确认公安机构；区划变更及一对多机构关系须核实
police-652902,新疆,652902,库车市,county,police,pending_discovery,新疆 库车市 公安局 公安分局 政府信息公开 官方网站,https://www.mca.gov.cn/mzsj/xzqh/2025/202401xzqh.html,行政区划覆盖任务，不是已确认公安机构；区划变更及一对多机构关系须核实
police-652922,新疆,652922,温宿县,county,police,pending_discovery,新疆 温宿县 公安局 公安分局 政府信息公开 官方网站,https://www.mca.gov.cn/mzsj/xzqh/2025/202401xzqh.html,行政区划覆盖任务，不是已确认公安机构；区划变更及一对多机构关系须核实
police-652924,新疆,652924,沙雅县,county,police,pending_discovery,新疆 沙雅县 公安局 公安分局 政府信息公开 官方网站,https://www.mca.gov.cn/mzsj/xzqh/2025/202401xzqh.html,行政区划覆盖任务，不是已确认公安机构；区划变更及一对多机构关系须核实
police-652925,新疆,652925,新和县,county,police,pending_discovery,新疆 新和县 公安局 公安分局 政府信息公开 官方网站,https://www.mca.gov.cn/mzsj/xzqh/2025/202401xzqh.html,行政区划覆盖任务，不是已确认公安机构；区划变更及一对多机构关系须核实
police-652926,新疆,652926,拜城县,county,police,pending_discovery,新疆 拜城县 公安局 公安分局 政府信息公开 官方网站,https://www.mca.gov.cn/mzsj/xzqh/2025/202401xzqh.html,行政区划覆盖任务，不是已确认公安机构；区划变更及一对多机构关系须核实
police-652927,新疆,652927,乌什县,county,police,pending_discovery,新疆 乌什县 公安局 公安分局 政府信息公开 官方网站,https://www.mca.gov.cn/mzsj/xzqh/2025/202401xzqh.html,行政区划覆盖任务，不是已确认公安机构；区划变更及一对多机构关系须核实
police-652928,新疆,652928,阿瓦提县,county,police,pending_discovery,新疆 阿瓦提县 公安局 公安分局 政府信息公开 官方网站,https://www.mca.gov.cn/mzsj/xzqh/2025/202401xzqh.html,行政区划覆盖任务，不是已确认公安机构；区划变更及一对多机构关系须核实
police-652929,新疆,652929,柯坪县,county,police,pending_discovery,新疆 柯坪县 公安局 公安分局 政府信息公开 官方网站,https://www.mca.gov.cn/mzsj/xzqh/2025/202401xzqh.html,行政区划覆盖任务，不是已确认公安机构；区划变更及一对多机构关系须核实
police-653000,新疆,653000,克孜勒苏柯尔克孜自治州,prefecture,police,pending_discovery,新疆 克孜勒苏柯尔克孜自治州 公安局 公安分局 政府信息公开 官方网站,https://www.mca.gov.cn/mzsj/xzqh/2025/202401xzqh.html,行政区划覆盖任务，不是已确认公安机构；区划变更及一对多机构关系须核实
police-653001,新疆,653001,阿图什市,county,police,pending_discovery,新疆 阿图什市 公安局 公安分局 政府信息公开 官方网站,https://www.mca.gov.cn/mzsj/xzqh/2025/202401xzqh.html,行政区划覆盖任务，不是已确认公安机构；区划变更及一对多机构关系须核实
police-653022,新疆,653022,阿克陶县,county,police,pending_discovery,新疆 阿克陶县 公安局 公安分局 政府信息公开 官方网站,https://www.mca.gov.cn/mzsj/xzqh/2025/202401xzqh.html,行政区划覆盖任务，不是已确认公安机构；区划变更及一对多机构关系须核实
police-653023,新疆,653023,阿合奇县,county,police,pending_discovery,新疆 阿合奇县 公安局 公安分局 政府信息公开 官方网站,https://www.mca.gov.cn/mzsj/xzqh/2025/202401xzqh.html,行政区划覆盖任务，不是已确认公安机构；区划变更及一对多机构关系须核实
police-653024,新疆,653024,乌恰县,county,police,pending_discovery,新疆 乌恰县 公安局 公安分局 政府信息公开 官方网站,https://www.mca.gov.cn/mzsj/xzqh/2025/202401xzqh.html,行政区划覆盖任务，不是已确认公安机构；区划变更及一对多机构关系须核实
police-653100,新疆,653100,喀什地区,prefecture,police,pending_discovery,新疆 喀什地区 公安局 公安分局 政府信息公开 官方网站,https://www.mca.gov.cn/mzsj/xzqh/2025/202401xzqh.html,行政区划覆盖任务，不是已确认公安机构；区划变更及一对多机构关系须核实
police-653101,新疆,653101,喀什市,county,police,pending_discovery,新疆 喀什市 公安局 公安分局 政府信息公开 官方网站,https://www.mca.gov.cn/mzsj/xzqh/2025/202401xzqh.html,行政区划覆盖任务，不是已确认公安机构；区划变更及一对多机构关系须核实
police-653121,新疆,653121,疏附县,county,police,pending_discovery,新疆 疏附县 公安局 公安分局 政府信息公开 官方网站,https://www.mca.gov.cn/mzsj/xzqh/2025/202401xzqh.html,行政区划覆盖任务，不是已确认公安机构；区划变更及一对多机构关系须核实
police-653122,新疆,653122,疏勒县,county,police,pending_discovery,新疆 疏勒县 公安局 公安分局 政府信息公开 官方网站,https://www.mca.gov.cn/mzsj/xzqh/2025/202401xzqh.html,行政区划覆盖任务，不是已确认公安机构；区划变更及一对多机构关系须核实
police-653123,新疆,653123,英吉沙县,county,police,pending_discovery,新疆 英吉沙县 公安局 公安分局 政府信息公开 官方网站,https://www.mca.gov.cn/mzsj/xzqh/2025/202401xzqh.html,行政区划覆盖任务，不是已确认公安机构；区划变更及一对多机构关系须核实
police-653124,新疆,653124,泽普县,county,police,pending_discovery,新疆 泽普县 公安局 公安分局 政府信息公开 官方网站,https://www.mca.gov.cn/mzsj/xzqh/2025/202401xzqh.html,行政区划覆盖任务，不是已确认公安机构；区划变更及一对多机构关系须核实
police-653125,新疆,653125,莎车县,county,police,pending_discovery,新疆 莎车县 公安局 公安分局 政府信息公开 官方网站,https://www.mca.gov.cn/mzsj/xzqh/2025/202401xzqh.html,行政区划覆盖任务，不是已确认公安机构；区划变更及一对多机构关系须核实
police-653126,新疆,653126,叶城县,county,police,pending_discovery,新疆 叶城县 公安局 公安分局 政府信息公开 官方网站,https://www.mca.gov.cn/mzsj/xzqh/2025/202401xzqh.html,行政区划覆盖任务，不是已确认公安机构；区划变更及一对多机构关系须核实
police-653127,新疆,653127,麦盖提县,county,police,pending_discovery,新疆 麦盖提县 公安局 公安分局 政府信息公开 官方网站,https://www.mca.gov.cn/mzsj/xzqh/2025/202401xzqh.html,行政区划覆盖任务，不是已确认公安机构；区划变更及一对多机构关系须核实
police-653128,新疆,653128,岳普湖县,county,police,pending_discovery,新疆 岳普湖县 公安局 公安分局 政府信息公开 官方网站,https://www.mca.gov.cn/mzsj/xzqh/2025/202401xzqh.html,行政区划覆盖任务，不是已确认公安机构；区划变更及一对多机构关系须核实
police-653129,新疆,653129,伽师县,county,police,pending_discovery,新疆 伽师县 公安局 公安分局 政府信息公开 官方网站,https://www.mca.gov.cn/mzsj/xzqh/2025/202401xzqh.html,行政区划覆盖任务，不是已确认公安机构；区划变更及一对多机构关系须核实
police-653130,新疆,653130,巴楚县,county,police,pending_discovery,新疆 巴楚县 公安局 公安分局 政府信息公开 官方网站,https://www.mca.gov.cn/mzsj/xzqh/2025/202401xzqh.html,行政区划覆盖任务，不是已确认公安机构；区划变更及一对多机构关系须核实
police-653131,新疆,653131,塔什库尔干塔吉克自治县,county,police,pending_discovery,新疆 塔什库尔干塔吉克自治县 公安局 公安分局 政府信息公开 官方网站,https://www.mca.gov.cn/mzsj/xzqh/2025/202401xzqh.html,行政区划覆盖任务，不是已确认公安机构；区划变更及一对多机构关系须核实
police-653200,新疆,653200,和田地区,prefecture,police,pending_discovery,新疆 和田地区 公安局 公安分局 政府信息公开 官方网站,https://www.mca.gov.cn/mzsj/xzqh/2025/202401xzqh.html,行政区划覆盖任务，不是已确认公安机构；区划变更及一对多机构关系须核实
police-653201,新疆,653201,和田市,county,police,pending_discovery,新疆 和田市 公安局 公安分局 政府信息公开 官方网站,https://www.mca.gov.cn/mzsj/xzqh/2025/202401xzqh.html,行政区划覆盖任务，不是已确认公安机构；区划变更及一对多机构关系须核实
police-653221,新疆,653221,和田县,county,police,pending_discovery,新疆 和田县 公安局 公安分局 政府信息公开 官方网站,https://www.mca.gov.cn/mzsj/xzqh/2025/202401xzqh.html,行政区划覆盖任务，不是已确认公安机构；区划变更及一对多机构关系须核实
police-653222,新疆,653222,墨玉县,county,police,pending_discovery,新疆 墨玉县 公安局 公安分局 政府信息公开 官方网站,https://www.mca.gov.cn/mzsj/xzqh/2025/202401xzqh.html,行政区划覆盖任务，不是已确认公安机构；区划变更及一对多机构关系须核实
police-653223,新疆,653223,皮山县,county,police,pending_discovery,新疆 皮山县 公安局 公安分局 政府信息公开 官方网站,https://www.mca.gov.cn/mzsj/xzqh/2025/202401xzqh.html,行政区划覆盖任务，不是已确认公安机构；区划变更及一对多机构关系须核实
police-653224,新疆,653224,洛浦县,county,police,pending_discovery,新疆 洛浦县 公安局 公安分局 政府信息公开 官方网站,https://www.mca.gov.cn/mzsj/xzqh/2025/202401xzqh.html,行政区划覆盖任务，不是已确认公安机构；区划变更及一对多机构关系须核实
police-653225,新疆,653225,策勒县,county,police,pending_discovery,新疆 策勒县 公安局 公安分局 政府信息公开 官方网站,https://www.mca.gov.cn/mzsj/xzqh/2025/202401xzqh.html,行政区划覆盖任务，不是已确认公安机构；区划变更及一对多机构关系须核实
police-653226,新疆,653226,于田县,county,police,pending_discovery,新疆 于田县 公安局 公安分局 政府信息公开 官方网站,https://www.mca.gov.cn/mzsj/xzqh/2025/202401xzqh.html,行政区划覆盖任务，不是已确认公安机构；区划变更及一对多机构关系须核实
police-653227,新疆,653227,民丰县,county,police,pending_discovery,新疆 民丰县 公安局 公安分局 政府信息公开 官方网站,https://www.mca.gov.cn/mzsj/xzqh/2025/202401xzqh.html,行政区划覆盖任务，不是已确认公安机构；区划变更及一对多机构关系须核实
police-653228,新疆,653228,和康县,county,police,pending_discovery,新疆 和康县 公安局 公安分局 政府信息公开 官方网站,https://www.mca.gov.cn/mzsj/xzqh/2025/202401xzqh.html,行政区划覆盖任务，不是已确认公安机构；区划变更及一对多机构关系须核实
police-653229,新疆,653229,和安县,county,police,pending_discovery,新疆 和安县 公安局 公安分局 政府信息公开 官方网站,https://www.mca.gov.cn/mzsj/xzqh/2025/202401xzqh.html,行政区划覆盖任务，不是已确认公安机构；区划变更及一对多机构关系须核实
police-654000,新疆,654000,伊犁哈萨克自治州,prefecture,police,pending_discovery,新疆 伊犁哈萨克自治州 公安局 公安分局 政府信息公开 官方网站,https://www.mca.gov.cn/mzsj/xzqh/2025/202401xzqh.html,行政区划覆盖任务，不是已确认公安机构；区划变更及一对多机构关系须核实
police-654002,新疆,654002,伊宁市,county,police,pending_discovery,新疆 伊宁市 公安局 公安分局 政府信息公开 官方网站,https://www.mca.gov.cn/mzsj/xzqh/2025/202401xzqh.html,行政区划覆盖任务，不是已确认公安机构；区划变更及一对多机构关系须核实
police-654003,新疆,654003,奎屯市,county,police,pending_discovery,新疆 奎屯市 公安局 公安分局 政府信息公开 官方网站,https://www.mca.gov.cn/mzsj/xzqh/2025/202401xzqh.html,行政区划覆盖任务，不是已确认公安机构；区划变更及一对多机构关系须核实
police-654004,新疆,654004,霍尔果斯市,county,police,pending_discovery,新疆 霍尔果斯市 公安局 公安分局 政府信息公开 官方网站,https://www.mca.gov.cn/mzsj/xzqh/2025/202401xzqh.html,行政区划覆盖任务，不是已确认公安机构；区划变更及一对多机构关系须核实
police-654021,新疆,654021,伊宁县,county,police,pending_discovery,新疆 伊宁县 公安局 公安分局 政府信息公开 官方网站,https://www.mca.gov.cn/mzsj/xzqh/2025/202401xzqh.html,行政区划覆盖任务，不是已确认公安机构；区划变更及一对多机构关系须核实
police-654022,新疆,654022,察布查尔锡伯自治县,county,police,pending_discovery,新疆 察布查尔锡伯自治县 公安局 公安分局 政府信息公开 官方网站,https://www.mca.gov.cn/mzsj/xzqh/2025/202401xzqh.html,行政区划覆盖任务，不是已确认公安机构；区划变更及一对多机构关系须核实
police-654023,新疆,654023,霍城县,county,police,pending_discovery,新疆 霍城县 公安局 公安分局 政府信息公开 官方网站,https://www.mca.gov.cn/mzsj/xzqh/2025/202401xzqh.html,行政区划覆盖任务，不是已确认公安机构；区划变更及一对多机构关系须核实
police-654024,新疆,654024,巩留县,county,police,pending_discovery,新疆 巩留县 公安局 公安分局 政府信息公开 官方网站,https://www.mca.gov.cn/mzsj/xzqh/2025/202401xzqh.html,行政区划覆盖任务，不是已确认公安机构；区划变更及一对多机构关系须核实
police-654025,新疆,654025,新源县,county,police,pending_discovery,新疆 新源县 公安局 公安分局 政府信息公开 官方网站,https://www.mca.gov.cn/mzsj/xzqh/2025/202401xzqh.html,行政区划覆盖任务，不是已确认公安机构；区划变更及一对多机构关系须核实
police-654026,新疆,654026,昭苏县,county,police,pending_discovery,新疆 昭苏县 公安局 公安分局 政府信息公开 官方网站,https://www.mca.gov.cn/mzsj/xzqh/2025/202401xzqh.html,行政区划覆盖任务，不是已确认公安机构；区划变更及一对多机构关系须核实
police-654027,新疆,654027,特克斯县,county,police,pending_discovery,新疆 特克斯县 公安局 公安分局 政府信息公开 官方网站,https://www.mca.gov.cn/mzsj/xzqh/2025/202401xzqh.html,行政区划覆盖任务，不是已确认公安机构；区划变更及一对多机构关系须核实
police-654028,新疆,654028,尼勒克县,county,police,pending_discovery,新疆 尼勒克县 公安局 公安分局 政府信息公开 官方网站,https://www.mca.gov.cn/mzsj/xzqh/2025/202401xzqh.html,行政区划覆盖任务，不是已确认公安机构；区划变更及一对多机构关系须核实
police-654200,新疆,654200,塔城地区,prefecture,police,pending_discovery,新疆 塔城地区 公安局 公安分局 政府信息公开 官方网站,https://www.mca.gov.cn/mzsj/xzqh/2025/202401xzqh.html,行政区划覆盖任务，不是已确认公安机构；区划变更及一对多机构关系须核实
police-654201,新疆,654201,塔城市,county,police,pending_discovery,新疆 塔城市 公安局 公安分局 政府信息公开 官方网站,https://www.mca.gov.cn/mzsj/xzqh/2025/202401xzqh.html,行政区划覆盖任务，不是已确认公安机构；区划变更及一对多机构关系须核实
police-654202,新疆,654202,乌苏市,county,police,pending_discovery,新疆 乌苏市 公安局 公安分局 政府信息公开 官方网站,https://www.mca.gov.cn/mzsj/xzqh/2025/202401xzqh.html,行政区划覆盖任务，不是已确认公安机构；区划变更及一对多机构关系须核实
police-654203,新疆,654203,沙湾市,county,police,pending_discovery,新疆 沙湾市 公安局 公安分局 政府信息公开 官方网站,https://www.mca.gov.cn/mzsj/xzqh/2025/202401xzqh.html,行政区划覆盖任务，不是已确认公安机构；区划变更及一对多机构关系须核实
police-654221,新疆,654221,额敏县,county,police,pending_discovery,新疆 额敏县 公安局 公安分局 政府信息公开 官方网站,https://www.mca.gov.cn/mzsj/xzqh/2025/202401xzqh.html,行政区划覆盖任务，不是已确认公安机构；区划变更及一对多机构关系须核实
police-654224,新疆,654224,托里县,county,police,pending_discovery,新疆 托里县 公安局 公安分局 政府信息公开 官方网站,https://www.mca.gov.cn/mzsj/xzqh/2025/202401xzqh.html,行政区划覆盖任务，不是已确认公安机构；区划变更及一对多机构关系须核实
police-654225,新疆,654225,裕民县,county,police,pending_discovery,新疆 裕民县 公安局 公安分局 政府信息公开 官方网站,https://www.mca.gov.cn/mzsj/xzqh/2025/202401xzqh.html,行政区划覆盖任务，不是已确认公安机构；区划变更及一对多机构关系须核实
police-654226,新疆,654226,和布克赛尔蒙古自治县,county,police,pending_discovery,新疆 和布克赛尔蒙古自治县 公安局 公安分局 政府信息公开 官方网站,https://www.mca.gov.cn/mzsj/xzqh/2025/202401xzqh.html,行政区划覆盖任务，不是已确认公安机构；区划变更及一对多机构关系须核实
police-654300,新疆,654300,阿勒泰地区,prefecture,police,pending_discovery,新疆 阿勒泰地区 公安局 公安分局 政府信息公开 官方网站,https://www.mca.gov.cn/mzsj/xzqh/2025/202401xzqh.html,行政区划覆盖任务，不是已确认公安机构；区划变更及一对多机构关系须核实
police-654301,新疆,654301,阿勒泰市,county,police,pending_discovery,新疆 阿勒泰市 公安局 公安分局 政府信息公开 官方网站,https://www.mca.gov.cn/mzsj/xzqh/2025/202401xzqh.html,行政区划覆盖任务，不是已确认公安机构；区划变更及一对多机构关系须核实
police-654321,新疆,654321,布尔津县,county,police,pending_discovery,新疆 布尔津县 公安局 公安分局 政府信息公开 官方网站,https://www.mca.gov.cn/mzsj/xzqh/2025/202401xzqh.html,行政区划覆盖任务，不是已确认公安机构；区划变更及一对多机构关系须核实
police-654322,新疆,654322,富蕴县,county,police,pending_discovery,新疆 富蕴县 公安局 公安分局 政府信息公开 官方网站,https://www.mca.gov.cn/mzsj/xzqh/2025/202401xzqh.html,行政区划覆盖任务，不是已确认公安机构；区划变更及一对多机构关系须核实
police-654323,新疆,654323,福海县,county,police,pending_discovery,新疆 福海县 公安局 公安分局 政府信息公开 官方网站,https://www.mca.gov.cn/mzsj/xzqh/2025/202401xzqh.html,行政区划覆盖任务，不是已确认公安机构；区划变更及一对多机构关系须核实
police-654324,新疆,654324,哈巴河县,county,police,pending_discovery,新疆 哈巴河县 公安局 公安分局 政府信息公开 官方网站,https://www.mca.gov.cn/mzsj/xzqh/2025/202401xzqh.html,行政区划覆盖任务，不是已确认公安机构；区划变更及一对多机构关系须核实
police-654325,新疆,654325,青河县,county,police,pending_discovery,新疆 青河县 公安局 公安分局 政府信息公开 官方网站,https://www.mca.gov.cn/mzsj/xzqh/2025/202401xzqh.html,行政区划覆盖任务，不是已确认公安机构；区划变更及一对多机构关系须核实
police-654326,新疆,654326,吉木乃县,county,police,pending_discovery,新疆 吉木乃县 公安局 公安分局 政府信息公开 官方网站,https://www.mca.gov.cn/mzsj/xzqh/2025/202401xzqh.html,行政区划覆盖任务，不是已确认公安机构；区划变更及一对多机构关系须核实
police-659001,新疆,659001,石河子市*,county,police,pending_discovery,新疆 石河子市* 公安局 公安分局 政府信息公开 官方网站,https://www.mca.gov.cn/mzsj/xzqh/2025/202401xzqh.html,行政区划覆盖任务，不是已确认公安机构；区划变更及一对多机构关系须核实
police-659002,新疆,659002,阿拉尔市*,county,police,pending_discovery,新疆 阿拉尔市* 公安局 公安分局 政府信息公开 官方网站,https://www.mca.gov.cn/mzsj/xzqh/2025/202401xzqh.html,行政区划覆盖任务，不是已确认公安机构；区划变更及一对多机构关系须核实
police-659003,新疆,659003,图木舒克市*,county,police,pending_discovery,新疆 图木舒克市* 公安局 公安分局 政府信息公开 官方网站,https://www.mca.gov.cn/mzsj/xzqh/2025/202401xzqh.html,行政区划覆盖任务，不是已确认公安机构；区划变更及一对多机构关系须核实
police-659004,新疆,659004,五家渠市*,county,police,pending_discovery,新疆 五家渠市* 公安局 公安分局 政府信息公开 官方网站,https://www.mca.gov.cn/mzsj/xzqh/2025/202401xzqh.html,行政区划覆盖任务，不是已确认公安机构；区划变更及一对多机构关系须核实
police-659005,新疆,659005,北屯市*,county,police,pending_discovery,新疆 北屯市* 公安局 公安分局 政府信息公开 官方网站,https://www.mca.gov.cn/mzsj/xzqh/2025/202401xzqh.html,行政区划覆盖任务，不是已确认公安机构；区划变更及一对多机构关系须核实
police-659006,新疆,659006,铁门关市*,county,police,pending_discovery,新疆 铁门关市* 公安局 公安分局 政府信息公开 官方网站,https://www.mca.gov.cn/mzsj/xzqh/2025/202401xzqh.html,行政区划覆盖任务，不是已确认公安机构；区划变更及一对多机构关系须核实
police-659007,新疆,659007,双河市*,county,police,pending_discovery,新疆 双河市* 公安局 公安分局 政府信息公开 官方网站,https://www.mca.gov.cn/mzsj/xzqh/2025/202401xzqh.html,行政区划覆盖任务，不是已确认公安机构；区划变更及一对多机构关系须核实
police-659008,新疆,659008,可克达拉市*,county,police,pending_discovery,新疆 可克达拉市* 公安局 公安分局 政府信息公开 官方网站,https://www.mca.gov.cn/mzsj/xzqh/2025/202401xzqh.html,行政区划覆盖任务，不是已确认公安机构；区划变更及一对多机构关系须核实
police-659009,新疆,659009,昆玉市*,county,police,pending_discovery,新疆 昆玉市* 公安局 公安分局 政府信息公开 官方网站,https://www.mca.gov.cn/mzsj/xzqh/2025/202401xzqh.html,行政区划覆盖任务，不是已确认公安机构；区划变更及一对多机构关系须核实
police-659010,新疆,659010,胡杨河市*,county,police,pending_discovery,新疆 胡杨河市* 公安局 公安分局 政府信息公开 官方网站,https://www.mca.gov.cn/mzsj/xzqh/2025/202401xzqh.html,行政区划覆盖任务，不是已确认公安机构；区划变更及一对多机构关系须核实
police-659011,新疆,659011,新星市*,county,police,pending_discovery,新疆 新星市* 公安局 公安分局 政府信息公开 官方网站,https://www.mca.gov.cn/mzsj/xzqh/2025/202401xzqh.html,行政区划覆盖任务，不是已确认公安机构；区划变更及一对多机构关系须核实
police-659012,新疆,659012,白杨市*,county,police,pending_discovery,新疆 白杨市* 公安局 公安分局 政府信息公开 官方网站,https://www.mca.gov.cn/mzsj/xzqh/2025/202401xzqh.html,行政区划覆盖任务，不是已确认公安机构；区划变更及一对多机构关系须核实
property_exchange-11,北京,110000,北京,province,property_exchange,pending_discovery,北京 产权交易所 产权交易中心 官方 国资委 数据局 科技厅,,逐省扩展发现，包含主要市级交易机构；不能用一家机构代表该省全部覆盖
data_exchange-11,北京,110000,北京,province,data_exchange,pending_discovery,北京 数据交易所 数据交易中心 官方 国资委 数据局 科技厅,,逐省扩展发现，包含主要市级交易机构；不能用一家机构代表该省全部覆盖
technology_exchange-11,北京,110000,北京,province,technology_exchange,pending_discovery,北京 技术交易所 技术产权交易 科技成果交易 官方 国资委 数据局 科技厅,,逐省扩展发现，包含主要市级交易机构；不能用一家机构代表该省全部覆盖
property_exchange-12,天津,120000,天津,province,property_exchange,pending_discovery,天津 产权交易所 产权交易中心 官方 国资委 数据局 科技厅,,逐省扩展发现，包含主要市级交易机构；不能用一家机构代表该省全部覆盖
data_exchange-12,天津,120000,天津,province,data_exchange,pending_discovery,天津 数据交易所 数据交易中心 官方 国资委 数据局 科技厅,,逐省扩展发现，包含主要市级交易机构；不能用一家机构代表该省全部覆盖
technology_exchange-12,天津,120000,天津,province,technology_exchange,pending_discovery,天津 技术交易所 技术产权交易 科技成果交易 官方 国资委 数据局 科技厅,,逐省扩展发现，包含主要市级交易机构；不能用一家机构代表该省全部覆盖
property_exchange-13,河北,130000,河北,province,property_exchange,pending_discovery,河北 产权交易所 产权交易中心 官方 国资委 数据局 科技厅,,逐省扩展发现，包含主要市级交易机构；不能用一家机构代表该省全部覆盖
data_exchange-13,河北,130000,河北,province,data_exchange,pending_discovery,河北 数据交易所 数据交易中心 官方 国资委 数据局 科技厅,,逐省扩展发现，包含主要市级交易机构；不能用一家机构代表该省全部覆盖
technology_exchange-13,河北,130000,河北,province,technology_exchange,pending_discovery,河北 技术交易所 技术产权交易 科技成果交易 官方 国资委 数据局 科技厅,,逐省扩展发现，包含主要市级交易机构；不能用一家机构代表该省全部覆盖
property_exchange-14,山西,140000,山西,province,property_exchange,pending_discovery,山西 产权交易所 产权交易中心 官方 国资委 数据局 科技厅,,逐省扩展发现，包含主要市级交易机构；不能用一家机构代表该省全部覆盖
data_exchange-14,山西,140000,山西,province,data_exchange,pending_discovery,山西 数据交易所 数据交易中心 官方 国资委 数据局 科技厅,,逐省扩展发现，包含主要市级交易机构；不能用一家机构代表该省全部覆盖
technology_exchange-14,山西,140000,山西,province,technology_exchange,pending_discovery,山西 技术交易所 技术产权交易 科技成果交易 官方 国资委 数据局 科技厅,,逐省扩展发现，包含主要市级交易机构；不能用一家机构代表该省全部覆盖
property_exchange-15,内蒙古,150000,内蒙古,province,property_exchange,pending_discovery,内蒙古 产权交易所 产权交易中心 官方 国资委 数据局 科技厅,,逐省扩展发现，包含主要市级交易机构；不能用一家机构代表该省全部覆盖
data_exchange-15,内蒙古,150000,内蒙古,province,data_exchange,pending_discovery,内蒙古 数据交易所 数据交易中心 官方 国资委 数据局 科技厅,,逐省扩展发现，包含主要市级交易机构；不能用一家机构代表该省全部覆盖
technology_exchange-15,内蒙古,150000,内蒙古,province,technology_exchange,pending_discovery,内蒙古 技术交易所 技术产权交易 科技成果交易 官方 国资委 数据局 科技厅,,逐省扩展发现，包含主要市级交易机构；不能用一家机构代表该省全部覆盖
property_exchange-21,辽宁,210000,辽宁,province,property_exchange,pending_discovery,辽宁 产权交易所 产权交易中心 官方 国资委 数据局 科技厅,,逐省扩展发现，包含主要市级交易机构；不能用一家机构代表该省全部覆盖
data_exchange-21,辽宁,210000,辽宁,province,data_exchange,pending_discovery,辽宁 数据交易所 数据交易中心 官方 国资委 数据局 科技厅,,逐省扩展发现，包含主要市级交易机构；不能用一家机构代表该省全部覆盖
technology_exchange-21,辽宁,210000,辽宁,province,technology_exchange,pending_discovery,辽宁 技术交易所 技术产权交易 科技成果交易 官方 国资委 数据局 科技厅,,逐省扩展发现，包含主要市级交易机构；不能用一家机构代表该省全部覆盖
property_exchange-22,吉林,220000,吉林,province,property_exchange,pending_discovery,吉林 产权交易所 产权交易中心 官方 国资委 数据局 科技厅,,逐省扩展发现，包含主要市级交易机构；不能用一家机构代表该省全部覆盖
data_exchange-22,吉林,220000,吉林,province,data_exchange,pending_discovery,吉林 数据交易所 数据交易中心 官方 国资委 数据局 科技厅,,逐省扩展发现，包含主要市级交易机构；不能用一家机构代表该省全部覆盖
technology_exchange-22,吉林,220000,吉林,province,technology_exchange,pending_discovery,吉林 技术交易所 技术产权交易 科技成果交易 官方 国资委 数据局 科技厅,,逐省扩展发现，包含主要市级交易机构；不能用一家机构代表该省全部覆盖
property_exchange-23,黑龙江,230000,黑龙江,province,property_exchange,pending_discovery,黑龙江 产权交易所 产权交易中心 官方 国资委 数据局 科技厅,,逐省扩展发现，包含主要市级交易机构；不能用一家机构代表该省全部覆盖
data_exchange-23,黑龙江,230000,黑龙江,province,data_exchange,pending_discovery,黑龙江 数据交易所 数据交易中心 官方 国资委 数据局 科技厅,,逐省扩展发现，包含主要市级交易机构；不能用一家机构代表该省全部覆盖
technology_exchange-23,黑龙江,230000,黑龙江,province,technology_exchange,pending_discovery,黑龙江 技术交易所 技术产权交易 科技成果交易 官方 国资委 数据局 科技厅,,逐省扩展发现，包含主要市级交易机构；不能用一家机构代表该省全部覆盖
property_exchange-31,上海,310000,上海,province,property_exchange,pending_discovery,上海 产权交易所 产权交易中心 官方 国资委 数据局 科技厅,,逐省扩展发现，包含主要市级交易机构；不能用一家机构代表该省全部覆盖
data_exchange-31,上海,310000,上海,province,data_exchange,pending_discovery,上海 数据交易所 数据交易中心 官方 国资委 数据局 科技厅,,逐省扩展发现，包含主要市级交易机构；不能用一家机构代表该省全部覆盖
technology_exchange-31,上海,310000,上海,province,technology_exchange,pending_discovery,上海 技术交易所 技术产权交易 科技成果交易 官方 国资委 数据局 科技厅,,逐省扩展发现，包含主要市级交易机构；不能用一家机构代表该省全部覆盖
property_exchange-32,江苏,320000,江苏,province,property_exchange,pending_discovery,江苏 产权交易所 产权交易中心 官方 国资委 数据局 科技厅,,逐省扩展发现，包含主要市级交易机构；不能用一家机构代表该省全部覆盖
data_exchange-32,江苏,320000,江苏,province,data_exchange,pending_discovery,江苏 数据交易所 数据交易中心 官方 国资委 数据局 科技厅,,逐省扩展发现，包含主要市级交易机构；不能用一家机构代表该省全部覆盖
technology_exchange-32,江苏,320000,江苏,province,technology_exchange,pending_discovery,江苏 技术交易所 技术产权交易 科技成果交易 官方 国资委 数据局 科技厅,,逐省扩展发现，包含主要市级交易机构；不能用一家机构代表该省全部覆盖
property_exchange-33,浙江,330000,浙江,province,property_exchange,pending_discovery,浙江 产权交易所 产权交易中心 官方 国资委 数据局 科技厅,,逐省扩展发现，包含主要市级交易机构；不能用一家机构代表该省全部覆盖
data_exchange-33,浙江,330000,浙江,province,data_exchange,pending_discovery,浙江 数据交易所 数据交易中心 官方 国资委 数据局 科技厅,,逐省扩展发现，包含主要市级交易机构；不能用一家机构代表该省全部覆盖
technology_exchange-33,浙江,330000,浙江,province,technology_exchange,pending_discovery,浙江 技术交易所 技术产权交易 科技成果交易 官方 国资委 数据局 科技厅,,逐省扩展发现，包含主要市级交易机构；不能用一家机构代表该省全部覆盖
property_exchange-34,安徽,340000,安徽,province,property_exchange,pending_discovery,安徽 产权交易所 产权交易中心 官方 国资委 数据局 科技厅,,逐省扩展发现，包含主要市级交易机构；不能用一家机构代表该省全部覆盖
data_exchange-34,安徽,340000,安徽,province,data_exchange,pending_discovery,安徽 数据交易所 数据交易中心 官方 国资委 数据局 科技厅,,逐省扩展发现，包含主要市级交易机构；不能用一家机构代表该省全部覆盖
technology_exchange-34,安徽,340000,安徽,province,technology_exchange,pending_discovery,安徽 技术交易所 技术产权交易 科技成果交易 官方 国资委 数据局 科技厅,,逐省扩展发现，包含主要市级交易机构；不能用一家机构代表该省全部覆盖
property_exchange-35,福建,350000,福建,province,property_exchange,pending_discovery,福建 产权交易所 产权交易中心 官方 国资委 数据局 科技厅,,逐省扩展发现，包含主要市级交易机构；不能用一家机构代表该省全部覆盖
data_exchange-35,福建,350000,福建,province,data_exchange,pending_discovery,福建 数据交易所 数据交易中心 官方 国资委 数据局 科技厅,,逐省扩展发现，包含主要市级交易机构；不能用一家机构代表该省全部覆盖
technology_exchange-35,福建,350000,福建,province,technology_exchange,pending_discovery,福建 技术交易所 技术产权交易 科技成果交易 官方 国资委 数据局 科技厅,,逐省扩展发现，包含主要市级交易机构；不能用一家机构代表该省全部覆盖
property_exchange-36,江西,360000,江西,province,property_exchange,pending_discovery,江西 产权交易所 产权交易中心 官方 国资委 数据局 科技厅,,逐省扩展发现，包含主要市级交易机构；不能用一家机构代表该省全部覆盖
data_exchange-36,江西,360000,江西,province,data_exchange,pending_discovery,江西 数据交易所 数据交易中心 官方 国资委 数据局 科技厅,,逐省扩展发现，包含主要市级交易机构；不能用一家机构代表该省全部覆盖
technology_exchange-36,江西,360000,江西,province,technology_exchange,pending_discovery,江西 技术交易所 技术产权交易 科技成果交易 官方 国资委 数据局 科技厅,,逐省扩展发现，包含主要市级交易机构；不能用一家机构代表该省全部覆盖
property_exchange-37,山东,370000,山东,province,property_exchange,pending_discovery,山东 产权交易所 产权交易中心 官方 国资委 数据局 科技厅,,逐省扩展发现，包含主要市级交易机构；不能用一家机构代表该省全部覆盖
data_exchange-37,山东,370000,山东,province,data_exchange,pending_discovery,山东 数据交易所 数据交易中心 官方 国资委 数据局 科技厅,,逐省扩展发现，包含主要市级交易机构；不能用一家机构代表该省全部覆盖
technology_exchange-37,山东,370000,山东,province,technology_exchange,pending_discovery,山东 技术交易所 技术产权交易 科技成果交易 官方 国资委 数据局 科技厅,,逐省扩展发现，包含主要市级交易机构；不能用一家机构代表该省全部覆盖
property_exchange-41,河南,410000,河南,province,property_exchange,pending_discovery,河南 产权交易所 产权交易中心 官方 国资委 数据局 科技厅,,逐省扩展发现，包含主要市级交易机构；不能用一家机构代表该省全部覆盖
data_exchange-41,河南,410000,河南,province,data_exchange,pending_discovery,河南 数据交易所 数据交易中心 官方 国资委 数据局 科技厅,,逐省扩展发现，包含主要市级交易机构；不能用一家机构代表该省全部覆盖
technology_exchange-41,河南,410000,河南,province,technology_exchange,pending_discovery,河南 技术交易所 技术产权交易 科技成果交易 官方 国资委 数据局 科技厅,,逐省扩展发现，包含主要市级交易机构；不能用一家机构代表该省全部覆盖
property_exchange-42,湖北,420000,湖北,province,property_exchange,pending_discovery,湖北 产权交易所 产权交易中心 官方 国资委 数据局 科技厅,,逐省扩展发现，包含主要市级交易机构；不能用一家机构代表该省全部覆盖
data_exchange-42,湖北,420000,湖北,province,data_exchange,pending_discovery,湖北 数据交易所 数据交易中心 官方 国资委 数据局 科技厅,,逐省扩展发现，包含主要市级交易机构；不能用一家机构代表该省全部覆盖
technology_exchange-42,湖北,420000,湖北,province,technology_exchange,pending_discovery,湖北 技术交易所 技术产权交易 科技成果交易 官方 国资委 数据局 科技厅,,逐省扩展发现，包含主要市级交易机构；不能用一家机构代表该省全部覆盖
property_exchange-43,湖南,430000,湖南,province,property_exchange,pending_discovery,湖南 产权交易所 产权交易中心 官方 国资委 数据局 科技厅,,逐省扩展发现，包含主要市级交易机构；不能用一家机构代表该省全部覆盖
data_exchange-43,湖南,430000,湖南,province,data_exchange,pending_discovery,湖南 数据交易所 数据交易中心 官方 国资委 数据局 科技厅,,逐省扩展发现，包含主要市级交易机构；不能用一家机构代表该省全部覆盖
technology_exchange-43,湖南,430000,湖南,province,technology_exchange,pending_discovery,湖南 技术交易所 技术产权交易 科技成果交易 官方 国资委 数据局 科技厅,,逐省扩展发现，包含主要市级交易机构；不能用一家机构代表该省全部覆盖
property_exchange-44,广东,440000,广东,province,property_exchange,pending_discovery,广东 产权交易所 产权交易中心 官方 国资委 数据局 科技厅,,逐省扩展发现，包含主要市级交易机构；不能用一家机构代表该省全部覆盖
data_exchange-44,广东,440000,广东,province,data_exchange,pending_discovery,广东 数据交易所 数据交易中心 官方 国资委 数据局 科技厅,,逐省扩展发现，包含主要市级交易机构；不能用一家机构代表该省全部覆盖
technology_exchange-44,广东,440000,广东,province,technology_exchange,pending_discovery,广东 技术交易所 技术产权交易 科技成果交易 官方 国资委 数据局 科技厅,,逐省扩展发现，包含主要市级交易机构；不能用一家机构代表该省全部覆盖
property_exchange-45,广西,450000,广西,province,property_exchange,pending_discovery,广西 产权交易所 产权交易中心 官方 国资委 数据局 科技厅,,逐省扩展发现，包含主要市级交易机构；不能用一家机构代表该省全部覆盖
data_exchange-45,广西,450000,广西,province,data_exchange,pending_discovery,广西 数据交易所 数据交易中心 官方 国资委 数据局 科技厅,,逐省扩展发现，包含主要市级交易机构；不能用一家机构代表该省全部覆盖
technology_exchange-45,广西,450000,广西,province,technology_exchange,pending_discovery,广西 技术交易所 技术产权交易 科技成果交易 官方 国资委 数据局 科技厅,,逐省扩展发现，包含主要市级交易机构；不能用一家机构代表该省全部覆盖
property_exchange-46,海南,460000,海南,province,property_exchange,pending_discovery,海南 产权交易所 产权交易中心 官方 国资委 数据局 科技厅,,逐省扩展发现，包含主要市级交易机构；不能用一家机构代表该省全部覆盖
data_exchange-46,海南,460000,海南,province,data_exchange,pending_discovery,海南 数据交易所 数据交易中心 官方 国资委 数据局 科技厅,,逐省扩展发现，包含主要市级交易机构；不能用一家机构代表该省全部覆盖
technology_exchange-46,海南,460000,海南,province,technology_exchange,pending_discovery,海南 技术交易所 技术产权交易 科技成果交易 官方 国资委 数据局 科技厅,,逐省扩展发现，包含主要市级交易机构；不能用一家机构代表该省全部覆盖
property_exchange-50,重庆,500000,重庆,province,property_exchange,pending_discovery,重庆 产权交易所 产权交易中心 官方 国资委 数据局 科技厅,,逐省扩展发现，包含主要市级交易机构；不能用一家机构代表该省全部覆盖
data_exchange-50,重庆,500000,重庆,province,data_exchange,pending_discovery,重庆 数据交易所 数据交易中心 官方 国资委 数据局 科技厅,,逐省扩展发现，包含主要市级交易机构；不能用一家机构代表该省全部覆盖
technology_exchange-50,重庆,500000,重庆,province,technology_exchange,pending_discovery,重庆 技术交易所 技术产权交易 科技成果交易 官方 国资委 数据局 科技厅,,逐省扩展发现，包含主要市级交易机构；不能用一家机构代表该省全部覆盖
property_exchange-51,四川,510000,四川,province,property_exchange,pending_discovery,四川 产权交易所 产权交易中心 官方 国资委 数据局 科技厅,,逐省扩展发现，包含主要市级交易机构；不能用一家机构代表该省全部覆盖
data_exchange-51,四川,510000,四川,province,data_exchange,pending_discovery,四川 数据交易所 数据交易中心 官方 国资委 数据局 科技厅,,逐省扩展发现，包含主要市级交易机构；不能用一家机构代表该省全部覆盖
technology_exchange-51,四川,510000,四川,province,technology_exchange,pending_discovery,四川 技术交易所 技术产权交易 科技成果交易 官方 国资委 数据局 科技厅,,逐省扩展发现，包含主要市级交易机构；不能用一家机构代表该省全部覆盖
property_exchange-52,贵州,520000,贵州,province,property_exchange,pending_discovery,贵州 产权交易所 产权交易中心 官方 国资委 数据局 科技厅,,逐省扩展发现，包含主要市级交易机构；不能用一家机构代表该省全部覆盖
data_exchange-52,贵州,520000,贵州,province,data_exchange,pending_discovery,贵州 数据交易所 数据交易中心 官方 国资委 数据局 科技厅,,逐省扩展发现，包含主要市级交易机构；不能用一家机构代表该省全部覆盖
technology_exchange-52,贵州,520000,贵州,province,technology_exchange,pending_discovery,贵州 技术交易所 技术产权交易 科技成果交易 官方 国资委 数据局 科技厅,,逐省扩展发现，包含主要市级交易机构；不能用一家机构代表该省全部覆盖
property_exchange-53,云南,530000,云南,province,property_exchange,pending_discovery,云南 产权交易所 产权交易中心 官方 国资委 数据局 科技厅,,逐省扩展发现，包含主要市级交易机构；不能用一家机构代表该省全部覆盖
data_exchange-53,云南,530000,云南,province,data_exchange,pending_discovery,云南 数据交易所 数据交易中心 官方 国资委 数据局 科技厅,,逐省扩展发现，包含主要市级交易机构；不能用一家机构代表该省全部覆盖
technology_exchange-53,云南,530000,云南,province,technology_exchange,pending_discovery,云南 技术交易所 技术产权交易 科技成果交易 官方 国资委 数据局 科技厅,,逐省扩展发现，包含主要市级交易机构；不能用一家机构代表该省全部覆盖
property_exchange-54,西藏,540000,西藏,province,property_exchange,pending_discovery,西藏 产权交易所 产权交易中心 官方 国资委 数据局 科技厅,,逐省扩展发现，包含主要市级交易机构；不能用一家机构代表该省全部覆盖
data_exchange-54,西藏,540000,西藏,province,data_exchange,pending_discovery,西藏 数据交易所 数据交易中心 官方 国资委 数据局 科技厅,,逐省扩展发现，包含主要市级交易机构；不能用一家机构代表该省全部覆盖
technology_exchange-54,西藏,540000,西藏,province,technology_exchange,pending_discovery,西藏 技术交易所 技术产权交易 科技成果交易 官方 国资委 数据局 科技厅,,逐省扩展发现，包含主要市级交易机构；不能用一家机构代表该省全部覆盖
property_exchange-61,陕西,610000,陕西,province,property_exchange,pending_discovery,陕西 产权交易所 产权交易中心 官方 国资委 数据局 科技厅,,逐省扩展发现，包含主要市级交易机构；不能用一家机构代表该省全部覆盖
data_exchange-61,陕西,610000,陕西,province,data_exchange,pending_discovery,陕西 数据交易所 数据交易中心 官方 国资委 数据局 科技厅,,逐省扩展发现，包含主要市级交易机构；不能用一家机构代表该省全部覆盖
technology_exchange-61,陕西,610000,陕西,province,technology_exchange,pending_discovery,陕西 技术交易所 技术产权交易 科技成果交易 官方 国资委 数据局 科技厅,,逐省扩展发现，包含主要市级交易机构；不能用一家机构代表该省全部覆盖
property_exchange-62,甘肃,620000,甘肃,province,property_exchange,pending_discovery,甘肃 产权交易所 产权交易中心 官方 国资委 数据局 科技厅,,逐省扩展发现，包含主要市级交易机构；不能用一家机构代表该省全部覆盖
data_exchange-62,甘肃,620000,甘肃,province,data_exchange,pending_discovery,甘肃 数据交易所 数据交易中心 官方 国资委 数据局 科技厅,,逐省扩展发现，包含主要市级交易机构；不能用一家机构代表该省全部覆盖
technology_exchange-62,甘肃,620000,甘肃,province,technology_exchange,pending_discovery,甘肃 技术交易所 技术产权交易 科技成果交易 官方 国资委 数据局 科技厅,,逐省扩展发现，包含主要市级交易机构；不能用一家机构代表该省全部覆盖
property_exchange-63,青海,630000,青海,province,property_exchange,pending_discovery,青海 产权交易所 产权交易中心 官方 国资委 数据局 科技厅,,逐省扩展发现，包含主要市级交易机构；不能用一家机构代表该省全部覆盖
data_exchange-63,青海,630000,青海,province,data_exchange,pending_discovery,青海 数据交易所 数据交易中心 官方 国资委 数据局 科技厅,,逐省扩展发现，包含主要市级交易机构；不能用一家机构代表该省全部覆盖
technology_exchange-63,青海,630000,青海,province,technology_exchange,pending_discovery,青海 技术交易所 技术产权交易 科技成果交易 官方 国资委 数据局 科技厅,,逐省扩展发现，包含主要市级交易机构；不能用一家机构代表该省全部覆盖
property_exchange-64,宁夏,640000,宁夏,province,property_exchange,pending_discovery,宁夏 产权交易所 产权交易中心 官方 国资委 数据局 科技厅,,逐省扩展发现，包含主要市级交易机构；不能用一家机构代表该省全部覆盖
data_exchange-64,宁夏,640000,宁夏,province,data_exchange,pending_discovery,宁夏 数据交易所 数据交易中心 官方 国资委 数据局 科技厅,,逐省扩展发现，包含主要市级交易机构；不能用一家机构代表该省全部覆盖
technology_exchange-64,宁夏,640000,宁夏,province,technology_exchange,pending_discovery,宁夏 技术交易所 技术产权交易 科技成果交易 官方 国资委 数据局 科技厅,,逐省扩展发现，包含主要市级交易机构；不能用一家机构代表该省全部覆盖
property_exchange-65,新疆,650000,新疆,province,property_exchange,pending_discovery,新疆 产权交易所 产权交易中心 官方 国资委 数据局 科技厅,,逐省扩展发现，包含主要市级交易机构；不能用一家机构代表该省全部覆盖
data_exchange-65,新疆,650000,新疆,province,data_exchange,pending_discovery,新疆 数据交易所 数据交易中心 官方 国资委 数据局 科技厅,,逐省扩展发现，包含主要市级交易机构；不能用一家机构代表该省全部覆盖
technology_exchange-65,新疆,650000,新疆,province,technology_exchange,pending_discovery,新疆 技术交易所 技术产权交易 科技成果交易 官方 国资委 数据局 科技厅,,逐省扩展发现，包含主要市级交易机构；不能用一家机构代表该省全部覆盖
